security_id,theme_id,confidence,rationale,source,inherited
2330,SEMI_FOUNDRY,0.75,primary mapping to SEMI_FOUNDRY (晶圓代工),v2-tax-2 research mapping; company primary business lines plus TW listed-code industry coverage,False
2330,SEMI,0.75,inherited from SEMI_FOUNDRY,v2-tax-2 research mapping; company primary business lines plus TW listed-code industry coverage,True
2303,SEMI_FOUNDRY,0.75,primary mapping to SEMI_FOUNDRY (晶圓代工),v2-tax-2 research mapping; company primary business lines plus TW listed-code industry coverage,False
2303,SEMI,0.75,inherited from SEMI_FOUNDRY,v2-tax-2 research mapping; company primary business lines plus TW listed-code industry coverage,True
5347,SEMI_FOUNDRY,0.75,primary mapping to SEMI_FOUNDRY (晶圓代工),v2-tax-2 research mapping; company primary business lines plus TW listed-code industry coverage,False
5347,SEMI,0.75,inherited from SEMI_FOUNDRY,v2-tax-2 research mapping; company primary business lines plus TW listed-code industry coverage,True
6770,SEMI_FOUNDRY,0.75,primary mapping to SEMI_FOUNDRY (晶圓代工),v2-tax-2 research mapping; company primary business lines plus TW listed-code industry coverage,False
6770,SEMI,0.75,inherited from SEMI_FOUNDRY,v2-tax-2 research mapping; company primary business lines plus TW listed-code industry coverage,True
2330,SEMI_COWOS,0.7,primary mapping to SEMI_COWOS (CoWoS),v2-tax-2 research mapping; company primary business lines plus TW listed-code industry coverage,False
3711,SEMI_COWOS,0.7,primary mapping to SEMI_COWOS (CoWoS),v2-tax-2 research mapping; company primary business lines plus TW listed-code industry coverage,False
3711,SEMI_FOUNDRY,0.7,inherited from SEMI_COWOS,v2-tax-2 research mapping; company primary business lines plus TW listed-code industry coverage,True
3711,SEMI,0.7,inherited from SEMI_COWOS,v2-tax-2 research mapping; company primary business lines plus TW listed-code industry coverage,True
3037,SEMI_COWOS,0.7,primary mapping to SEMI_COWOS (CoWoS),v2-tax-2 research mapping; company primary business lines plus TW listed-code industry coverage,False
3037,SEMI_FOUNDRY,0.7,inherited from SEMI_COWOS,v2-tax-2 research mapping; company primary business lines plus TW listed-code industry coverage,True
3037,SEMI,0.7,inherited from SEMI_COWOS,v2-tax-2 research mapping; company primary business lines plus TW listed-code industry coverage,True
3653,SEMI_COWOS,0.7,primary mapping to SEMI_COWOS (CoWoS),v2-tax-2 research mapping; company primary business lines plus TW listed-code industry coverage,False
3653,SEMI_FOUNDRY,0.7,inherited from SEMI_COWOS,v2-tax-2 research mapping; company primary business lines plus TW listed-code industry coverage,True
3653,SEMI,0.7,inherited from SEMI_COWOS,v2-tax-2 research mapping; company primary business lines plus TW listed-code industry coverage,True
3189,SEMI_COWOS,0.7,primary mapping to SEMI_COWOS (CoWoS),v2-tax-2 research mapping; company primary business lines plus TW listed-code industry coverage,False
3189,SEMI_FOUNDRY,0.7,inherited from SEMI_COWOS,v2-tax-2 research mapping; company primary business lines plus TW listed-code industry coverage,True
3189,SEMI,0.7,inherited from SEMI_COWOS,v2-tax-2 research mapping; company primary business lines plus TW listed-code industry coverage,True
2454,SEMI_IC_DESIGN,0.75,primary mapping to SEMI_IC_DESIGN (IC設計),v2-tax-2 research mapping; company primary business lines plus TW listed-code industry coverage,False
2454,SEMI,0.75,inherited from SEMI_IC_DESIGN,v2-tax-2 research mapping; company primary business lines plus TW listed-code industry coverage,True
3034,SEMI_IC_DESIGN,0.75,primary mapping to SEMI_IC_DESIGN (IC設計),v2-tax-2 research mapping; company primary business lines plus TW listed-code industry coverage,False
3034,SEMI,0.75,inherited from SEMI_IC_DESIGN,v2-tax-2 research mapping; company primary business lines plus TW listed-code industry coverage,True
2379,SEMI_IC_DESIGN,0.75,primary mapping to SEMI_IC_DESIGN (IC設計),v2-tax-2 research mapping; company primary business lines plus TW listed-code industry coverage,False
2379,SEMI,0.75,inherited from SEMI_IC_DESIGN,v2-tax-2 research mapping; company primary business lines plus TW listed-code industry coverage,True
6415,SEMI_IC_DESIGN,0.75,primary mapping to SEMI_IC_DESIGN (IC設計),v2-tax-2 research mapping; company primary business lines plus TW listed-code industry coverage,False
6415,SEMI,0.75,inherited from SEMI_IC_DESIGN,v2-tax-2 research mapping; company primary business lines plus TW listed-code industry coverage,True
4961,SEMI_IC_DESIGN,0.75,primary mapping to SEMI_IC_DESIGN (IC設計),v2-tax-2 research mapping; company primary business lines plus TW listed-code industry coverage,False
4961,SEMI,0.75,inherited from SEMI_IC_DESIGN,v2-tax-2 research mapping; company primary business lines plus TW listed-code industry coverage,True
3529,SEMI_IC_DESIGN,0.75,primary mapping to SEMI_IC_DESIGN (IC設計),v2-tax-2 research mapping; company primary business lines plus TW listed-code industry coverage,False
3529,SEMI,0.75,inherited from SEMI_IC_DESIGN,v2-tax-2 research mapping; company primary business lines plus TW listed-code industry coverage,True
8016,SEMI_IC_DESIGN,0.75,primary mapping to SEMI_IC_DESIGN (IC設計),v2-tax-2 research mapping; company primary business lines plus TW listed-code industry coverage,False
8016,SEMI,0.75,inherited from SEMI_IC_DESIGN,v2-tax-2 research mapping; company primary business lines plus TW listed-code industry coverage,True
5269,SEMI_IC_DESIGN,0.75,primary mapping to SEMI_IC_DESIGN (IC設計),v2-tax-2 research mapping; company primary business lines plus TW listed-code industry coverage,False
5269,SEMI,0.75,inherited from SEMI_IC_DESIGN,v2-tax-2 research mapping; company primary business lines plus TW listed-code industry coverage,True
3443,SEMI_IC_DESIGN,0.75,primary mapping to SEMI_IC_DESIGN (IC設計),v2-tax-2 research mapping; company primary business lines plus TW listed-code industry coverage,False
3443,SEMI,0.75,inherited from SEMI_IC_DESIGN,v2-tax-2 research mapping; company primary business lines plus TW listed-code industry coverage,True
6643,SEMI_IC_DESIGN,0.75,primary mapping to SEMI_IC_DESIGN (IC設計),v2-tax-2 research mapping; company primary business lines plus TW listed-code industry coverage,False
6643,SEMI,0.75,inherited from SEMI_IC_DESIGN,v2-tax-2 research mapping; company primary business lines plus TW listed-code industry coverage,True
4919,SEMI_IC_DESIGN,0.75,primary mapping to SEMI_IC_DESIGN (IC設計),v2-tax-2 research mapping; company primary business lines plus TW listed-code industry coverage,False
4919,SEMI,0.75,inherited from SEMI_IC_DESIGN,v2-tax-2 research mapping; company primary business lines plus TW listed-code industry coverage,True
3035,SEMI_IC_DESIGN,0.75,primary mapping to SEMI_IC_DESIGN (IC設計),v2-tax-2 research mapping; company primary business lines plus TW listed-code industry coverage,False
3035,SEMI,0.75,inherited from SEMI_IC_DESIGN,v2-tax-2 research mapping; company primary business lines plus TW listed-code industry coverage,True
2401,SEMI_IC_DESIGN,0.75,primary mapping to SEMI_IC_DESIGN (IC設計),v2-tax-2 research mapping; company primary business lines plus TW listed-code industry coverage,False
2401,SEMI,0.75,inherited from SEMI_IC_DESIGN,v2-tax-2 research mapping; company primary business lines plus TW listed-code industry coverage,True
4968,SEMI_IC_DESIGN,0.75,primary mapping to SEMI_IC_DESIGN (IC設計),v2-tax-2 research mapping; company primary business lines plus TW listed-code industry coverage,False
4968,SEMI,0.75,inherited from SEMI_IC_DESIGN,v2-tax-2 research mapping; company primary business lines plus TW listed-code industry coverage,True
2454,SEMI_ANALOG,0.75,primary mapping to SEMI_ANALOG (類比IC),v2-tax-2 research mapping; company primary business lines plus TW listed-code industry coverage,False
6415,SEMI_ANALOG,0.75,primary mapping to SEMI_ANALOG (類比IC),v2-tax-2 research mapping; company primary business lines plus TW listed-code industry coverage,False
8081,SEMI_ANALOG,0.75,primary mapping to SEMI_ANALOG (類比IC),v2-tax-2 research mapping; company primary business lines plus TW listed-code industry coverage,False
8081,SEMI_IC_DESIGN,0.75,inherited from SEMI_ANALOG,v2-tax-2 research mapping; company primary business lines plus TW listed-code industry coverage,True
8081,SEMI,0.75,inherited from SEMI_ANALOG,v2-tax-2 research mapping; company primary business lines plus TW listed-code industry coverage,True
3227,SEMI_ANALOG,0.75,primary mapping to SEMI_ANALOG (類比IC),v2-tax-2 research mapping; company primary business lines plus TW listed-code industry coverage,False
3227,SEMI_IC_DESIGN,0.75,inherited from SEMI_ANALOG,v2-tax-2 research mapping; company primary business lines plus TW listed-code industry coverage,True
3227,SEMI,0.75,inherited from SEMI_ANALOG,v2-tax-2 research mapping; company primary business lines plus TW listed-code industry coverage,True
3437,SEMI_ANALOG,0.75,primary mapping to SEMI_ANALOG (類比IC),v2-tax-2 research mapping; company primary business lines plus TW listed-code industry coverage,False
3437,SEMI_IC_DESIGN,0.75,inherited from SEMI_ANALOG,v2-tax-2 research mapping; company primary business lines plus TW listed-code industry coverage,True
3437,SEMI,0.75,inherited from SEMI_ANALOG,v2-tax-2 research mapping; company primary business lines plus TW listed-code industry coverage,True
3558,SEMI_ANALOG,0.75,primary mapping to SEMI_ANALOG (類比IC),v2-tax-2 research mapping; company primary business lines plus TW listed-code industry coverage,False
3558,SEMI_IC_DESIGN,0.75,inherited from SEMI_ANALOG,v2-tax-2 research mapping; company primary business lines plus TW listed-code industry coverage,True
3558,SEMI,0.75,inherited from SEMI_ANALOG,v2-tax-2 research mapping; company primary business lines plus TW listed-code industry coverage,True
4919,SEMI_MCU,0.75,primary mapping to SEMI_MCU (MCU),v2-tax-2 research mapping; company primary business lines plus TW listed-code industry coverage,False
2454,SEMI_MCU,0.75,primary mapping to SEMI_MCU (MCU),v2-tax-2 research mapping; company primary business lines plus TW listed-code industry coverage,False
3227,SEMI_MCU,0.75,primary mapping to SEMI_MCU (MCU),v2-tax-2 research mapping; company primary business lines plus TW listed-code industry coverage,False
6202,SEMI_MCU,0.75,primary mapping to SEMI_MCU (MCU),v2-tax-2 research mapping; company primary business lines plus TW listed-code industry coverage,False
6202,SEMI_IC_DESIGN,0.75,inherited from SEMI_MCU,v2-tax-2 research mapping; company primary business lines plus TW listed-code industry coverage,True
6202,SEMI,0.75,inherited from SEMI_MCU,v2-tax-2 research mapping; company primary business lines plus TW listed-code industry coverage,True
3041,SEMI_MCU,0.75,primary mapping to SEMI_MCU (MCU),v2-tax-2 research mapping; company primary business lines plus TW listed-code industry coverage,False
3041,SEMI_IC_DESIGN,0.75,inherited from SEMI_MCU,v2-tax-2 research mapping; company primary business lines plus TW listed-code industry coverage,True
3041,SEMI,0.75,inherited from SEMI_MCU,v2-tax-2 research mapping; company primary business lines plus TW listed-code industry coverage,True
2379,SEMI_RF,0.75,primary mapping to SEMI_RF (射頻IC),v2-tax-2 research mapping; company primary business lines plus TW listed-code industry coverage,False
4968,SEMI_RF,0.75,primary mapping to SEMI_RF (射頻IC),v2-tax-2 research mapping; company primary business lines plus TW listed-code industry coverage,False
3105,SEMI_RF,0.75,primary mapping to SEMI_RF (射頻IC),v2-tax-2 research mapping; company primary business lines plus TW listed-code industry coverage,False
3105,SEMI_IC_DESIGN,0.75,inherited from SEMI_RF,v2-tax-2 research mapping; company primary business lines plus TW listed-code industry coverage,True
3105,SEMI,0.75,inherited from SEMI_RF,v2-tax-2 research mapping; company primary business lines plus TW listed-code industry coverage,True
2455,SEMI_RF,0.75,primary mapping to SEMI_RF (射頻IC),v2-tax-2 research mapping; company primary business lines plus TW listed-code industry coverage,False
2455,SEMI_IC_DESIGN,0.75,inherited from SEMI_RF,v2-tax-2 research mapping; company primary business lines plus TW listed-code industry coverage,True
2455,SEMI,0.75,inherited from SEMI_RF,v2-tax-2 research mapping; company primary business lines plus TW listed-code industry coverage,True
5347,SEMI_RF,0.75,primary mapping to SEMI_RF (射頻IC),v2-tax-2 research mapping; company primary business lines plus TW listed-code industry coverage,False
5347,SEMI_IC_DESIGN,0.75,inherited from SEMI_RF,v2-tax-2 research mapping; company primary business lines plus TW listed-code industry coverage,True
3711,SEMI_PACKAGING,0.75,primary mapping to SEMI_PACKAGING (封裝測試),v2-tax-2 research mapping; company primary business lines plus TW listed-code industry coverage,False
6239,SEMI_PACKAGING,0.75,primary mapping to SEMI_PACKAGING (封裝測試),v2-tax-2 research mapping; company primary business lines plus TW listed-code industry coverage,False
6239,SEMI,0.75,inherited from SEMI_PACKAGING,v2-tax-2 research mapping; company primary business lines plus TW listed-code industry coverage,True
2329,SEMI_PACKAGING,0.75,primary mapping to SEMI_PACKAGING (封裝測試),v2-tax-2 research mapping; company primary business lines plus TW listed-code industry coverage,False
2329,SEMI,0.75,inherited from SEMI_PACKAGING,v2-tax-2 research mapping; company primary business lines plus TW listed-code industry coverage,True
2449,SEMI_PACKAGING,0.75,primary mapping to SEMI_PACKAGING (封裝測試),v2-tax-2 research mapping; company primary business lines plus TW listed-code industry coverage,False
2449,SEMI,0.75,inherited from SEMI_PACKAGING,v2-tax-2 research mapping; company primary business lines plus TW listed-code industry coverage,True
2441,SEMI_PACKAGING,0.75,primary mapping to SEMI_PACKAGING (封裝測試),v2-tax-2 research mapping; company primary business lines plus TW listed-code industry coverage,False
2441,SEMI,0.75,inherited from SEMI_PACKAGING,v2-tax-2 research mapping; company primary business lines plus TW listed-code industry coverage,True
3374,SEMI_PACKAGING,0.75,primary mapping to SEMI_PACKAGING (封裝測試),v2-tax-2 research mapping; company primary business lines plus TW listed-code industry coverage,False
3374,SEMI,0.75,inherited from SEMI_PACKAGING,v2-tax-2 research mapping; company primary business lines plus TW listed-code industry coverage,True
3264,SEMI_PACKAGING,0.75,primary mapping to SEMI_PACKAGING (封裝測試),v2-tax-2 research mapping; company primary business lines plus TW listed-code industry coverage,False
3264,SEMI,0.75,inherited from SEMI_PACKAGING,v2-tax-2 research mapping; company primary business lines plus TW listed-code industry coverage,True
3711,SEMI_ADV_PACK,0.75,primary mapping to SEMI_ADV_PACK (先進封裝),v2-tax-2 research mapping; company primary business lines plus TW listed-code industry coverage,False
6239,SEMI_ADV_PACK,0.75,primary mapping to SEMI_ADV_PACK (先進封裝),v2-tax-2 research mapping; company primary business lines plus TW listed-code industry coverage,False
3653,SEMI_ADV_PACK,0.75,primary mapping to SEMI_ADV_PACK (先進封裝),v2-tax-2 research mapping; company primary business lines plus TW listed-code industry coverage,False
3653,SEMI_PACKAGING,0.75,inherited from SEMI_ADV_PACK,v2-tax-2 research mapping; company primary business lines plus TW listed-code industry coverage,True
2330,SEMI_ADV_PACK,0.75,primary mapping to SEMI_ADV_PACK (先進封裝),v2-tax-2 research mapping; company primary business lines plus TW listed-code industry coverage,False
2330,SEMI_PACKAGING,0.75,inherited from SEMI_ADV_PACK,v2-tax-2 research mapping; company primary business lines plus TW listed-code industry coverage,True
3189,SEMI_ADV_PACK,0.75,primary mapping to SEMI_ADV_PACK (先進封裝),v2-tax-2 research mapping; company primary business lines plus TW listed-code industry coverage,False
3189,SEMI_PACKAGING,0.75,inherited from SEMI_ADV_PACK,v2-tax-2 research mapping; company primary business lines plus TW listed-code industry coverage,True
3037,SEMI_ABF,0.7,primary mapping to SEMI_ABF (ABF載板),v2-tax-2 research mapping; company primary business lines plus TW listed-code industry coverage,False
3037,SEMI_PACKAGING,0.7,inherited from SEMI_ABF,v2-tax-2 research mapping; company primary business lines plus TW listed-code industry coverage,True
8046,SEMI_ABF,0.7,primary mapping to SEMI_ABF (ABF載板),v2-tax-2 research mapping; company primary business lines plus TW listed-code industry coverage,False
8046,SEMI_PACKAGING,0.7,inherited from SEMI_ABF,v2-tax-2 research mapping; company primary business lines plus TW listed-code industry coverage,True
8046,SEMI,0.7,inherited from SEMI_ABF,v2-tax-2 research mapping; company primary business lines plus TW listed-code industry coverage,True
3189,SEMI_ABF,0.7,primary mapping to SEMI_ABF (ABF載板),v2-tax-2 research mapping; company primary business lines plus TW listed-code industry coverage,False
2368,SEMI_ABF,0.7,primary mapping to SEMI_ABF (ABF載板),v2-tax-2 research mapping; company primary business lines plus TW listed-code industry coverage,False
2368,SEMI_PACKAGING,0.7,inherited from SEMI_ABF,v2-tax-2 research mapping; company primary business lines plus TW listed-code industry coverage,True
2368,SEMI,0.7,inherited from SEMI_ABF,v2-tax-2 research mapping; company primary business lines plus TW listed-code industry coverage,True
2449,SEMI_TEST,0.75,primary mapping to SEMI_TEST (測試與探針),v2-tax-2 research mapping; company primary business lines plus TW listed-code industry coverage,False
6510,SEMI_TEST,0.75,primary mapping to SEMI_TEST (測試與探針),v2-tax-2 research mapping; company primary business lines plus TW listed-code industry coverage,False
6510,SEMI_PACKAGING,0.75,inherited from SEMI_TEST,v2-tax-2 research mapping; company primary business lines plus TW listed-code industry coverage,True
6510,SEMI,0.75,inherited from SEMI_TEST,v2-tax-2 research mapping; company primary business lines plus TW listed-code industry coverage,True
3264,SEMI_TEST,0.75,primary mapping to SEMI_TEST (測試與探針),v2-tax-2 research mapping; company primary business lines plus TW listed-code industry coverage,False
3374,SEMI_TEST,0.75,primary mapping to SEMI_TEST (測試與探針),v2-tax-2 research mapping; company primary business lines plus TW listed-code industry coverage,False
3680,SEMI_TEST,0.75,primary mapping to SEMI_TEST (測試與探針),v2-tax-2 research mapping; company primary business lines plus TW listed-code industry coverage,False
3680,SEMI_PACKAGING,0.75,inherited from SEMI_TEST,v2-tax-2 research mapping; company primary business lines plus TW listed-code industry coverage,True
3680,SEMI,0.75,inherited from SEMI_TEST,v2-tax-2 research mapping; company primary business lines plus TW listed-code industry coverage,True
2408,SEMI_MEMORY,0.75,primary mapping to SEMI_MEMORY (記憶體),v2-tax-2 research mapping; company primary business lines plus TW listed-code industry coverage,False
2408,SEMI,0.75,inherited from SEMI_MEMORY,v2-tax-2 research mapping; company primary business lines plus TW listed-code industry coverage,True
2344,SEMI_MEMORY,0.75,primary mapping to SEMI_MEMORY (記憶體),v2-tax-2 research mapping; company primary business lines plus TW listed-code industry coverage,False
2344,SEMI,0.75,inherited from SEMI_MEMORY,v2-tax-2 research mapping; company primary business lines plus TW listed-code industry coverage,True
2337,SEMI_MEMORY,0.75,primary mapping to SEMI_MEMORY (記憶體),v2-tax-2 research mapping; company primary business lines plus TW listed-code industry coverage,False
2337,SEMI,0.75,inherited from SEMI_MEMORY,v2-tax-2 research mapping; company primary business lines plus TW listed-code industry coverage,True
8299,SEMI_MEMORY,0.75,primary mapping to SEMI_MEMORY (記憶體),v2-tax-2 research mapping; company primary business lines plus TW listed-code industry coverage,False
8299,SEMI,0.75,inherited from SEMI_MEMORY,v2-tax-2 research mapping; company primary business lines plus TW listed-code industry coverage,True
3260,SEMI_MEMORY,0.75,primary mapping to SEMI_MEMORY (記憶體),v2-tax-2 research mapping; company primary business lines plus TW listed-code industry coverage,False
3260,SEMI,0.75,inherited from SEMI_MEMORY,v2-tax-2 research mapping; company primary business lines plus TW listed-code industry coverage,True
8271,SEMI_MEMORY,0.75,primary mapping to SEMI_MEMORY (記憶體),v2-tax-2 research mapping; company primary business lines plus TW listed-code industry coverage,False
8271,SEMI,0.75,inherited from SEMI_MEMORY,v2-tax-2 research mapping; company primary business lines plus TW listed-code industry coverage,True
6531,SEMI_MEMORY,0.75,primary mapping to SEMI_MEMORY (記憶體),v2-tax-2 research mapping; company primary business lines plus TW listed-code industry coverage,False
6531,SEMI,0.75,inherited from SEMI_MEMORY,v2-tax-2 research mapping; company primary business lines plus TW listed-code industry coverage,True
4967,SEMI_MEMORY,0.75,primary mapping to SEMI_MEMORY (記憶體),v2-tax-2 research mapping; company primary business lines plus TW listed-code industry coverage,False
4967,SEMI,0.75,inherited from SEMI_MEMORY,v2-tax-2 research mapping; company primary business lines plus TW listed-code industry coverage,True
2408,SEMI_DRAM,0.75,primary mapping to SEMI_DRAM (DRAM),v2-tax-2 research mapping; company primary business lines plus TW listed-code industry coverage,False
2344,SEMI_DRAM,0.75,primary mapping to SEMI_DRAM (DRAM),v2-tax-2 research mapping; company primary business lines plus TW listed-code industry coverage,False
3260,SEMI_DRAM,0.75,primary mapping to SEMI_DRAM (DRAM),v2-tax-2 research mapping; company primary business lines plus TW listed-code industry coverage,False
8271,SEMI_DRAM,0.75,primary mapping to SEMI_DRAM (DRAM),v2-tax-2 research mapping; company primary business lines plus TW listed-code industry coverage,False
2337,SEMI_NAND,0.75,primary mapping to SEMI_NAND (NAND),v2-tax-2 research mapping; company primary business lines plus TW listed-code industry coverage,False
8299,SEMI_NAND,0.75,primary mapping to SEMI_NAND (NAND),v2-tax-2 research mapping; company primary business lines plus TW listed-code industry coverage,False
2344,SEMI_NAND,0.75,primary mapping to SEMI_NAND (NAND),v2-tax-2 research mapping; company primary business lines plus TW listed-code industry coverage,False
3260,SEMI_NAND,0.75,primary mapping to SEMI_NAND (NAND),v2-tax-2 research mapping; company primary business lines plus TW listed-code industry coverage,False
2454,SEMI_HBM,0.7,primary mapping to SEMI_HBM (HBM),v2-tax-2 research mapping; company primary business lines plus TW listed-code industry coverage,False
2454,SEMI_MEMORY,0.7,inherited from SEMI_HBM,v2-tax-2 research mapping; company primary business lines plus TW listed-code industry coverage,True
2330,SEMI_HBM,0.7,primary mapping to SEMI_HBM (HBM),v2-tax-2 research mapping; company primary business lines plus TW listed-code industry coverage,False
2330,SEMI_MEMORY,0.7,inherited from SEMI_HBM,v2-tax-2 research mapping; company primary business lines plus TW listed-code industry coverage,True
6531,SEMI_HBM,0.7,primary mapping to SEMI_HBM (HBM),v2-tax-2 research mapping; company primary business lines plus TW listed-code industry coverage,False
2408,SEMI_HBM,0.7,primary mapping to SEMI_HBM (HBM),v2-tax-2 research mapping; company primary business lines plus TW listed-code industry coverage,False
6488,SEMI_WAFER,0.75,primary mapping to SEMI_WAFER (矽晶圓),v2-tax-2 research mapping; company primary business lines plus TW listed-code industry coverage,False
6488,SEMI,0.75,inherited from SEMI_WAFER,v2-tax-2 research mapping; company primary business lines plus TW listed-code industry coverage,True
5483,SEMI_WAFER,0.75,primary mapping to SEMI_WAFER (矽晶圓),v2-tax-2 research mapping; company primary business lines plus TW listed-code industry coverage,False
5483,SEMI,0.75,inherited from SEMI_WAFER,v2-tax-2 research mapping; company primary business lines plus TW listed-code industry coverage,True
3532,SEMI_WAFER,0.75,primary mapping to SEMI_WAFER (矽晶圓),v2-tax-2 research mapping; company primary business lines plus TW listed-code industry coverage,False
3532,SEMI,0.75,inherited from SEMI_WAFER,v2-tax-2 research mapping; company primary business lines plus TW listed-code industry coverage,True
3016,SEMI_WAFER,0.75,primary mapping to SEMI_WAFER (矽晶圓),v2-tax-2 research mapping; company primary business lines plus TW listed-code industry coverage,False
3016,SEMI,0.75,inherited from SEMI_WAFER,v2-tax-2 research mapping; company primary business lines plus TW listed-code industry coverage,True
6182,SEMI_WAFER,0.75,primary mapping to SEMI_WAFER (矽晶圓),v2-tax-2 research mapping; company primary business lines plus TW listed-code industry coverage,False
6182,SEMI,0.75,inherited from SEMI_WAFER,v2-tax-2 research mapping; company primary business lines plus TW listed-code industry coverage,True
3686,SEMI_WAFER,0.75,primary mapping to SEMI_WAFER (矽晶圓),v2-tax-2 research mapping; company primary business lines plus TW listed-code industry coverage,False
3686,SEMI,0.75,inherited from SEMI_WAFER,v2-tax-2 research mapping; company primary business lines plus TW listed-code industry coverage,True
6196,SEMI_EQUIP,0.75,primary mapping to SEMI_EQUIP (半導體設備),v2-tax-2 research mapping; company primary business lines plus TW listed-code industry coverage,False
6196,SEMI,0.75,inherited from SEMI_EQUIP,v2-tax-2 research mapping; company primary business lines plus TW listed-code industry coverage,True
3680,SEMI_EQUIP,0.75,primary mapping to SEMI_EQUIP (半導體設備),v2-tax-2 research mapping; company primary business lines plus TW listed-code industry coverage,False
3131,SEMI_EQUIP,0.75,primary mapping to SEMI_EQUIP (半導體設備),v2-tax-2 research mapping; company primary business lines plus TW listed-code industry coverage,False
3131,SEMI,0.75,inherited from SEMI_EQUIP,v2-tax-2 research mapping; company primary business lines plus TW listed-code industry coverage,True
3583,SEMI_EQUIP,0.75,primary mapping to SEMI_EQUIP (半導體設備),v2-tax-2 research mapping; company primary business lines plus TW listed-code industry coverage,False
3583,SEMI,0.75,inherited from SEMI_EQUIP,v2-tax-2 research mapping; company primary business lines plus TW listed-code industry coverage,True
3563,SEMI_EQUIP,0.75,primary mapping to SEMI_EQUIP (半導體設備),v2-tax-2 research mapping; company primary business lines plus TW listed-code industry coverage,False
3563,SEMI,0.75,inherited from SEMI_EQUIP,v2-tax-2 research mapping; company primary business lines plus TW listed-code industry coverage,True
5434,SEMI_EQUIP,0.75,primary mapping to SEMI_EQUIP (半導體設備),v2-tax-2 research mapping; company primary business lines plus TW listed-code industry coverage,False
5434,SEMI,0.75,inherited from SEMI_EQUIP,v2-tax-2 research mapping; company primary business lines plus TW listed-code industry coverage,True
2467,SEMI_EQUIP,0.75,primary mapping to SEMI_EQUIP (半導體設備),v2-tax-2 research mapping; company primary business lines plus TW listed-code industry coverage,False
2467,SEMI,0.75,inherited from SEMI_EQUIP,v2-tax-2 research mapping; company primary business lines plus TW listed-code industry coverage,True
3551,SEMI_EQUIP,0.75,primary mapping to SEMI_EQUIP (半導體設備),v2-tax-2 research mapping; company primary business lines plus TW listed-code industry coverage,False
3551,SEMI,0.75,inherited from SEMI_EQUIP,v2-tax-2 research mapping; company primary business lines plus TW listed-code industry coverage,True
8028,SEMI_EQUIP,0.75,primary mapping to SEMI_EQUIP (半導體設備),v2-tax-2 research mapping; company primary business lines plus TW listed-code industry coverage,False
8028,SEMI,0.75,inherited from SEMI_EQUIP,v2-tax-2 research mapping; company primary business lines plus TW listed-code industry coverage,True
6640,SEMI_EQUIP,0.75,primary mapping to SEMI_EQUIP (半導體設備),v2-tax-2 research mapping; company primary business lines plus TW listed-code industry coverage,False
6640,SEMI,0.75,inherited from SEMI_EQUIP,v2-tax-2 research mapping; company primary business lines plus TW listed-code industry coverage,True
1723,SEMI_MATERIALS,0.75,primary mapping to SEMI_MATERIALS (半導體材料),v2-tax-2 research mapping; company primary business lines plus TW listed-code industry coverage,False
1723,SEMI,0.75,inherited from SEMI_MATERIALS,v2-tax-2 research mapping; company primary business lines plus TW listed-code industry coverage,True
1711,SEMI_MATERIALS,0.75,primary mapping to SEMI_MATERIALS (半導體材料),v2-tax-2 research mapping; company primary business lines plus TW listed-code industry coverage,False
1711,SEMI,0.75,inherited from SEMI_MATERIALS,v2-tax-2 research mapping; company primary business lines plus TW listed-code industry coverage,True
6274,SEMI_MATERIALS,0.75,primary mapping to SEMI_MATERIALS (半導體材料),v2-tax-2 research mapping; company primary business lines plus TW listed-code industry coverage,False
6274,SEMI,0.75,inherited from SEMI_MATERIALS,v2-tax-2 research mapping; company primary business lines plus TW listed-code industry coverage,True
4306,SEMI_MATERIALS,0.75,primary mapping to SEMI_MATERIALS (半導體材料),v2-tax-2 research mapping; company primary business lines plus TW listed-code industry coverage,False
4306,SEMI,0.75,inherited from SEMI_MATERIALS,v2-tax-2 research mapping; company primary business lines plus TW listed-code industry coverage,True
6271,SEMI_MATERIALS,0.75,primary mapping to SEMI_MATERIALS (半導體材料),v2-tax-2 research mapping; company primary business lines plus TW listed-code industry coverage,False
6271,SEMI,0.75,inherited from SEMI_MATERIALS,v2-tax-2 research mapping; company primary business lines plus TW listed-code industry coverage,True
4770,SEMI_MATERIALS,0.75,primary mapping to SEMI_MATERIALS (半導體材料),v2-tax-2 research mapping; company primary business lines plus TW listed-code industry coverage,False
4770,SEMI,0.75,inherited from SEMI_MATERIALS,v2-tax-2 research mapping; company primary business lines plus TW listed-code industry coverage,True
1711,SEMI_CHEM,0.75,primary mapping to SEMI_CHEM (製程化學品),v2-tax-2 research mapping; company primary business lines plus TW listed-code industry coverage,False
1723,SEMI_CHEM,0.75,primary mapping to SEMI_CHEM (製程化學品),v2-tax-2 research mapping; company primary business lines plus TW listed-code industry coverage,False
4306,SEMI_CHEM,0.75,primary mapping to SEMI_CHEM (製程化學品),v2-tax-2 research mapping; company primary business lines plus TW listed-code industry coverage,False
4770,SEMI_CHEM,0.75,primary mapping to SEMI_CHEM (製程化學品),v2-tax-2 research mapping; company primary business lines plus TW listed-code industry coverage,False
1733,SEMI_CHEM,0.75,primary mapping to SEMI_CHEM (製程化學品),v2-tax-2 research mapping; company primary business lines plus TW listed-code industry coverage,False
1733,SEMI_MATERIALS,0.75,inherited from SEMI_CHEM,v2-tax-2 research mapping; company primary business lines plus TW listed-code industry coverage,True
1733,SEMI,0.75,inherited from SEMI_CHEM,v2-tax-2 research mapping; company primary business lines plus TW listed-code industry coverage,True
1723,SEMI_GAS,0.7,primary mapping to SEMI_GAS (特用氣體),v2-tax-2 research mapping; company primary business lines plus TW listed-code industry coverage,False
1708,SEMI_GAS,0.7,primary mapping to SEMI_GAS (特用氣體),v2-tax-2 research mapping; company primary business lines plus TW listed-code industry coverage,False
1708,SEMI_MATERIALS,0.7,inherited from SEMI_GAS,v2-tax-2 research mapping; company primary business lines plus TW listed-code industry coverage,True
1708,SEMI,0.7,inherited from SEMI_GAS,v2-tax-2 research mapping; company primary business lines plus TW listed-code industry coverage,True
4739,SEMI_GAS,0.7,primary mapping to SEMI_GAS (特用氣體),v2-tax-2 research mapping; company primary business lines plus TW listed-code industry coverage,False
4739,SEMI_MATERIALS,0.7,inherited from SEMI_GAS,v2-tax-2 research mapping; company primary business lines plus TW listed-code industry coverage,True
4739,SEMI,0.7,inherited from SEMI_GAS,v2-tax-2 research mapping; company primary business lines plus TW listed-code industry coverage,True
3105,SEMI_COMPOUND,0.75,primary mapping to SEMI_COMPOUND (化合物半導體),v2-tax-2 research mapping; company primary business lines plus TW listed-code industry coverage,False
2455,SEMI_COMPOUND,0.75,primary mapping to SEMI_COMPOUND (化合物半導體),v2-tax-2 research mapping; company primary business lines plus TW listed-code industry coverage,False
8086,SEMI_COMPOUND,0.75,primary mapping to SEMI_COMPOUND (化合物半導體),v2-tax-2 research mapping; company primary business lines plus TW listed-code industry coverage,False
8086,SEMI,0.75,inherited from SEMI_COMPOUND,v2-tax-2 research mapping; company primary business lines plus TW listed-code industry coverage,True
4974,SEMI_COMPOUND,0.75,primary mapping to SEMI_COMPOUND (化合物半導體),v2-tax-2 research mapping; company primary business lines plus TW listed-code industry coverage,False
4974,SEMI,0.75,inherited from SEMI_COMPOUND,v2-tax-2 research mapping; company primary business lines plus TW listed-code industry coverage,True
4991,SEMI_COMPOUND,0.75,primary mapping to SEMI_COMPOUND (化合物半導體),v2-tax-2 research mapping; company primary business lines plus TW listed-code industry coverage,False
4991,SEMI,0.75,inherited from SEMI_COMPOUND,v2-tax-2 research mapping; company primary business lines plus TW listed-code industry coverage,True
2382,AI_SERVER,0.75,primary mapping to AI_SERVER (AI伺服器),v2-tax-2 research mapping; company primary business lines plus TW listed-code industry coverage,False
2382,AI_INFRA,0.75,inherited from AI_SERVER,v2-tax-2 research mapping; company primary business lines plus TW listed-code industry coverage,True
6669,AI_SERVER,0.75,primary mapping to AI_SERVER (AI伺服器),v2-tax-2 research mapping; company primary business lines plus TW listed-code industry coverage,False
6669,AI_INFRA,0.75,inherited from AI_SERVER,v2-tax-2 research mapping; company primary business lines plus TW listed-code industry coverage,True
3231,AI_SERVER,0.75,primary mapping to AI_SERVER (AI伺服器),v2-tax-2 research mapping; company primary business lines plus TW listed-code industry coverage,False
3231,AI_INFRA,0.75,inherited from AI_SERVER,v2-tax-2 research mapping; company primary business lines plus TW listed-code industry coverage,True
2356,AI_SERVER,0.75,primary mapping to AI_SERVER (AI伺服器),v2-tax-2 research mapping; company primary business lines plus TW listed-code industry coverage,False
2356,AI_INFRA,0.75,inherited from AI_SERVER,v2-tax-2 research mapping; company primary business lines plus TW listed-code industry coverage,True
2317,AI_SERVER,0.75,primary mapping to AI_SERVER (AI伺服器),v2-tax-2 research mapping; company primary business lines plus TW listed-code industry coverage,False
2317,AI_INFRA,0.75,inherited from AI_SERVER,v2-tax-2 research mapping; company primary business lines plus TW listed-code industry coverage,True
8210,AI_SERVER,0.75,primary mapping to AI_SERVER (AI伺服器),v2-tax-2 research mapping; company primary business lines plus TW listed-code industry coverage,False
8210,AI_INFRA,0.75,inherited from AI_SERVER,v2-tax-2 research mapping; company primary business lines plus TW listed-code industry coverage,True
3706,AI_SERVER,0.75,primary mapping to AI_SERVER (AI伺服器),v2-tax-2 research mapping; company primary business lines plus TW listed-code industry coverage,False
3706,AI_INFRA,0.75,inherited from AI_SERVER,v2-tax-2 research mapping; company primary business lines plus TW listed-code industry coverage,True
2382,AI_GB200,0.75,primary mapping to AI_GB200 (GB200/GB300供應鏈),v2-tax-2 research mapping; company primary business lines plus TW listed-code industry coverage,False
6669,AI_GB200,0.75,primary mapping to AI_GB200 (GB200/GB300供應鏈),v2-tax-2 research mapping; company primary business lines plus TW listed-code industry coverage,False
3231,AI_GB200,0.75,primary mapping to AI_GB200 (GB200/GB300供應鏈),v2-tax-2 research mapping; company primary business lines plus TW listed-code industry coverage,False
2356,AI_GB200,0.75,primary mapping to AI_GB200 (GB200/GB300供應鏈),v2-tax-2 research mapping; company primary business lines plus TW listed-code industry coverage,False
2317,AI_GB200,0.75,primary mapping to AI_GB200 (GB200/GB300供應鏈),v2-tax-2 research mapping; company primary business lines plus TW listed-code industry coverage,False
3017,AI_GB200,0.75,primary mapping to AI_GB200 (GB200/GB300供應鏈),v2-tax-2 research mapping; company primary business lines plus TW listed-code industry coverage,False
3017,AI_SERVER,0.75,inherited from AI_GB200,v2-tax-2 research mapping; company primary business lines plus TW listed-code industry coverage,True
3017,AI_INFRA,0.75,inherited from AI_GB200,v2-tax-2 research mapping; company primary business lines plus TW listed-code industry coverage,True
3324,AI_GB200,0.75,primary mapping to AI_GB200 (GB200/GB300供應鏈),v2-tax-2 research mapping; company primary business lines plus TW listed-code industry coverage,False
3324,AI_SERVER,0.75,inherited from AI_GB200,v2-tax-2 research mapping; company primary business lines plus TW listed-code industry coverage,True
3324,AI_INFRA,0.75,inherited from AI_GB200,v2-tax-2 research mapping; company primary business lines plus TW listed-code industry coverage,True
3653,AI_GB200,0.75,primary mapping to AI_GB200 (GB200/GB300供應鏈),v2-tax-2 research mapping; company primary business lines plus TW listed-code industry coverage,False
3653,AI_SERVER,0.75,inherited from AI_GB200,v2-tax-2 research mapping; company primary business lines plus TW listed-code industry coverage,True
3653,AI_INFRA,0.75,inherited from AI_GB200,v2-tax-2 research mapping; company primary business lines plus TW listed-code industry coverage,True
2308,AI_GB200,0.75,primary mapping to AI_GB200 (GB200/GB300供應鏈),v2-tax-2 research mapping; company primary business lines plus TW listed-code industry coverage,False
2308,AI_SERVER,0.75,inherited from AI_GB200,v2-tax-2 research mapping; company primary business lines plus TW listed-code industry coverage,True
2308,AI_INFRA,0.75,inherited from AI_GB200,v2-tax-2 research mapping; company primary business lines plus TW listed-code industry coverage,True
2382,SERVER_ODM,0.75,primary mapping to SERVER_ODM (伺服器ODM),v2-tax-2 research mapping; company primary business lines plus TW listed-code industry coverage,False
3231,SERVER_ODM,0.75,primary mapping to SERVER_ODM (伺服器ODM),v2-tax-2 research mapping; company primary business lines plus TW listed-code industry coverage,False
2356,SERVER_ODM,0.75,primary mapping to SERVER_ODM (伺服器ODM),v2-tax-2 research mapping; company primary business lines plus TW listed-code industry coverage,False
6669,SERVER_ODM,0.75,primary mapping to SERVER_ODM (伺服器ODM),v2-tax-2 research mapping; company primary business lines plus TW listed-code industry coverage,False
3706,SERVER_ODM,0.75,primary mapping to SERVER_ODM (伺服器ODM),v2-tax-2 research mapping; company primary business lines plus TW listed-code industry coverage,False
6117,SERVER_ODM,0.75,primary mapping to SERVER_ODM (伺服器ODM),v2-tax-2 research mapping; company primary business lines plus TW listed-code industry coverage,False
6117,AI_INFRA,0.75,inherited from SERVER_ODM,v2-tax-2 research mapping; company primary business lines plus TW listed-code industry coverage,True
2376,SERVER_ODM,0.75,primary mapping to SERVER_ODM (伺服器ODM),v2-tax-2 research mapping; company primary business lines plus TW listed-code industry coverage,False
2376,AI_INFRA,0.75,inherited from SERVER_ODM,v2-tax-2 research mapping; company primary business lines plus TW listed-code industry coverage,True
2377,SERVER_ODM,0.75,primary mapping to SERVER_ODM (伺服器ODM),v2-tax-2 research mapping; company primary business lines plus TW listed-code industry coverage,False
2377,AI_INFRA,0.75,inherited from SERVER_ODM,v2-tax-2 research mapping; company primary business lines plus TW listed-code industry coverage,True
2376,GPU_CHAIN,0.7,primary mapping to GPU_CHAIN (GPU供應鏈),v2-tax-2 research mapping; company primary business lines plus TW listed-code industry coverage,False
2377,GPU_CHAIN,0.7,primary mapping to GPU_CHAIN (GPU供應鏈),v2-tax-2 research mapping; company primary business lines plus TW listed-code industry coverage,False
2357,GPU_CHAIN,0.7,primary mapping to GPU_CHAIN (GPU供應鏈),v2-tax-2 research mapping; company primary business lines plus TW listed-code industry coverage,False
2357,AI_INFRA,0.7,inherited from GPU_CHAIN,v2-tax-2 research mapping; company primary business lines plus TW listed-code industry coverage,True
2454,GPU_CHAIN,0.7,primary mapping to GPU_CHAIN (GPU供應鏈),v2-tax-2 research mapping; company primary business lines plus TW listed-code industry coverage,False
2454,AI_INFRA,0.7,inherited from GPU_CHAIN,v2-tax-2 research mapping; company primary business lines plus TW listed-code industry coverage,True
8299,GPU_CHAIN,0.7,primary mapping to GPU_CHAIN (GPU供應鏈),v2-tax-2 research mapping; company primary business lines plus TW listed-code industry coverage,False
8299,AI_INFRA,0.7,inherited from GPU_CHAIN,v2-tax-2 research mapping; company primary business lines plus TW listed-code industry coverage,True
2465,GPU_CHAIN,0.7,primary mapping to GPU_CHAIN (GPU供應鏈),v2-tax-2 research mapping; company primary business lines plus TW listed-code industry coverage,False
2465,AI_INFRA,0.7,inherited from GPU_CHAIN,v2-tax-2 research mapping; company primary business lines plus TW listed-code industry coverage,True
2308,AI_POWER,0.75,primary mapping to AI_POWER (電源供應),v2-tax-2 research mapping; company primary business lines plus TW listed-code industry coverage,False
6409,AI_POWER,0.75,primary mapping to AI_POWER (電源供應),v2-tax-2 research mapping; company primary business lines plus TW listed-code industry coverage,False
6409,AI_INFRA,0.75,inherited from AI_POWER,v2-tax-2 research mapping; company primary business lines plus TW listed-code industry coverage,True
1605,AI_POWER,0.75,primary mapping to AI_POWER (電源供應),v2-tax-2 research mapping; company primary business lines plus TW listed-code industry coverage,False
1605,AI_INFRA,0.75,inherited from AI_POWER,v2-tax-2 research mapping; company primary business lines plus TW listed-code industry coverage,True
1513,AI_POWER,0.75,primary mapping to AI_POWER (電源供應),v2-tax-2 research mapping; company primary business lines plus TW listed-code industry coverage,False
1513,AI_INFRA,0.75,inherited from AI_POWER,v2-tax-2 research mapping; company primary business lines plus TW listed-code industry coverage,True
2421,AI_POWER,0.75,primary mapping to AI_POWER (電源供應),v2-tax-2 research mapping; company primary business lines plus TW listed-code industry coverage,False
2421,AI_INFRA,0.75,inherited from AI_POWER,v2-tax-2 research mapping; company primary business lines plus TW listed-code industry coverage,True
3044,AI_POWER,0.75,primary mapping to AI_POWER (電源供應),v2-tax-2 research mapping; company primary business lines plus TW listed-code industry coverage,False
3044,AI_INFRA,0.75,inherited from AI_POWER,v2-tax-2 research mapping; company primary business lines plus TW listed-code industry coverage,True
2308,AI_BBU,0.75,primary mapping to AI_BBU (BBU備電),v2-tax-2 research mapping; company primary business lines plus TW listed-code industry coverage,False
6409,AI_BBU,0.75,primary mapping to AI_BBU (BBU備電),v2-tax-2 research mapping; company primary business lines plus TW listed-code industry coverage,False
1513,AI_BBU,0.75,primary mapping to AI_BBU (BBU備電),v2-tax-2 research mapping; company primary business lines plus TW listed-code industry coverage,False
1605,AI_BBU,0.75,primary mapping to AI_BBU (BBU備電),v2-tax-2 research mapping; company primary business lines plus TW listed-code industry coverage,False
3017,AI_COOLING,0.75,primary mapping to AI_COOLING (散熱),v2-tax-2 research mapping; company primary business lines plus TW listed-code industry coverage,False
3324,AI_COOLING,0.75,primary mapping to AI_COOLING (散熱),v2-tax-2 research mapping; company primary business lines plus TW listed-code industry coverage,False
3653,AI_COOLING,0.75,primary mapping to AI_COOLING (散熱),v2-tax-2 research mapping; company primary business lines plus TW listed-code industry coverage,False
2421,AI_COOLING,0.75,primary mapping to AI_COOLING (散熱),v2-tax-2 research mapping; company primary business lines plus TW listed-code industry coverage,False
2392,AI_COOLING,0.75,primary mapping to AI_COOLING (散熱),v2-tax-2 research mapping; company primary business lines plus TW listed-code industry coverage,False
2392,AI_INFRA,0.75,inherited from AI_COOLING,v2-tax-2 research mapping; company primary business lines plus TW listed-code industry coverage,True
6235,AI_COOLING,0.75,primary mapping to AI_COOLING (散熱),v2-tax-2 research mapping; company primary business lines plus TW listed-code industry coverage,False
6235,AI_INFRA,0.75,inherited from AI_COOLING,v2-tax-2 research mapping; company primary business lines plus TW listed-code industry coverage,True
3017,AI_LIQUID,0.75,primary mapping to AI_LIQUID (液冷),v2-tax-2 research mapping; company primary business lines plus TW listed-code industry coverage,False
3324,AI_LIQUID,0.75,primary mapping to AI_LIQUID (液冷),v2-tax-2 research mapping; company primary business lines plus TW listed-code industry coverage,False
3653,AI_LIQUID,0.75,primary mapping to AI_LIQUID (液冷),v2-tax-2 research mapping; company primary business lines plus TW listed-code industry coverage,False
2392,AI_LIQUID,0.75,primary mapping to AI_LIQUID (液冷),v2-tax-2 research mapping; company primary business lines plus TW listed-code industry coverage,False
2467,AI_LIQUID,0.75,primary mapping to AI_LIQUID (液冷),v2-tax-2 research mapping; company primary business lines plus TW listed-code industry coverage,False
2467,AI_COOLING,0.75,inherited from AI_LIQUID,v2-tax-2 research mapping; company primary business lines plus TW listed-code industry coverage,True
2467,AI_INFRA,0.75,inherited from AI_LIQUID,v2-tax-2 research mapping; company primary business lines plus TW listed-code industry coverage,True
3017,AI_THERMAL,0.75,primary mapping to AI_THERMAL (熱模組與風扇),v2-tax-2 research mapping; company primary business lines plus TW listed-code industry coverage,False
3324,AI_THERMAL,0.75,primary mapping to AI_THERMAL (熱模組與風扇),v2-tax-2 research mapping; company primary business lines plus TW listed-code industry coverage,False
2421,AI_THERMAL,0.75,primary mapping to AI_THERMAL (熱模組與風扇),v2-tax-2 research mapping; company primary business lines plus TW listed-code industry coverage,False
6235,AI_THERMAL,0.75,primary mapping to AI_THERMAL (熱模組與風扇),v2-tax-2 research mapping; company primary business lines plus TW listed-code industry coverage,False
3321,AI_THERMAL,0.75,primary mapping to AI_THERMAL (熱模組與風扇),v2-tax-2 research mapping; company primary business lines plus TW listed-code industry coverage,False
3321,AI_COOLING,0.75,inherited from AI_THERMAL,v2-tax-2 research mapping; company primary business lines plus TW listed-code industry coverage,True
3321,AI_INFRA,0.75,inherited from AI_THERMAL,v2-tax-2 research mapping; company primary business lines plus TW listed-code industry coverage,True
2345,AI_SWITCH,0.75,primary mapping to AI_SWITCH (交換器),v2-tax-2 research mapping; company primary business lines plus TW listed-code industry coverage,False
2345,AI_NETWORK,0.75,inherited from AI_SWITCH,v2-tax-2 research mapping; company primary business lines plus TW listed-code industry coverage,True
2345,AI_INFRA,0.75,inherited from AI_SWITCH,v2-tax-2 research mapping; company primary business lines plus TW listed-code industry coverage,True
3380,AI_SWITCH,0.75,primary mapping to AI_SWITCH (交換器),v2-tax-2 research mapping; company primary business lines plus TW listed-code industry coverage,False
3380,AI_NETWORK,0.75,inherited from AI_SWITCH,v2-tax-2 research mapping; company primary business lines plus TW listed-code industry coverage,True
3380,AI_INFRA,0.75,inherited from AI_SWITCH,v2-tax-2 research mapping; company primary business lines plus TW listed-code industry coverage,True
3596,AI_SWITCH,0.75,primary mapping to AI_SWITCH (交換器),v2-tax-2 research mapping; company primary business lines plus TW listed-code industry coverage,False
3596,AI_NETWORK,0.75,inherited from AI_SWITCH,v2-tax-2 research mapping; company primary business lines plus TW listed-code industry coverage,True
3596,AI_INFRA,0.75,inherited from AI_SWITCH,v2-tax-2 research mapping; company primary business lines plus TW listed-code industry coverage,True
5388,AI_SWITCH,0.75,primary mapping to AI_SWITCH (交換器),v2-tax-2 research mapping; company primary business lines plus TW listed-code industry coverage,False
5388,AI_NETWORK,0.75,inherited from AI_SWITCH,v2-tax-2 research mapping; company primary business lines plus TW listed-code industry coverage,True
5388,AI_INFRA,0.75,inherited from AI_SWITCH,v2-tax-2 research mapping; company primary business lines plus TW listed-code industry coverage,True
3704,AI_SWITCH,0.75,primary mapping to AI_SWITCH (交換器),v2-tax-2 research mapping; company primary business lines plus TW listed-code industry coverage,False
3704,AI_NETWORK,0.75,inherited from AI_SWITCH,v2-tax-2 research mapping; company primary business lines plus TW listed-code industry coverage,True
3704,AI_INFRA,0.75,inherited from AI_SWITCH,v2-tax-2 research mapping; company primary business lines plus TW listed-code industry coverage,True
2419,AI_SWITCH,0.75,primary mapping to AI_SWITCH (交換器),v2-tax-2 research mapping; company primary business lines plus TW listed-code industry coverage,False
2419,AI_NETWORK,0.75,inherited from AI_SWITCH,v2-tax-2 research mapping; company primary business lines plus TW listed-code industry coverage,True
2419,AI_INFRA,0.75,inherited from AI_SWITCH,v2-tax-2 research mapping; company primary business lines plus TW listed-code industry coverage,True
2345,AI_800G,0.75,primary mapping to AI_800G (800G/1.6T網路),v2-tax-2 research mapping; company primary business lines plus TW listed-code industry coverage,False
4977,AI_800G,0.75,primary mapping to AI_800G (800G/1.6T網路),v2-tax-2 research mapping; company primary business lines plus TW listed-code industry coverage,False
4977,AI_NETWORK,0.75,inherited from AI_800G,v2-tax-2 research mapping; company primary business lines plus TW listed-code industry coverage,True
4977,AI_INFRA,0.75,inherited from AI_800G,v2-tax-2 research mapping; company primary business lines plus TW listed-code industry coverage,True
6442,AI_800G,0.75,primary mapping to AI_800G (800G/1.6T網路),v2-tax-2 research mapping; company primary business lines plus TW listed-code industry coverage,False
6442,AI_NETWORK,0.75,inherited from AI_800G,v2-tax-2 research mapping; company primary business lines plus TW listed-code industry coverage,True
6442,AI_INFRA,0.75,inherited from AI_800G,v2-tax-2 research mapping; company primary business lines plus TW listed-code industry coverage,True
3363,AI_800G,0.75,primary mapping to AI_800G (800G/1.6T網路),v2-tax-2 research mapping; company primary business lines plus TW listed-code industry coverage,False
3363,AI_NETWORK,0.75,inherited from AI_800G,v2-tax-2 research mapping; company primary business lines plus TW listed-code industry coverage,True
3363,AI_INFRA,0.75,inherited from AI_800G,v2-tax-2 research mapping; company primary business lines plus TW listed-code industry coverage,True
3081,AI_800G,0.75,primary mapping to AI_800G (800G/1.6T網路),v2-tax-2 research mapping; company primary business lines plus TW listed-code industry coverage,False
3081,AI_NETWORK,0.75,inherited from AI_800G,v2-tax-2 research mapping; company primary business lines plus TW listed-code industry coverage,True
3081,AI_INFRA,0.75,inherited from AI_800G,v2-tax-2 research mapping; company primary business lines plus TW listed-code industry coverage,True
4979,AI_800G,0.75,primary mapping to AI_800G (800G/1.6T網路),v2-tax-2 research mapping; company primary business lines plus TW listed-code industry coverage,False
4979,AI_NETWORK,0.75,inherited from AI_800G,v2-tax-2 research mapping; company primary business lines plus TW listed-code industry coverage,True
4979,AI_INFRA,0.75,inherited from AI_800G,v2-tax-2 research mapping; company primary business lines plus TW listed-code industry coverage,True
2345,AI_CPO,0.7,primary mapping to AI_CPO (CPO),v2-tax-2 research mapping; company primary business lines plus TW listed-code industry coverage,False
4977,AI_CPO,0.7,primary mapping to AI_CPO (CPO),v2-tax-2 research mapping; company primary business lines plus TW listed-code industry coverage,False
3081,AI_CPO,0.7,primary mapping to AI_CPO (CPO),v2-tax-2 research mapping; company primary business lines plus TW listed-code industry coverage,False
3363,AI_CPO,0.7,primary mapping to AI_CPO (CPO),v2-tax-2 research mapping; company primary business lines plus TW listed-code industry coverage,False
3081,AI_SIPH,0.7,primary mapping to AI_SIPH (矽光子),v2-tax-2 research mapping; company primary business lines plus TW listed-code industry coverage,False
3363,AI_SIPH,0.7,primary mapping to AI_SIPH (矽光子),v2-tax-2 research mapping; company primary business lines plus TW listed-code industry coverage,False
4977,AI_SIPH,0.7,primary mapping to AI_SIPH (矽光子),v2-tax-2 research mapping; company primary business lines plus TW listed-code industry coverage,False
6442,AI_SIPH,0.7,primary mapping to AI_SIPH (矽光子),v2-tax-2 research mapping; company primary business lines plus TW listed-code industry coverage,False
4977,AI_OPTICAL,0.75,primary mapping to AI_OPTICAL (光通訊),v2-tax-2 research mapping; company primary business lines plus TW listed-code industry coverage,False
4979,AI_OPTICAL,0.75,primary mapping to AI_OPTICAL (光通訊),v2-tax-2 research mapping; company primary business lines plus TW listed-code industry coverage,False
3363,AI_OPTICAL,0.75,primary mapping to AI_OPTICAL (光通訊),v2-tax-2 research mapping; company primary business lines plus TW listed-code industry coverage,False
3081,AI_OPTICAL,0.75,primary mapping to AI_OPTICAL (光通訊),v2-tax-2 research mapping; company primary business lines plus TW listed-code industry coverage,False
6442,AI_OPTICAL,0.75,primary mapping to AI_OPTICAL (光通訊),v2-tax-2 research mapping; company primary business lines plus TW listed-code industry coverage,False
3362,AI_OPTICAL,0.75,primary mapping to AI_OPTICAL (光通訊),v2-tax-2 research mapping; company primary business lines plus TW listed-code industry coverage,False
3362,AI_NETWORK,0.75,inherited from AI_OPTICAL,v2-tax-2 research mapping; company primary business lines plus TW listed-code industry coverage,True
3362,AI_INFRA,0.75,inherited from AI_OPTICAL,v2-tax-2 research mapping; company primary business lines plus TW listed-code industry coverage,True
4908,AI_OPTICAL,0.75,primary mapping to AI_OPTICAL (光通訊),v2-tax-2 research mapping; company primary business lines plus TW listed-code industry coverage,False
4908,AI_NETWORK,0.75,inherited from AI_OPTICAL,v2-tax-2 research mapping; company primary business lines plus TW listed-code industry coverage,True
4908,AI_INFRA,0.75,inherited from AI_OPTICAL,v2-tax-2 research mapping; company primary business lines plus TW listed-code industry coverage,True
8210,AI_RACK,0.75,primary mapping to AI_RACK (機櫃與機構),v2-tax-2 research mapping; company primary business lines plus TW listed-code industry coverage,False
6117,AI_RACK,0.75,primary mapping to AI_RACK (機櫃與機構),v2-tax-2 research mapping; company primary business lines plus TW listed-code industry coverage,False
2059,AI_RACK,0.75,primary mapping to AI_RACK (機櫃與機構),v2-tax-2 research mapping; company primary business lines plus TW listed-code industry coverage,False
2059,AI_INFRA,0.75,inherited from AI_RACK,v2-tax-2 research mapping; company primary business lines plus TW listed-code industry coverage,True
3533,AI_RACK,0.75,primary mapping to AI_RACK (機櫃與機構),v2-tax-2 research mapping; company primary business lines plus TW listed-code industry coverage,False
3533,AI_INFRA,0.75,inherited from AI_RACK,v2-tax-2 research mapping; company primary business lines plus TW listed-code industry coverage,True
2392,AI_RACK,0.75,primary mapping to AI_RACK (機櫃與機構),v2-tax-2 research mapping; company primary business lines plus TW listed-code industry coverage,False
2324,NB,0.75,primary mapping to NB (筆電),v2-tax-2 research mapping; company primary business lines plus TW listed-code industry coverage,False
2324,COMPUTE,0.75,inherited from NB,v2-tax-2 research mapping; company primary business lines plus TW listed-code industry coverage,True
2353,NB,0.75,primary mapping to NB (筆電),v2-tax-2 research mapping; company primary business lines plus TW listed-code industry coverage,False
2353,COMPUTE,0.75,inherited from NB,v2-tax-2 research mapping; company primary business lines plus TW listed-code industry coverage,True
2356,NB,0.75,primary mapping to NB (筆電),v2-tax-2 research mapping; company primary business lines plus TW listed-code industry coverage,False
2356,COMPUTE,0.75,inherited from NB,v2-tax-2 research mapping; company primary business lines plus TW listed-code industry coverage,True
2382,NB,0.75,primary mapping to NB (筆電),v2-tax-2 research mapping; company primary business lines plus TW listed-code industry coverage,False
2382,COMPUTE,0.75,inherited from NB,v2-tax-2 research mapping; company primary business lines plus TW listed-code industry coverage,True
3231,NB,0.75,primary mapping to NB (筆電),v2-tax-2 research mapping; company primary business lines plus TW listed-code industry coverage,False
3231,COMPUTE,0.75,inherited from NB,v2-tax-2 research mapping; company primary business lines plus TW listed-code industry coverage,True
2357,NB,0.75,primary mapping to NB (筆電),v2-tax-2 research mapping; company primary business lines plus TW listed-code industry coverage,False
2357,COMPUTE,0.75,inherited from NB,v2-tax-2 research mapping; company primary business lines plus TW listed-code industry coverage,True
2376,NB,0.75,primary mapping to NB (筆電),v2-tax-2 research mapping; company primary business lines plus TW listed-code industry coverage,False
2376,COMPUTE,0.75,inherited from NB,v2-tax-2 research mapping; company primary business lines plus TW listed-code industry coverage,True
2377,NB,0.75,primary mapping to NB (筆電),v2-tax-2 research mapping; company primary business lines plus TW listed-code industry coverage,False
2377,COMPUTE,0.75,inherited from NB,v2-tax-2 research mapping; company primary business lines plus TW listed-code industry coverage,True
2357,AI_PC,0.75,primary mapping to AI_PC (AI PC),v2-tax-2 research mapping; company primary business lines plus TW listed-code industry coverage,False
2376,AI_PC,0.75,primary mapping to AI_PC (AI PC),v2-tax-2 research mapping; company primary business lines plus TW listed-code industry coverage,False
2377,AI_PC,0.75,primary mapping to AI_PC (AI PC),v2-tax-2 research mapping; company primary business lines plus TW listed-code industry coverage,False
2353,AI_PC,0.75,primary mapping to AI_PC (AI PC),v2-tax-2 research mapping; company primary business lines plus TW listed-code industry coverage,False
2324,AI_PC,0.75,primary mapping to AI_PC (AI PC),v2-tax-2 research mapping; company primary business lines plus TW listed-code industry coverage,False
2454,AI_PC,0.75,primary mapping to AI_PC (AI PC),v2-tax-2 research mapping; company primary business lines plus TW listed-code industry coverage,False
2454,COMPUTE,0.75,inherited from AI_PC,v2-tax-2 research mapping; company primary business lines plus TW listed-code industry coverage,True
8299,AI_PC,0.75,primary mapping to AI_PC (AI PC),v2-tax-2 research mapping; company primary business lines plus TW listed-code industry coverage,False
8299,COMPUTE,0.75,inherited from AI_PC,v2-tax-2 research mapping; company primary business lines plus TW listed-code industry coverage,True
2357,MOTHERBOARD,0.75,primary mapping to MOTHERBOARD (主機板),v2-tax-2 research mapping; company primary business lines plus TW listed-code industry coverage,False
2376,MOTHERBOARD,0.75,primary mapping to MOTHERBOARD (主機板),v2-tax-2 research mapping; company primary business lines plus TW listed-code industry coverage,False
2377,MOTHERBOARD,0.75,primary mapping to MOTHERBOARD (主機板),v2-tax-2 research mapping; company primary business lines plus TW listed-code industry coverage,False
2397,MOTHERBOARD,0.75,primary mapping to MOTHERBOARD (主機板),v2-tax-2 research mapping; company primary business lines plus TW listed-code industry coverage,False
2397,COMPUTE,0.75,inherited from MOTHERBOARD,v2-tax-2 research mapping; company primary business lines plus TW listed-code industry coverage,True
3515,MOTHERBOARD,0.75,primary mapping to MOTHERBOARD (主機板),v2-tax-2 research mapping; company primary business lines plus TW listed-code industry coverage,False
3515,COMPUTE,0.75,inherited from MOTHERBOARD,v2-tax-2 research mapping; company primary business lines plus TW listed-code industry coverage,True
2376,GPU_ADDIN,0.75,primary mapping to GPU_ADDIN (顯示卡/GPU卡),v2-tax-2 research mapping; company primary business lines plus TW listed-code industry coverage,False
2377,GPU_ADDIN,0.75,primary mapping to GPU_ADDIN (顯示卡/GPU卡),v2-tax-2 research mapping; company primary business lines plus TW listed-code industry coverage,False
2357,GPU_ADDIN,0.75,primary mapping to GPU_ADDIN (顯示卡/GPU卡),v2-tax-2 research mapping; company primary business lines plus TW listed-code industry coverage,False
2465,GPU_ADDIN,0.75,primary mapping to GPU_ADDIN (顯示卡/GPU卡),v2-tax-2 research mapping; company primary business lines plus TW listed-code industry coverage,False
2465,COMPUTE,0.75,inherited from GPU_ADDIN,v2-tax-2 research mapping; company primary business lines plus TW listed-code industry coverage,True
2395,IPC,0.75,primary mapping to IPC (工業電腦),v2-tax-2 research mapping; company primary business lines plus TW listed-code industry coverage,False
2395,COMPUTE,0.75,inherited from IPC,v2-tax-2 research mapping; company primary business lines plus TW listed-code industry coverage,True
6414,IPC,0.75,primary mapping to IPC (工業電腦),v2-tax-2 research mapping; company primary business lines plus TW listed-code industry coverage,False
6414,COMPUTE,0.75,inherited from IPC,v2-tax-2 research mapping; company primary business lines plus TW listed-code industry coverage,True
3706,IPC,0.75,primary mapping to IPC (工業電腦),v2-tax-2 research mapping; company primary business lines plus TW listed-code industry coverage,False
3706,COMPUTE,0.75,inherited from IPC,v2-tax-2 research mapping; company primary business lines plus TW listed-code industry coverage,True
6235,IPC,0.75,primary mapping to IPC (工業電腦),v2-tax-2 research mapping; company primary business lines plus TW listed-code industry coverage,False
6235,COMPUTE,0.75,inherited from IPC,v2-tax-2 research mapping; company primary business lines plus TW listed-code industry coverage,True
8050,IPC,0.75,primary mapping to IPC (工業電腦),v2-tax-2 research mapping; company primary business lines plus TW listed-code industry coverage,False
8050,COMPUTE,0.75,inherited from IPC,v2-tax-2 research mapping; company primary business lines plus TW listed-code industry coverage,True
2327,PASSIVE,0.75,primary mapping to PASSIVE (被動元件),v2-tax-2 research mapping; company primary business lines plus TW listed-code industry coverage,False
2327,ELEC,0.75,inherited from PASSIVE,v2-tax-2 research mapping; company primary business lines plus TW listed-code industry coverage,True
2492,PASSIVE,0.75,primary mapping to PASSIVE (被動元件),v2-tax-2 research mapping; company primary business lines plus TW listed-code industry coverage,False
2492,ELEC,0.75,inherited from PASSIVE,v2-tax-2 research mapping; company primary business lines plus TW listed-code industry coverage,True
2478,PASSIVE,0.75,primary mapping to PASSIVE (被動元件),v2-tax-2 research mapping; company primary business lines plus TW listed-code industry coverage,False
2478,ELEC,0.75,inherited from PASSIVE,v2-tax-2 research mapping; company primary business lines plus TW listed-code industry coverage,True
3090,PASSIVE,0.75,primary mapping to PASSIVE (被動元件),v2-tax-2 research mapping; company primary business lines plus TW listed-code industry coverage,False
3090,ELEC,0.75,inherited from PASSIVE,v2-tax-2 research mapping; company primary business lines plus TW listed-code industry coverage,True
6173,PASSIVE,0.75,primary mapping to PASSIVE (被動元件),v2-tax-2 research mapping; company primary business lines plus TW listed-code industry coverage,False
6173,ELEC,0.75,inherited from PASSIVE,v2-tax-2 research mapping; company primary business lines plus TW listed-code industry coverage,True
6284,PASSIVE,0.75,primary mapping to PASSIVE (被動元件),v2-tax-2 research mapping; company primary business lines plus TW listed-code industry coverage,False
6284,ELEC,0.75,inherited from PASSIVE,v2-tax-2 research mapping; company primary business lines plus TW listed-code industry coverage,True
3042,PASSIVE,0.75,primary mapping to PASSIVE (被動元件),v2-tax-2 research mapping; company primary business lines plus TW listed-code industry coverage,False
3042,ELEC,0.75,inherited from PASSIVE,v2-tax-2 research mapping; company primary business lines plus TW listed-code industry coverage,True
2327,MLCC,0.75,primary mapping to MLCC (MLCC),v2-tax-2 research mapping; company primary business lines plus TW listed-code industry coverage,False
2492,MLCC,0.75,primary mapping to MLCC (MLCC),v2-tax-2 research mapping; company primary business lines plus TW listed-code industry coverage,False
6173,MLCC,0.75,primary mapping to MLCC (MLCC),v2-tax-2 research mapping; company primary business lines plus TW listed-code industry coverage,False
6284,MLCC,0.75,primary mapping to MLCC (MLCC),v2-tax-2 research mapping; company primary business lines plus TW listed-code industry coverage,False
2478,INDUCTOR,0.75,primary mapping to INDUCTOR (電感),v2-tax-2 research mapping; company primary business lines plus TW listed-code industry coverage,False
3090,INDUCTOR,0.75,primary mapping to INDUCTOR (電感),v2-tax-2 research mapping; company primary business lines plus TW listed-code industry coverage,False
3376,INDUCTOR,0.75,primary mapping to INDUCTOR (電感),v2-tax-2 research mapping; company primary business lines plus TW listed-code industry coverage,False
3376,PASSIVE,0.75,inherited from INDUCTOR,v2-tax-2 research mapping; company primary business lines plus TW listed-code industry coverage,True
3376,ELEC,0.75,inherited from INDUCTOR,v2-tax-2 research mapping; company primary business lines plus TW listed-code industry coverage,True
6284,INDUCTOR,0.75,primary mapping to INDUCTOR (電感),v2-tax-2 research mapping; company primary business lines plus TW listed-code industry coverage,False
3042,INDUCTOR,0.75,primary mapping to INDUCTOR (電感),v2-tax-2 research mapping; company primary business lines plus TW listed-code industry coverage,False
2392,CONNECTOR,0.75,primary mapping to CONNECTOR (連接器),v2-tax-2 research mapping; company primary business lines plus TW listed-code industry coverage,False
2392,ELEC,0.75,inherited from CONNECTOR,v2-tax-2 research mapping; company primary business lines plus TW listed-code industry coverage,True
3533,CONNECTOR,0.75,primary mapping to CONNECTOR (連接器),v2-tax-2 research mapping; company primary business lines plus TW listed-code industry coverage,False
3533,ELEC,0.75,inherited from CONNECTOR,v2-tax-2 research mapping; company primary business lines plus TW listed-code industry coverage,True
2059,CONNECTOR,0.75,primary mapping to CONNECTOR (連接器),v2-tax-2 research mapping; company primary business lines plus TW listed-code industry coverage,False
2059,ELEC,0.75,inherited from CONNECTOR,v2-tax-2 research mapping; company primary business lines plus TW listed-code industry coverage,True
3044,CONNECTOR,0.75,primary mapping to CONNECTOR (連接器),v2-tax-2 research mapping; company primary business lines plus TW listed-code industry coverage,False
3044,ELEC,0.75,inherited from CONNECTOR,v2-tax-2 research mapping; company primary business lines plus TW listed-code industry coverage,True
3665,CONNECTOR,0.75,primary mapping to CONNECTOR (連接器),v2-tax-2 research mapping; company primary business lines plus TW listed-code industry coverage,False
3665,ELEC,0.75,inherited from CONNECTOR,v2-tax-2 research mapping; company primary business lines plus TW listed-code industry coverage,True
6274,CONNECTOR,0.75,primary mapping to CONNECTOR (連接器),v2-tax-2 research mapping; company primary business lines plus TW listed-code industry coverage,False
6274,ELEC,0.75,inherited from CONNECTOR,v2-tax-2 research mapping; company primary business lines plus TW listed-code industry coverage,True
3037,PCB,0.75,primary mapping to PCB (PCB),v2-tax-2 research mapping; company primary business lines plus TW listed-code industry coverage,False
3037,ELEC,0.75,inherited from PCB,v2-tax-2 research mapping; company primary business lines plus TW listed-code industry coverage,True
2313,PCB,0.75,primary mapping to PCB (PCB),v2-tax-2 research mapping; company primary business lines plus TW listed-code industry coverage,False
2313,ELEC,0.75,inherited from PCB,v2-tax-2 research mapping; company primary business lines plus TW listed-code industry coverage,True
2368,PCB,0.75,primary mapping to PCB (PCB),v2-tax-2 research mapping; company primary business lines plus TW listed-code industry coverage,False
2368,ELEC,0.75,inherited from PCB,v2-tax-2 research mapping; company primary business lines plus TW listed-code industry coverage,True
4958,PCB,0.75,primary mapping to PCB (PCB),v2-tax-2 research mapping; company primary business lines plus TW listed-code industry coverage,False
4958,ELEC,0.75,inherited from PCB,v2-tax-2 research mapping; company primary business lines plus TW listed-code industry coverage,True
3044,PCB,0.75,primary mapping to PCB (PCB),v2-tax-2 research mapping; company primary business lines plus TW listed-code industry coverage,False
6278,PCB,0.75,primary mapping to PCB (PCB),v2-tax-2 research mapping; company primary business lines plus TW listed-code industry coverage,False
6278,ELEC,0.75,inherited from PCB,v2-tax-2 research mapping; company primary business lines plus TW listed-code industry coverage,True
2355,PCB,0.75,primary mapping to PCB (PCB),v2-tax-2 research mapping; company primary business lines plus TW listed-code industry coverage,False
2355,ELEC,0.75,inherited from PCB,v2-tax-2 research mapping; company primary business lines plus TW listed-code industry coverage,True
8213,PCB,0.75,primary mapping to PCB (PCB),v2-tax-2 research mapping; company primary business lines plus TW listed-code industry coverage,False
8213,ELEC,0.75,inherited from PCB,v2-tax-2 research mapping; company primary business lines plus TW listed-code industry coverage,True
2383,CCL,0.75,primary mapping to CCL (CCL銅箔基板),v2-tax-2 research mapping; company primary business lines plus TW listed-code industry coverage,False
2383,PCB,0.75,inherited from CCL,v2-tax-2 research mapping; company primary business lines plus TW listed-code industry coverage,True
2383,ELEC,0.75,inherited from CCL,v2-tax-2 research mapping; company primary business lines plus TW listed-code industry coverage,True
6213,CCL,0.75,primary mapping to CCL (CCL銅箔基板),v2-tax-2 research mapping; company primary business lines plus TW listed-code industry coverage,False
6213,PCB,0.75,inherited from CCL,v2-tax-2 research mapping; company primary business lines plus TW listed-code industry coverage,True
6213,ELEC,0.75,inherited from CCL,v2-tax-2 research mapping; company primary business lines plus TW listed-code industry coverage,True
6274,CCL,0.75,primary mapping to CCL (CCL銅箔基板),v2-tax-2 research mapping; company primary business lines plus TW listed-code industry coverage,False
6274,PCB,0.75,inherited from CCL,v2-tax-2 research mapping; company primary business lines plus TW listed-code industry coverage,True
8358,CCL,0.75,primary mapping to CCL (CCL銅箔基板),v2-tax-2 research mapping; company primary business lines plus TW listed-code industry coverage,False
8358,PCB,0.75,inherited from CCL,v2-tax-2 research mapping; company primary business lines plus TW listed-code industry coverage,True
8358,ELEC,0.75,inherited from CCL,v2-tax-2 research mapping; company primary business lines plus TW listed-code industry coverage,True
4958,FPCB,0.75,primary mapping to FPCB (軟板),v2-tax-2 research mapping; company primary business lines plus TW listed-code industry coverage,False
6269,FPCB,0.75,primary mapping to FPCB (軟板),v2-tax-2 research mapping; company primary business lines plus TW listed-code industry coverage,False
6269,PCB,0.75,inherited from FPCB,v2-tax-2 research mapping; company primary business lines plus TW listed-code industry coverage,True
6269,ELEC,0.75,inherited from FPCB,v2-tax-2 research mapping; company primary business lines plus TW listed-code industry coverage,True
8046,FPCB,0.75,primary mapping to FPCB (軟板),v2-tax-2 research mapping; company primary business lines plus TW listed-code industry coverage,False
8046,PCB,0.75,inherited from FPCB,v2-tax-2 research mapping; company primary business lines plus TW listed-code industry coverage,True
8046,ELEC,0.75,inherited from FPCB,v2-tax-2 research mapping; company primary business lines plus TW listed-code industry coverage,True
6213,FPCB,0.75,primary mapping to FPCB (軟板),v2-tax-2 research mapping; company primary business lines plus TW listed-code industry coverage,False
6415,PMIC,0.75,primary mapping to PMIC (電源管理),v2-tax-2 research mapping; company primary business lines plus TW listed-code industry coverage,False
6415,ELEC,0.75,inherited from PMIC,v2-tax-2 research mapping; company primary business lines plus TW listed-code industry coverage,True
2454,PMIC,0.75,primary mapping to PMIC (電源管理),v2-tax-2 research mapping; company primary business lines plus TW listed-code industry coverage,False
2454,ELEC,0.75,inherited from PMIC,v2-tax-2 research mapping; company primary business lines plus TW listed-code industry coverage,True
8081,PMIC,0.75,primary mapping to PMIC (電源管理),v2-tax-2 research mapping; company primary business lines plus TW listed-code industry coverage,False
8081,ELEC,0.75,inherited from PMIC,v2-tax-2 research mapping; company primary business lines plus TW listed-code industry coverage,True
3227,PMIC,0.75,primary mapping to PMIC (電源管理),v2-tax-2 research mapping; company primary business lines plus TW listed-code industry coverage,False
3227,ELEC,0.75,inherited from PMIC,v2-tax-2 research mapping; company primary business lines plus TW listed-code industry coverage,True
3558,PMIC,0.75,primary mapping to PMIC (電源管理),v2-tax-2 research mapping; company primary business lines plus TW listed-code industry coverage,False
3558,ELEC,0.75,inherited from PMIC,v2-tax-2 research mapping; company primary business lines plus TW listed-code industry coverage,True
2324,BATTERY,0.75,primary mapping to BATTERY (電池),v2-tax-2 research mapping; company primary business lines plus TW listed-code industry coverage,False
2324,ELEC,0.75,inherited from BATTERY,v2-tax-2 research mapping; company primary business lines plus TW listed-code industry coverage,True
2409,BATTERY,0.75,primary mapping to BATTERY (電池),v2-tax-2 research mapping; company primary business lines plus TW listed-code industry coverage,False
2409,ELEC,0.75,inherited from BATTERY,v2-tax-2 research mapping; company primary business lines plus TW listed-code industry coverage,True
6441,BATTERY,0.75,primary mapping to BATTERY (電池),v2-tax-2 research mapping; company primary business lines plus TW listed-code industry coverage,False
6441,ELEC,0.75,inherited from BATTERY,v2-tax-2 research mapping; company primary business lines plus TW listed-code industry coverage,True
1514,BATTERY,0.75,primary mapping to BATTERY (電池),v2-tax-2 research mapping; company primary business lines plus TW listed-code industry coverage,False
1514,ELEC,0.75,inherited from BATTERY,v2-tax-2 research mapping; company primary business lines plus TW listed-code industry coverage,True
5225,BATTERY,0.75,primary mapping to BATTERY (電池),v2-tax-2 research mapping; company primary business lines plus TW listed-code industry coverage,False
5225,ELEC,0.75,inherited from BATTERY,v2-tax-2 research mapping; company primary business lines plus TW listed-code industry coverage,True
8299,BATTERY,0.75,primary mapping to BATTERY (電池),v2-tax-2 research mapping; company primary business lines plus TW listed-code industry coverage,False
8299,ELEC,0.75,inherited from BATTERY,v2-tax-2 research mapping; company primary business lines plus TW listed-code industry coverage,True
2393,LED,0.75,primary mapping to LED (LED),v2-tax-2 research mapping; company primary business lines plus TW listed-code industry coverage,False
2393,ELEC,0.75,inherited from LED,v2-tax-2 research mapping; company primary business lines plus TW listed-code industry coverage,True
3031,LED,0.75,primary mapping to LED (LED),v2-tax-2 research mapping; company primary business lines plus TW listed-code industry coverage,False
3031,ELEC,0.75,inherited from LED,v2-tax-2 research mapping; company primary business lines plus TW listed-code industry coverage,True
4956,LED,0.75,primary mapping to LED (LED),v2-tax-2 research mapping; company primary business lines plus TW listed-code industry coverage,False
4956,ELEC,0.75,inherited from LED,v2-tax-2 research mapping; company primary business lines plus TW listed-code industry coverage,True
2426,LED,0.75,primary mapping to LED (LED),v2-tax-2 research mapping; company primary business lines plus TW listed-code industry coverage,False
2426,ELEC,0.75,inherited from LED,v2-tax-2 research mapping; company primary business lines plus TW listed-code industry coverage,True
6111,LED,0.75,primary mapping to LED (LED),v2-tax-2 research mapping; company primary business lines plus TW listed-code industry coverage,False
6111,ELEC,0.75,inherited from LED,v2-tax-2 research mapping; company primary business lines plus TW listed-code industry coverage,True
2317,EMS,0.75,primary mapping to EMS (電子代工EMS),v2-tax-2 research mapping; company primary business lines plus TW listed-code industry coverage,False
2317,ELEC,0.75,inherited from EMS,v2-tax-2 research mapping; company primary business lines plus TW listed-code industry coverage,True
2354,EMS,0.75,primary mapping to EMS (電子代工EMS),v2-tax-2 research mapping; company primary business lines plus TW listed-code industry coverage,False
2354,ELEC,0.75,inherited from EMS,v2-tax-2 research mapping; company primary business lines plus TW listed-code industry coverage,True
4938,EMS,0.75,primary mapping to EMS (電子代工EMS),v2-tax-2 research mapping; company primary business lines plus TW listed-code industry coverage,False
4938,ELEC,0.75,inherited from EMS,v2-tax-2 research mapping; company primary business lines plus TW listed-code industry coverage,True
2324,EMS,0.75,primary mapping to EMS (電子代工EMS),v2-tax-2 research mapping; company primary business lines plus TW listed-code industry coverage,False
2356,EMS,0.75,primary mapping to EMS (電子代工EMS),v2-tax-2 research mapping; company primary business lines plus TW listed-code industry coverage,False
2356,ELEC,0.75,inherited from EMS,v2-tax-2 research mapping; company primary business lines plus TW listed-code industry coverage,True
3231,EMS,0.75,primary mapping to EMS (電子代工EMS),v2-tax-2 research mapping; company primary business lines plus TW listed-code industry coverage,False
3231,ELEC,0.75,inherited from EMS,v2-tax-2 research mapping; company primary business lines plus TW listed-code industry coverage,True
2382,EMS,0.75,primary mapping to EMS (電子代工EMS),v2-tax-2 research mapping; company primary business lines plus TW listed-code industry coverage,False
2382,ELEC,0.75,inherited from EMS,v2-tax-2 research mapping; company primary business lines plus TW listed-code industry coverage,True
2409,PANEL,0.75,primary mapping to PANEL (面板),v2-tax-2 research mapping; company primary business lines plus TW listed-code industry coverage,False
2409,DISPLAY,0.75,inherited from PANEL,v2-tax-2 research mapping; company primary business lines plus TW listed-code industry coverage,True
3481,PANEL,0.75,primary mapping to PANEL (面板),v2-tax-2 research mapping; company primary business lines plus TW listed-code industry coverage,False
3481,DISPLAY,0.75,inherited from PANEL,v2-tax-2 research mapping; company primary business lines plus TW listed-code industry coverage,True
6116,PANEL,0.75,primary mapping to PANEL (面板),v2-tax-2 research mapping; company primary business lines plus TW listed-code industry coverage,False
6116,DISPLAY,0.75,inherited from PANEL,v2-tax-2 research mapping; company primary business lines plus TW listed-code industry coverage,True
6176,PANEL,0.75,primary mapping to PANEL (面板),v2-tax-2 research mapping; company primary business lines plus TW listed-code industry coverage,False
6176,DISPLAY,0.75,inherited from PANEL,v2-tax-2 research mapping; company primary business lines plus TW listed-code industry coverage,True
3034,DDIC,0.75,primary mapping to DDIC (驅動IC),v2-tax-2 research mapping; company primary business lines plus TW listed-code industry coverage,False
3034,DISPLAY,0.75,inherited from DDIC,v2-tax-2 research mapping; company primary business lines plus TW listed-code industry coverage,True
3515,DDIC,0.75,primary mapping to DDIC (驅動IC),v2-tax-2 research mapping; company primary business lines plus TW listed-code industry coverage,False
3515,DISPLAY,0.75,inherited from DDIC,v2-tax-2 research mapping; company primary business lines plus TW listed-code industry coverage,True
4961,DDIC,0.75,primary mapping to DDIC (驅動IC),v2-tax-2 research mapping; company primary business lines plus TW listed-code industry coverage,False
4961,DISPLAY,0.75,inherited from DDIC,v2-tax-2 research mapping; company primary business lines plus TW listed-code industry coverage,True
8016,DDIC,0.75,primary mapping to DDIC (驅動IC),v2-tax-2 research mapping; company primary business lines plus TW listed-code industry coverage,False
8016,DISPLAY,0.75,inherited from DDIC,v2-tax-2 research mapping; company primary business lines plus TW listed-code industry coverage,True
2401,DDIC,0.75,primary mapping to DDIC (驅動IC),v2-tax-2 research mapping; company primary business lines plus TW listed-code industry coverage,False
2401,DISPLAY,0.75,inherited from DDIC,v2-tax-2 research mapping; company primary business lines plus TW listed-code industry coverage,True
3008,OPTICS,0.75,primary mapping to OPTICS (光學鏡頭),v2-tax-2 research mapping; company primary business lines plus TW listed-code industry coverage,False
3008,DISPLAY,0.75,inherited from OPTICS,v2-tax-2 research mapping; company primary business lines plus TW listed-code industry coverage,True
3406,OPTICS,0.75,primary mapping to OPTICS (光學鏡頭),v2-tax-2 research mapping; company primary business lines plus TW listed-code industry coverage,False
3406,DISPLAY,0.75,inherited from OPTICS,v2-tax-2 research mapping; company primary business lines plus TW listed-code industry coverage,True
3535,OPTICS,0.75,primary mapping to OPTICS (光學鏡頭),v2-tax-2 research mapping; company primary business lines plus TW listed-code industry coverage,False
3535,DISPLAY,0.75,inherited from OPTICS,v2-tax-2 research mapping; company primary business lines plus TW listed-code industry coverage,True
3362,OPTICS,0.75,primary mapping to OPTICS (光學鏡頭),v2-tax-2 research mapping; company primary business lines plus TW listed-code industry coverage,False
3362,DISPLAY,0.75,inherited from OPTICS,v2-tax-2 research mapping; company primary business lines plus TW listed-code industry coverage,True
3363,OPTICS,0.75,primary mapping to OPTICS (光學鏡頭),v2-tax-2 research mapping; company primary business lines plus TW listed-code industry coverage,False
3363,DISPLAY,0.75,inherited from OPTICS,v2-tax-2 research mapping; company primary business lines plus TW listed-code industry coverage,True
4960,POLARIZER,0.7,primary mapping to POLARIZER (偏光板),v2-tax-2 research mapping; company primary business lines plus TW listed-code industry coverage,False
4960,DISPLAY,0.7,inherited from POLARIZER,v2-tax-2 research mapping; company primary business lines plus TW listed-code industry coverage,True
1342,POLARIZER,0.7,primary mapping to POLARIZER (偏光板),v2-tax-2 research mapping; company primary business lines plus TW listed-code industry coverage,False
1342,DISPLAY,0.7,inherited from POLARIZER,v2-tax-2 research mapping; company primary business lines plus TW listed-code industry coverage,True
1909,POLARIZER,0.7,primary mapping to POLARIZER (偏光板),v2-tax-2 research mapping; company primary business lines plus TW listed-code industry coverage,False
1909,DISPLAY,0.7,inherited from POLARIZER,v2-tax-2 research mapping; company primary business lines plus TW listed-code industry coverage,True
2379,WIFI,0.75,primary mapping to WIFI (Wi-Fi/網通IC),v2-tax-2 research mapping; company primary business lines plus TW listed-code industry coverage,False
2379,COMM,0.75,inherited from WIFI,v2-tax-2 research mapping; company primary business lines plus TW listed-code industry coverage,True
2345,WIFI,0.75,primary mapping to WIFI (Wi-Fi/網通IC),v2-tax-2 research mapping; company primary business lines plus TW listed-code industry coverage,False
2345,COMM,0.75,inherited from WIFI,v2-tax-2 research mapping; company primary business lines plus TW listed-code industry coverage,True
3596,WIFI,0.75,primary mapping to WIFI (Wi-Fi/網通IC),v2-tax-2 research mapping; company primary business lines plus TW listed-code industry coverage,False
3596,COMM,0.75,inherited from WIFI,v2-tax-2 research mapping; company primary business lines plus TW listed-code industry coverage,True
5388,WIFI,0.75,primary mapping to WIFI (Wi-Fi/網通IC),v2-tax-2 research mapping; company primary business lines plus TW listed-code industry coverage,False
5388,COMM,0.75,inherited from WIFI,v2-tax-2 research mapping; company primary business lines plus TW listed-code industry coverage,True
3704,WIFI,0.75,primary mapping to WIFI (Wi-Fi/網通IC),v2-tax-2 research mapping; company primary business lines plus TW listed-code industry coverage,False
3704,COMM,0.75,inherited from WIFI,v2-tax-2 research mapping; company primary business lines plus TW listed-code industry coverage,True
4968,WIFI,0.75,primary mapping to WIFI (Wi-Fi/網通IC),v2-tax-2 research mapping; company primary business lines plus TW listed-code industry coverage,False
4968,COMM,0.75,inherited from WIFI,v2-tax-2 research mapping; company primary business lines plus TW listed-code industry coverage,True
2345,5G,0.75,primary mapping to 5G (5G與基地台),v2-tax-2 research mapping; company primary business lines plus TW listed-code industry coverage,False
2412,5G,0.75,primary mapping to 5G (5G與基地台),v2-tax-2 research mapping; company primary business lines plus TW listed-code industry coverage,False
2412,COMM,0.75,inherited from 5G,v2-tax-2 research mapping; company primary business lines plus TW listed-code industry coverage,True
3045,5G,0.75,primary mapping to 5G (5G與基地台),v2-tax-2 research mapping; company primary business lines plus TW listed-code industry coverage,False
3045,COMM,0.75,inherited from 5G,v2-tax-2 research mapping; company primary business lines plus TW listed-code industry coverage,True
4904,5G,0.75,primary mapping to 5G (5G與基地台),v2-tax-2 research mapping; company primary business lines plus TW listed-code industry coverage,False
4904,COMM,0.75,inherited from 5G,v2-tax-2 research mapping; company primary business lines plus TW listed-code industry coverage,True
5388,5G,0.75,primary mapping to 5G (5G與基地台),v2-tax-2 research mapping; company primary business lines plus TW listed-code industry coverage,False
3596,CPE,0.75,primary mapping to CPE (網通終端),v2-tax-2 research mapping; company primary business lines plus TW listed-code industry coverage,False
3380,CPE,0.75,primary mapping to CPE (網通終端),v2-tax-2 research mapping; company primary business lines plus TW listed-code industry coverage,False
3380,COMM,0.75,inherited from CPE,v2-tax-2 research mapping; company primary business lines plus TW listed-code industry coverage,True
5388,CPE,0.75,primary mapping to CPE (網通終端),v2-tax-2 research mapping; company primary business lines plus TW listed-code industry coverage,False
3704,CPE,0.75,primary mapping to CPE (網通終端),v2-tax-2 research mapping; company primary business lines plus TW listed-code industry coverage,False
2419,CPE,0.75,primary mapping to CPE (網通終端),v2-tax-2 research mapping; company primary business lines plus TW listed-code industry coverage,False
2419,COMM,0.75,inherited from CPE,v2-tax-2 research mapping; company primary business lines plus TW listed-code industry coverage,True
6285,CPE,0.75,primary mapping to CPE (網通終端),v2-tax-2 research mapping; company primary business lines plus TW listed-code industry coverage,False
6285,COMM,0.75,inherited from CPE,v2-tax-2 research mapping; company primary business lines plus TW listed-code industry coverage,True
3665,CABLE,0.75,primary mapping to CABLE (電纜與高速線),v2-tax-2 research mapping; company primary business lines plus TW listed-code industry coverage,False
3665,COMM,0.75,inherited from CABLE,v2-tax-2 research mapping; company primary business lines plus TW listed-code industry coverage,True
2059,CABLE,0.75,primary mapping to CABLE (電纜與高速線),v2-tax-2 research mapping; company primary business lines plus TW listed-code industry coverage,False
2059,COMM,0.75,inherited from CABLE,v2-tax-2 research mapping; company primary business lines plus TW listed-code industry coverage,True
1605,CABLE,0.75,primary mapping to CABLE (電纜與高速線),v2-tax-2 research mapping; company primary business lines plus TW listed-code industry coverage,False
1605,COMM,0.75,inherited from CABLE,v2-tax-2 research mapping; company primary business lines plus TW listed-code industry coverage,True
1612,CABLE,0.75,primary mapping to CABLE (電纜與高速線),v2-tax-2 research mapping; company primary business lines plus TW listed-code industry coverage,False
1612,COMM,0.75,inherited from CABLE,v2-tax-2 research mapping; company primary business lines plus TW listed-code industry coverage,True
6285,CABLE,0.75,primary mapping to CABLE (電纜與高速線),v2-tax-2 research mapping; company primary business lines plus TW listed-code industry coverage,False
2207,EV,0.75,primary mapping to EV (電動車),v2-tax-2 research mapping; company primary business lines plus TW listed-code industry coverage,False
2207,AUTO,0.75,inherited from EV,v2-tax-2 research mapping; company primary business lines plus TW listed-code industry coverage,True
2201,EV,0.75,primary mapping to EV (電動車),v2-tax-2 research mapping; company primary business lines plus TW listed-code industry coverage,False
2201,AUTO,0.75,inherited from EV,v2-tax-2 research mapping; company primary business lines plus TW listed-code industry coverage,True
2204,EV,0.75,primary mapping to EV (電動車),v2-tax-2 research mapping; company primary business lines plus TW listed-code industry coverage,False
2204,AUTO,0.75,inherited from EV,v2-tax-2 research mapping; company primary business lines plus TW listed-code industry coverage,True
1319,EV,0.75,primary mapping to EV (電動車),v2-tax-2 research mapping; company primary business lines plus TW listed-code industry coverage,False
1319,AUTO,0.75,inherited from EV,v2-tax-2 research mapping; company primary business lines plus TW listed-code industry coverage,True
1338,EV,0.75,primary mapping to EV (電動車),v2-tax-2 research mapping; company primary business lines plus TW listed-code industry coverage,False
1338,AUTO,0.75,inherited from EV,v2-tax-2 research mapping; company primary business lines plus TW listed-code industry coverage,True
1512,EV,0.75,primary mapping to EV (電動車),v2-tax-2 research mapping; company primary business lines plus TW listed-code industry coverage,False
1512,AUTO,0.75,inherited from EV,v2-tax-2 research mapping; company primary business lines plus TW listed-code industry coverage,True
2231,EV,0.75,primary mapping to EV (電動車),v2-tax-2 research mapping; company primary business lines plus TW listed-code industry coverage,False
2231,AUTO,0.75,inherited from EV,v2-tax-2 research mapping; company primary business lines plus TW listed-code industry coverage,True
4551,EV,0.75,primary mapping to EV (電動車),v2-tax-2 research mapping; company primary business lines plus TW listed-code industry coverage,False
4551,AUTO,0.75,inherited from EV,v2-tax-2 research mapping; company primary business lines plus TW listed-code industry coverage,True
3665,EV,0.75,primary mapping to EV (電動車),v2-tax-2 research mapping; company primary business lines plus TW listed-code industry coverage,False
3665,AUTO,0.75,inherited from EV,v2-tax-2 research mapping; company primary business lines plus TW listed-code industry coverage,True
1513,CHARGING,0.75,primary mapping to CHARGING (充電樁),v2-tax-2 research mapping; company primary business lines plus TW listed-code industry coverage,False
1513,AUTO,0.75,inherited from CHARGING,v2-tax-2 research mapping; company primary business lines plus TW listed-code industry coverage,True
1519,CHARGING,0.75,primary mapping to CHARGING (充電樁),v2-tax-2 research mapping; company primary business lines plus TW listed-code industry coverage,False
1519,AUTO,0.75,inherited from CHARGING,v2-tax-2 research mapping; company primary business lines plus TW listed-code industry coverage,True
2308,CHARGING,0.75,primary mapping to CHARGING (充電樁),v2-tax-2 research mapping; company primary business lines plus TW listed-code industry coverage,False
2308,AUTO,0.75,inherited from CHARGING,v2-tax-2 research mapping; company primary business lines plus TW listed-code industry coverage,True
1612,CHARGING,0.75,primary mapping to CHARGING (充電樁),v2-tax-2 research mapping; company primary business lines plus TW listed-code industry coverage,False
1612,AUTO,0.75,inherited from CHARGING,v2-tax-2 research mapping; company primary business lines plus TW listed-code industry coverage,True
6409,CHARGING,0.75,primary mapping to CHARGING (充電樁),v2-tax-2 research mapping; company primary business lines plus TW listed-code industry coverage,False
6409,AUTO,0.75,inherited from CHARGING,v2-tax-2 research mapping; company primary business lines plus TW listed-code industry coverage,True
2231,ADAS,0.75,primary mapping to ADAS (ADAS與車用電子),v2-tax-2 research mapping; company primary business lines plus TW listed-code industry coverage,False
2454,ADAS,0.75,primary mapping to ADAS (ADAS與車用電子),v2-tax-2 research mapping; company primary business lines plus TW listed-code industry coverage,False
2454,AUTO,0.75,inherited from ADAS,v2-tax-2 research mapping; company primary business lines plus TW listed-code industry coverage,True
2379,ADAS,0.75,primary mapping to ADAS (ADAS與車用電子),v2-tax-2 research mapping; company primary business lines plus TW listed-code industry coverage,False
2379,AUTO,0.75,inherited from ADAS,v2-tax-2 research mapping; company primary business lines plus TW listed-code industry coverage,True
3665,ADAS,0.75,primary mapping to ADAS (ADAS與車用電子),v2-tax-2 research mapping; company primary business lines plus TW listed-code industry coverage,False
4551,ADAS,0.75,primary mapping to ADAS (ADAS與車用電子),v2-tax-2 research mapping; company primary business lines plus TW listed-code industry coverage,False
2395,ADAS,0.75,primary mapping to ADAS (ADAS與車用電子),v2-tax-2 research mapping; company primary business lines plus TW listed-code industry coverage,False
2395,AUTO,0.75,inherited from ADAS,v2-tax-2 research mapping; company primary business lines plus TW listed-code industry coverage,True
1319,AUTO_PARTS,0.75,primary mapping to AUTO_PARTS (汽車零組件),v2-tax-2 research mapping; company primary business lines plus TW listed-code industry coverage,False
1522,AUTO_PARTS,0.75,primary mapping to AUTO_PARTS (汽車零組件),v2-tax-2 research mapping; company primary business lines plus TW listed-code industry coverage,False
1522,AUTO,0.75,inherited from AUTO_PARTS,v2-tax-2 research mapping; company primary business lines plus TW listed-code industry coverage,True
1525,AUTO_PARTS,0.75,primary mapping to AUTO_PARTS (汽車零組件),v2-tax-2 research mapping; company primary business lines plus TW listed-code industry coverage,False
1525,AUTO,0.75,inherited from AUTO_PARTS,v2-tax-2 research mapping; company primary business lines plus TW listed-code industry coverage,True
1338,AUTO_PARTS,0.75,primary mapping to AUTO_PARTS (汽車零組件),v2-tax-2 research mapping; company primary business lines plus TW listed-code industry coverage,False
1536,AUTO_PARTS,0.75,primary mapping to AUTO_PARTS (汽車零組件),v2-tax-2 research mapping; company primary business lines plus TW listed-code industry coverage,False
1536,AUTO,0.75,inherited from AUTO_PARTS,v2-tax-2 research mapping; company primary business lines plus TW listed-code industry coverage,True
2233,AUTO_PARTS,0.75,primary mapping to AUTO_PARTS (汽車零組件),v2-tax-2 research mapping; company primary business lines plus TW listed-code industry coverage,False
2233,AUTO,0.75,inherited from AUTO_PARTS,v2-tax-2 research mapping; company primary business lines plus TW listed-code industry coverage,True
1512,AUTO_PARTS,0.75,primary mapping to AUTO_PARTS (汽車零組件),v2-tax-2 research mapping; company primary business lines plus TW listed-code industry coverage,False
2105,TIRE,0.75,primary mapping to TIRE (輪胎),v2-tax-2 research mapping; company primary business lines plus TW listed-code industry coverage,False
2105,AUTO,0.75,inherited from TIRE,v2-tax-2 research mapping; company primary business lines plus TW listed-code industry coverage,True
2106,TIRE,0.75,primary mapping to TIRE (輪胎),v2-tax-2 research mapping; company primary business lines plus TW listed-code industry coverage,False
2106,AUTO,0.75,inherited from TIRE,v2-tax-2 research mapping; company primary business lines plus TW listed-code industry coverage,True
2104,TIRE,0.75,primary mapping to TIRE (輪胎),v2-tax-2 research mapping; company primary business lines plus TW listed-code industry coverage,False
2104,AUTO,0.75,inherited from TIRE,v2-tax-2 research mapping; company primary business lines plus TW listed-code industry coverage,True
2101,TIRE,0.75,primary mapping to TIRE (輪胎),v2-tax-2 research mapping; company primary business lines plus TW listed-code industry coverage,False
2101,AUTO,0.75,inherited from TIRE,v2-tax-2 research mapping; company primary business lines plus TW listed-code industry coverage,True
2102,TIRE,0.75,primary mapping to TIRE (輪胎),v2-tax-2 research mapping; company primary business lines plus TW listed-code industry coverage,False
2102,AUTO,0.75,inherited from TIRE,v2-tax-2 research mapping; company primary business lines plus TW listed-code industry coverage,True
6244,SOLAR,0.75,primary mapping to SOLAR (太陽能),v2-tax-2 research mapping; company primary business lines plus TW listed-code industry coverage,False
6244,ENERGY,0.75,inherited from SOLAR,v2-tax-2 research mapping; company primary business lines plus TW listed-code industry coverage,True
3576,SOLAR,0.75,primary mapping to SOLAR (太陽能),v2-tax-2 research mapping; company primary business lines plus TW listed-code industry coverage,False
3576,ENERGY,0.75,inherited from SOLAR,v2-tax-2 research mapping; company primary business lines plus TW listed-code industry coverage,True
6443,SOLAR,0.75,primary mapping to SOLAR (太陽能),v2-tax-2 research mapping; company primary business lines plus TW listed-code industry coverage,False
6443,ENERGY,0.75,inherited from SOLAR,v2-tax-2 research mapping; company primary business lines plus TW listed-code industry coverage,True
4934,SOLAR,0.75,primary mapping to SOLAR (太陽能),v2-tax-2 research mapping; company primary business lines plus TW listed-code industry coverage,False
4934,ENERGY,0.75,inherited from SOLAR,v2-tax-2 research mapping; company primary business lines plus TW listed-code industry coverage,True
3686,SOLAR,0.75,primary mapping to SOLAR (太陽能),v2-tax-2 research mapping; company primary business lines plus TW listed-code industry coverage,False
3686,ENERGY,0.75,inherited from SOLAR,v2-tax-2 research mapping; company primary business lines plus TW listed-code industry coverage,True
2409,SOLAR,0.75,primary mapping to SOLAR (太陽能),v2-tax-2 research mapping; company primary business lines plus TW listed-code industry coverage,False
2409,ENERGY,0.75,inherited from SOLAR,v2-tax-2 research mapping; company primary business lines plus TW listed-code industry coverage,True
1513,WIND,0.75,primary mapping to WIND (風力發電),v2-tax-2 research mapping; company primary business lines plus TW listed-code industry coverage,False
1513,ENERGY,0.75,inherited from WIND,v2-tax-2 research mapping; company primary business lines plus TW listed-code industry coverage,True
1519,WIND,0.75,primary mapping to WIND (風力發電),v2-tax-2 research mapping; company primary business lines plus TW listed-code industry coverage,False
1519,ENERGY,0.75,inherited from WIND,v2-tax-2 research mapping; company primary business lines plus TW listed-code industry coverage,True
2208,WIND,0.75,primary mapping to WIND (風力發電),v2-tax-2 research mapping; company primary business lines plus TW listed-code industry coverage,False
2208,ENERGY,0.75,inherited from WIND,v2-tax-2 research mapping; company primary business lines plus TW listed-code industry coverage,True
2239,WIND,0.75,primary mapping to WIND (風力發電),v2-tax-2 research mapping; company primary business lines plus TW listed-code industry coverage,False
2239,ENERGY,0.75,inherited from WIND,v2-tax-2 research mapping; company primary business lines plus TW listed-code industry coverage,True
9933,WIND,0.75,primary mapping to WIND (風力發電),v2-tax-2 research mapping; company primary business lines plus TW listed-code industry coverage,False
9933,ENERGY,0.75,inherited from WIND,v2-tax-2 research mapping; company primary business lines plus TW listed-code industry coverage,True
2308,STORAGE,0.75,primary mapping to STORAGE (儲能),v2-tax-2 research mapping; company primary business lines plus TW listed-code industry coverage,False
2308,ENERGY,0.75,inherited from STORAGE,v2-tax-2 research mapping; company primary business lines plus TW listed-code industry coverage,True
1513,STORAGE,0.75,primary mapping to STORAGE (儲能),v2-tax-2 research mapping; company primary business lines plus TW listed-code industry coverage,False
1519,STORAGE,0.75,primary mapping to STORAGE (儲能),v2-tax-2 research mapping; company primary business lines plus TW listed-code industry coverage,False
6409,STORAGE,0.75,primary mapping to STORAGE (儲能),v2-tax-2 research mapping; company primary business lines plus TW listed-code industry coverage,False
6409,ENERGY,0.75,inherited from STORAGE,v2-tax-2 research mapping; company primary business lines plus TW listed-code industry coverage,True
5225,STORAGE,0.75,primary mapping to STORAGE (儲能),v2-tax-2 research mapping; company primary business lines plus TW listed-code industry coverage,False
5225,ENERGY,0.75,inherited from STORAGE,v2-tax-2 research mapping; company primary business lines plus TW listed-code industry coverage,True
1605,STORAGE,0.75,primary mapping to STORAGE (儲能),v2-tax-2 research mapping; company primary business lines plus TW listed-code industry coverage,False
1605,ENERGY,0.75,inherited from STORAGE,v2-tax-2 research mapping; company primary business lines plus TW listed-code industry coverage,True
1513,SMART_GRID,0.75,primary mapping to SMART_GRID (智慧電網),v2-tax-2 research mapping; company primary business lines plus TW listed-code industry coverage,False
1519,SMART_GRID,0.75,primary mapping to SMART_GRID (智慧電網),v2-tax-2 research mapping; company primary business lines plus TW listed-code industry coverage,False
2308,SMART_GRID,0.75,primary mapping to SMART_GRID (智慧電網),v2-tax-2 research mapping; company primary business lines plus TW listed-code industry coverage,False
1605,SMART_GRID,0.75,primary mapping to SMART_GRID (智慧電網),v2-tax-2 research mapping; company primary business lines plus TW listed-code industry coverage,False
1612,SMART_GRID,0.75,primary mapping to SMART_GRID (智慧電網),v2-tax-2 research mapping; company primary business lines plus TW listed-code industry coverage,False
1612,ENERGY,0.75,inherited from SMART_GRID,v2-tax-2 research mapping; company primary business lines plus TW listed-code industry coverage,True
1504,SMART_GRID,0.75,primary mapping to SMART_GRID (智慧電網),v2-tax-2 research mapping; company primary business lines plus TW listed-code industry coverage,False
1504,ENERGY,0.75,inherited from SMART_GRID,v2-tax-2 research mapping; company primary business lines plus TW listed-code industry coverage,True
2308,INVERTER,0.75,primary mapping to INVERTER (變流器/電能轉換),v2-tax-2 research mapping; company primary business lines plus TW listed-code industry coverage,False
1513,INVERTER,0.75,primary mapping to INVERTER (變流器/電能轉換),v2-tax-2 research mapping; company primary business lines plus TW listed-code industry coverage,False
6409,INVERTER,0.75,primary mapping to INVERTER (變流器/電能轉換),v2-tax-2 research mapping; company primary business lines plus TW listed-code industry coverage,False
6869,INVERTER,0.75,primary mapping to INVERTER (變流器/電能轉換),v2-tax-2 research mapping; company primary business lines plus TW listed-code industry coverage,False
6869,ENERGY,0.75,inherited from INVERTER,v2-tax-2 research mapping; company primary business lines plus TW listed-code industry coverage,True
2002,STEEL,0.75,primary mapping to STEEL (鋼鐵),v2-tax-2 research mapping; company primary business lines plus TW listed-code industry coverage,False
2002,MATERIALS,0.75,inherited from STEEL,v2-tax-2 research mapping; company primary business lines plus TW listed-code industry coverage,True
2006,STEEL,0.75,primary mapping to STEEL (鋼鐵),v2-tax-2 research mapping; company primary business lines plus TW listed-code industry coverage,False
2006,MATERIALS,0.75,inherited from STEEL,v2-tax-2 research mapping; company primary business lines plus TW listed-code industry coverage,True
2014,STEEL,0.75,primary mapping to STEEL (鋼鐵),v2-tax-2 research mapping; company primary business lines plus TW listed-code industry coverage,False
2014,MATERIALS,0.75,inherited from STEEL,v2-tax-2 research mapping; company primary business lines plus TW listed-code industry coverage,True
2027,STEEL,0.75,primary mapping to STEEL (鋼鐵),v2-tax-2 research mapping; company primary business lines plus TW listed-code industry coverage,False
2027,MATERIALS,0.75,inherited from STEEL,v2-tax-2 research mapping; company primary business lines plus TW listed-code industry coverage,True
2023,STEEL,0.75,primary mapping to STEEL (鋼鐵),v2-tax-2 research mapping; company primary business lines plus TW listed-code industry coverage,False
2023,MATERIALS,0.75,inherited from STEEL,v2-tax-2 research mapping; company primary business lines plus TW listed-code industry coverage,True
2031,STEEL,0.75,primary mapping to STEEL (鋼鐵),v2-tax-2 research mapping; company primary business lines plus TW listed-code industry coverage,False
2031,MATERIALS,0.75,inherited from STEEL,v2-tax-2 research mapping; company primary business lines plus TW listed-code industry coverage,True
2010,STEEL,0.75,primary mapping to STEEL (鋼鐵),v2-tax-2 research mapping; company primary business lines plus TW listed-code industry coverage,False
2010,MATERIALS,0.75,inherited from STEEL,v2-tax-2 research mapping; company primary business lines plus TW listed-code industry coverage,True
2034,STEEL,0.75,primary mapping to STEEL (鋼鐵),v2-tax-2 research mapping; company primary business lines plus TW listed-code industry coverage,False
2034,MATERIALS,0.75,inherited from STEEL,v2-tax-2 research mapping; company primary business lines plus TW listed-code industry coverage,True
2028,STEEL,0.75,primary mapping to STEEL (鋼鐵),v2-tax-2 research mapping; company primary business lines plus TW listed-code industry coverage,False
2028,MATERIALS,0.75,inherited from STEEL,v2-tax-2 research mapping; company primary business lines plus TW listed-code industry coverage,True
1301,PETROCHEM,0.75,primary mapping to PETROCHEM (石化),v2-tax-2 research mapping; company primary business lines plus TW listed-code industry coverage,False
1301,MATERIALS,0.75,inherited from PETROCHEM,v2-tax-2 research mapping; company primary business lines plus TW listed-code industry coverage,True
1303,PETROCHEM,0.75,primary mapping to PETROCHEM (石化),v2-tax-2 research mapping; company primary business lines plus TW listed-code industry coverage,False
1303,MATERIALS,0.75,inherited from PETROCHEM,v2-tax-2 research mapping; company primary business lines plus TW listed-code industry coverage,True
1326,PETROCHEM,0.75,primary mapping to PETROCHEM (石化),v2-tax-2 research mapping; company primary business lines plus TW listed-code industry coverage,False
1326,MATERIALS,0.75,inherited from PETROCHEM,v2-tax-2 research mapping; company primary business lines plus TW listed-code industry coverage,True
6505,PETROCHEM,0.75,primary mapping to PETROCHEM (石化),v2-tax-2 research mapping; company primary business lines plus TW listed-code industry coverage,False
6505,MATERIALS,0.75,inherited from PETROCHEM,v2-tax-2 research mapping; company primary business lines plus TW listed-code industry coverage,True
1314,PETROCHEM,0.75,primary mapping to PETROCHEM (石化),v2-tax-2 research mapping; company primary business lines plus TW listed-code industry coverage,False
1314,MATERIALS,0.75,inherited from PETROCHEM,v2-tax-2 research mapping; company primary business lines plus TW listed-code industry coverage,True
1717,PETROCHEM,0.75,primary mapping to PETROCHEM (石化),v2-tax-2 research mapping; company primary business lines plus TW listed-code industry coverage,False
1717,MATERIALS,0.75,inherited from PETROCHEM,v2-tax-2 research mapping; company primary business lines plus TW listed-code industry coverage,True
1304,PETROCHEM,0.75,primary mapping to PETROCHEM (石化),v2-tax-2 research mapping; company primary business lines plus TW listed-code industry coverage,False
1304,MATERIALS,0.75,inherited from PETROCHEM,v2-tax-2 research mapping; company primary business lines plus TW listed-code industry coverage,True
1305,PETROCHEM,0.75,primary mapping to PETROCHEM (石化),v2-tax-2 research mapping; company primary business lines plus TW listed-code industry coverage,False
1305,MATERIALS,0.75,inherited from PETROCHEM,v2-tax-2 research mapping; company primary business lines plus TW listed-code industry coverage,True
1308,PETROCHEM,0.75,primary mapping to PETROCHEM (石化),v2-tax-2 research mapping; company primary business lines plus TW listed-code industry coverage,False
1308,MATERIALS,0.75,inherited from PETROCHEM,v2-tax-2 research mapping; company primary business lines plus TW listed-code industry coverage,True
1312,PETROCHEM,0.75,primary mapping to PETROCHEM (石化),v2-tax-2 research mapping; company primary business lines plus TW listed-code industry coverage,False
1312,MATERIALS,0.75,inherited from PETROCHEM,v2-tax-2 research mapping; company primary business lines plus TW listed-code industry coverage,True
1313,PETROCHEM,0.75,primary mapping to PETROCHEM (石化),v2-tax-2 research mapping; company primary business lines plus TW listed-code industry coverage,False
1313,MATERIALS,0.75,inherited from PETROCHEM,v2-tax-2 research mapping; company primary business lines plus TW listed-code industry coverage,True
1101,CEMENT,0.75,primary mapping to CEMENT (水泥),v2-tax-2 research mapping; company primary business lines plus TW listed-code industry coverage,False
1101,MATERIALS,0.75,inherited from CEMENT,v2-tax-2 research mapping; company primary business lines plus TW listed-code industry coverage,True
1102,CEMENT,0.75,primary mapping to CEMENT (水泥),v2-tax-2 research mapping; company primary business lines plus TW listed-code industry coverage,False
1102,MATERIALS,0.75,inherited from CEMENT,v2-tax-2 research mapping; company primary business lines plus TW listed-code industry coverage,True
1104,CEMENT,0.75,primary mapping to CEMENT (水泥),v2-tax-2 research mapping; company primary business lines plus TW listed-code industry coverage,False
1104,MATERIALS,0.75,inherited from CEMENT,v2-tax-2 research mapping; company primary business lines plus TW listed-code industry coverage,True
1108,CEMENT,0.75,primary mapping to CEMENT (水泥),v2-tax-2 research mapping; company primary business lines plus TW listed-code industry coverage,False
1108,MATERIALS,0.75,inherited from CEMENT,v2-tax-2 research mapping; company primary business lines plus TW listed-code industry coverage,True
1109,CEMENT,0.75,primary mapping to CEMENT (水泥),v2-tax-2 research mapping; company primary business lines plus TW listed-code industry coverage,False
1109,MATERIALS,0.75,inherited from CEMENT,v2-tax-2 research mapping; company primary business lines plus TW listed-code industry coverage,True
1110,CEMENT,0.75,primary mapping to CEMENT (水泥),v2-tax-2 research mapping; company primary business lines plus TW listed-code industry coverage,False
1110,MATERIALS,0.75,inherited from CEMENT,v2-tax-2 research mapping; company primary business lines plus TW listed-code industry coverage,True
1301,PLASTIC,0.75,primary mapping to PLASTIC (塑膠),v2-tax-2 research mapping; company primary business lines plus TW listed-code industry coverage,False
1303,PLASTIC,0.75,primary mapping to PLASTIC (塑膠),v2-tax-2 research mapping; company primary business lines plus TW listed-code industry coverage,False
1326,PLASTIC,0.75,primary mapping to PLASTIC (塑膠),v2-tax-2 research mapping; company primary business lines plus TW listed-code industry coverage,False
1304,PLASTIC,0.75,primary mapping to PLASTIC (塑膠),v2-tax-2 research mapping; company primary business lines plus TW listed-code industry coverage,False
1308,PLASTIC,0.75,primary mapping to PLASTIC (塑膠),v2-tax-2 research mapping; company primary business lines plus TW listed-code industry coverage,False
1312,PLASTIC,0.75,primary mapping to PLASTIC (塑膠),v2-tax-2 research mapping; company primary business lines plus TW listed-code industry coverage,False
2108,PLASTIC,0.75,primary mapping to PLASTIC (塑膠),v2-tax-2 research mapping; company primary business lines plus TW listed-code industry coverage,False
2108,MATERIALS,0.75,inherited from PLASTIC,v2-tax-2 research mapping; company primary business lines plus TW listed-code industry coverage,True
1708,CHEM,0.75,primary mapping to CHEM (化學工業),v2-tax-2 research mapping; company primary business lines plus TW listed-code industry coverage,False
1708,MATERIALS,0.75,inherited from CHEM,v2-tax-2 research mapping; company primary business lines plus TW listed-code industry coverage,True
1710,CHEM,0.75,primary mapping to CHEM (化學工業),v2-tax-2 research mapping; company primary business lines plus TW listed-code industry coverage,False
1710,MATERIALS,0.75,inherited from CHEM,v2-tax-2 research mapping; company primary business lines plus TW listed-code industry coverage,True
1714,CHEM,0.75,primary mapping to CHEM (化學工業),v2-tax-2 research mapping; company primary business lines plus TW listed-code industry coverage,False
1714,MATERIALS,0.75,inherited from CHEM,v2-tax-2 research mapping; company primary business lines plus TW listed-code industry coverage,True
1718,CHEM,0.75,primary mapping to CHEM (化學工業),v2-tax-2 research mapping; company primary business lines plus TW listed-code industry coverage,False
1718,MATERIALS,0.75,inherited from CHEM,v2-tax-2 research mapping; company primary business lines plus TW listed-code industry coverage,True
1722,CHEM,0.75,primary mapping to CHEM (化學工業),v2-tax-2 research mapping; company primary business lines plus TW listed-code industry coverage,False
1722,MATERIALS,0.75,inherited from CHEM,v2-tax-2 research mapping; company primary business lines plus TW listed-code industry coverage,True
1725,CHEM,0.75,primary mapping to CHEM (化學工業),v2-tax-2 research mapping; company primary business lines plus TW listed-code industry coverage,False
1725,MATERIALS,0.75,inherited from CHEM,v2-tax-2 research mapping; company primary business lines plus TW listed-code industry coverage,True
1726,CHEM,0.75,primary mapping to CHEM (化學工業),v2-tax-2 research mapping; company primary business lines plus TW listed-code industry coverage,False
1726,MATERIALS,0.75,inherited from CHEM,v2-tax-2 research mapping; company primary business lines plus TW listed-code industry coverage,True
1727,CHEM,0.75,primary mapping to CHEM (化學工業),v2-tax-2 research mapping; company primary business lines plus TW listed-code industry coverage,False
1727,MATERIALS,0.75,inherited from CHEM,v2-tax-2 research mapping; company primary business lines plus TW listed-code industry coverage,True
2103,RUBBER,0.75,primary mapping to RUBBER (橡膠),v2-tax-2 research mapping; company primary business lines plus TW listed-code industry coverage,False
2103,MATERIALS,0.75,inherited from RUBBER,v2-tax-2 research mapping; company primary business lines plus TW listed-code industry coverage,True
2104,RUBBER,0.75,primary mapping to RUBBER (橡膠),v2-tax-2 research mapping; company primary business lines plus TW listed-code industry coverage,False
2104,MATERIALS,0.75,inherited from RUBBER,v2-tax-2 research mapping; company primary business lines plus TW listed-code industry coverage,True
2107,RUBBER,0.75,primary mapping to RUBBER (橡膠),v2-tax-2 research mapping; company primary business lines plus TW listed-code industry coverage,False
2107,MATERIALS,0.75,inherited from RUBBER,v2-tax-2 research mapping; company primary business lines plus TW listed-code industry coverage,True
2108,RUBBER,0.75,primary mapping to RUBBER (橡膠),v2-tax-2 research mapping; company primary business lines plus TW listed-code industry coverage,False
2109,RUBBER,0.75,primary mapping to RUBBER (橡膠),v2-tax-2 research mapping; company primary business lines plus TW listed-code industry coverage,False
2109,MATERIALS,0.75,inherited from RUBBER,v2-tax-2 research mapping; company primary business lines plus TW listed-code industry coverage,True
2101,RUBBER,0.75,primary mapping to RUBBER (橡膠),v2-tax-2 research mapping; company primary business lines plus TW listed-code industry coverage,False
2101,MATERIALS,0.75,inherited from RUBBER,v2-tax-2 research mapping; company primary business lines plus TW listed-code industry coverage,True
1904,PAPER,0.75,primary mapping to PAPER (紙業),v2-tax-2 research mapping; company primary business lines plus TW listed-code industry coverage,False
1904,MATERIALS,0.75,inherited from PAPER,v2-tax-2 research mapping; company primary business lines plus TW listed-code industry coverage,True
1905,PAPER,0.75,primary mapping to PAPER (紙業),v2-tax-2 research mapping; company primary business lines plus TW listed-code industry coverage,False
1905,MATERIALS,0.75,inherited from PAPER,v2-tax-2 research mapping; company primary business lines plus TW listed-code industry coverage,True
1906,PAPER,0.75,primary mapping to PAPER (紙業),v2-tax-2 research mapping; company primary business lines plus TW listed-code industry coverage,False
1906,MATERIALS,0.75,inherited from PAPER,v2-tax-2 research mapping; company primary business lines plus TW listed-code industry coverage,True
1907,PAPER,0.75,primary mapping to PAPER (紙業),v2-tax-2 research mapping; company primary business lines plus TW listed-code industry coverage,False
1907,MATERIALS,0.75,inherited from PAPER,v2-tax-2 research mapping; company primary business lines plus TW listed-code industry coverage,True
1909,PAPER,0.75,primary mapping to PAPER (紙業),v2-tax-2 research mapping; company primary business lines plus TW listed-code industry coverage,False
1909,MATERIALS,0.75,inherited from PAPER,v2-tax-2 research mapping; company primary business lines plus TW listed-code industry coverage,True
1802,GLASS,0.75,primary mapping to GLASS (玻璃),v2-tax-2 research mapping; company primary business lines plus TW listed-code industry coverage,False
1802,MATERIALS,0.75,inherited from GLASS,v2-tax-2 research mapping; company primary business lines plus TW listed-code industry coverage,True
1817,GLASS,0.75,primary mapping to GLASS (玻璃),v2-tax-2 research mapping; company primary business lines plus TW listed-code industry coverage,False
1817,MATERIALS,0.75,inherited from GLASS,v2-tax-2 research mapping; company primary business lines plus TW listed-code industry coverage,True
3011,GLASS,0.75,primary mapping to GLASS (玻璃),v2-tax-2 research mapping; company primary business lines plus TW listed-code industry coverage,False
3011,MATERIALS,0.75,inherited from GLASS,v2-tax-2 research mapping; company primary business lines plus TW listed-code industry coverage,True
1402,TEXTILE,0.75,primary mapping to TEXTILE (紡織),v2-tax-2 research mapping; company primary business lines plus TW listed-code industry coverage,False
1402,MATERIALS,0.75,inherited from TEXTILE,v2-tax-2 research mapping; company primary business lines plus TW listed-code industry coverage,True
1414,TEXTILE,0.75,primary mapping to TEXTILE (紡織),v2-tax-2 research mapping; company primary business lines plus TW listed-code industry coverage,False
1414,MATERIALS,0.75,inherited from TEXTILE,v2-tax-2 research mapping; company primary business lines plus TW listed-code industry coverage,True
1464,TEXTILE,0.75,primary mapping to TEXTILE (紡織),v2-tax-2 research mapping; company primary business lines plus TW listed-code industry coverage,False
1464,MATERIALS,0.75,inherited from TEXTILE,v2-tax-2 research mapping; company primary business lines plus TW listed-code industry coverage,True
1476,TEXTILE,0.75,primary mapping to TEXTILE (紡織),v2-tax-2 research mapping; company primary business lines plus TW listed-code industry coverage,False
1476,MATERIALS,0.75,inherited from TEXTILE,v2-tax-2 research mapping; company primary business lines plus TW listed-code industry coverage,True
1477,TEXTILE,0.75,primary mapping to TEXTILE (紡織),v2-tax-2 research mapping; company primary business lines plus TW listed-code industry coverage,False
1477,MATERIALS,0.75,inherited from TEXTILE,v2-tax-2 research mapping; company primary business lines plus TW listed-code industry coverage,True
4438,TEXTILE,0.75,primary mapping to TEXTILE (紡織),v2-tax-2 research mapping; company primary business lines plus TW listed-code industry coverage,False
4438,MATERIALS,0.75,inherited from TEXTILE,v2-tax-2 research mapping; company primary business lines plus TW listed-code industry coverage,True
1504,MACHINERY,0.75,primary mapping to MACHINERY (機械),v2-tax-2 research mapping; company primary business lines plus TW listed-code industry coverage,False
1504,INDUSTRIAL,0.75,inherited from MACHINERY,v2-tax-2 research mapping; company primary business lines plus TW listed-code industry coverage,True
2049,MACHINERY,0.75,primary mapping to MACHINERY (機械),v2-tax-2 research mapping; company primary business lines plus TW listed-code industry coverage,False
2049,INDUSTRIAL,0.75,inherited from MACHINERY,v2-tax-2 research mapping; company primary business lines plus TW listed-code industry coverage,True
1536,MACHINERY,0.75,primary mapping to MACHINERY (機械),v2-tax-2 research mapping; company primary business lines plus TW listed-code industry coverage,False
1536,INDUSTRIAL,0.75,inherited from MACHINERY,v2-tax-2 research mapping; company primary business lines plus TW listed-code industry coverage,True
4526,MACHINERY,0.75,primary mapping to MACHINERY (機械),v2-tax-2 research mapping; company primary business lines plus TW listed-code industry coverage,False
4526,INDUSTRIAL,0.75,inherited from MACHINERY,v2-tax-2 research mapping; company primary business lines plus TW listed-code industry coverage,True
1560,MACHINERY,0.75,primary mapping to MACHINERY (機械),v2-tax-2 research mapping; company primary business lines plus TW listed-code industry coverage,False
1560,INDUSTRIAL,0.75,inherited from MACHINERY,v2-tax-2 research mapping; company primary business lines plus TW listed-code industry coverage,True
4576,MACHINERY,0.75,primary mapping to MACHINERY (機械),v2-tax-2 research mapping; company primary business lines plus TW listed-code industry coverage,False
4576,INDUSTRIAL,0.75,inherited from MACHINERY,v2-tax-2 research mapping; company primary business lines plus TW listed-code industry coverage,True
2049,AUTOMATION,0.75,primary mapping to AUTOMATION (自動化),v2-tax-2 research mapping; company primary business lines plus TW listed-code industry coverage,False
1590,AUTOMATION,0.75,primary mapping to AUTOMATION (自動化),v2-tax-2 research mapping; company primary business lines plus TW listed-code industry coverage,False
1590,INDUSTRIAL,0.75,inherited from AUTOMATION,v2-tax-2 research mapping; company primary business lines plus TW listed-code industry coverage,True
1597,AUTOMATION,0.75,primary mapping to AUTOMATION (自動化),v2-tax-2 research mapping; company primary business lines plus TW listed-code industry coverage,False
1597,INDUSTRIAL,0.75,inherited from AUTOMATION,v2-tax-2 research mapping; company primary business lines plus TW listed-code industry coverage,True
4576,AUTOMATION,0.75,primary mapping to AUTOMATION (自動化),v2-tax-2 research mapping; company primary business lines plus TW listed-code industry coverage,False
2239,AUTOMATION,0.75,primary mapping to AUTOMATION (自動化),v2-tax-2 research mapping; company primary business lines plus TW listed-code industry coverage,False
2239,INDUSTRIAL,0.75,inherited from AUTOMATION,v2-tax-2 research mapping; company primary business lines plus TW listed-code industry coverage,True
1560,AUTOMATION,0.75,primary mapping to AUTOMATION (自動化),v2-tax-2 research mapping; company primary business lines plus TW listed-code industry coverage,False
2049,ROBOTICS,0.75,primary mapping to ROBOTICS (機器人),v2-tax-2 research mapping; company primary business lines plus TW listed-code industry coverage,False
1590,ROBOTICS,0.75,primary mapping to ROBOTICS (機器人),v2-tax-2 research mapping; company primary business lines plus TW listed-code industry coverage,False
1597,ROBOTICS,0.75,primary mapping to ROBOTICS (機器人),v2-tax-2 research mapping; company primary business lines plus TW listed-code industry coverage,False
4576,ROBOTICS,0.75,primary mapping to ROBOTICS (機器人),v2-tax-2 research mapping; company primary business lines plus TW listed-code industry coverage,False
2239,ROBOTICS,0.75,primary mapping to ROBOTICS (機器人),v2-tax-2 research mapping; company primary business lines plus TW listed-code industry coverage,False
1560,ROBOTICS,0.75,primary mapping to ROBOTICS (機器人),v2-tax-2 research mapping; company primary business lines plus TW listed-code industry coverage,False
4555,ROBOTICS,0.75,primary mapping to ROBOTICS (機器人),v2-tax-2 research mapping; company primary business lines plus TW listed-code industry coverage,False
4555,INDUSTRIAL,0.75,inherited from ROBOTICS,v2-tax-2 research mapping; company primary business lines plus TW listed-code industry coverage,True
1560,TOOLING,0.75,primary mapping to TOOLING (工具與量測),v2-tax-2 research mapping; company primary business lines plus TW listed-code industry coverage,False
4526,TOOLING,0.75,primary mapping to TOOLING (工具與量測),v2-tax-2 research mapping; company primary business lines plus TW listed-code industry coverage,False
4533,TOOLING,0.75,primary mapping to TOOLING (工具與量測),v2-tax-2 research mapping; company primary business lines plus TW listed-code industry coverage,False
4533,INDUSTRIAL,0.75,inherited from TOOLING,v2-tax-2 research mapping; company primary business lines plus TW listed-code industry coverage,True
2049,TOOLING,0.75,primary mapping to TOOLING (工具與量測),v2-tax-2 research mapping; company primary business lines plus TW listed-code industry coverage,False
2603,SHIPPING,0.75,primary mapping to SHIPPING (航運),v2-tax-2 research mapping; company primary business lines plus TW listed-code industry coverage,False
2603,TRANSPORT,0.75,inherited from SHIPPING,v2-tax-2 research mapping; company primary business lines plus TW listed-code industry coverage,True
2609,SHIPPING,0.75,primary mapping to SHIPPING (航運),v2-tax-2 research mapping; company primary business lines plus TW listed-code industry coverage,False
2609,TRANSPORT,0.75,inherited from SHIPPING,v2-tax-2 research mapping; company primary business lines plus TW listed-code industry coverage,True
2615,SHIPPING,0.75,primary mapping to SHIPPING (航運),v2-tax-2 research mapping; company primary business lines plus TW listed-code industry coverage,False
2615,TRANSPORT,0.75,inherited from SHIPPING,v2-tax-2 research mapping; company primary business lines plus TW listed-code industry coverage,True
2605,SHIPPING,0.75,primary mapping to SHIPPING (航運),v2-tax-2 research mapping; company primary business lines plus TW listed-code industry coverage,False
2605,TRANSPORT,0.75,inherited from SHIPPING,v2-tax-2 research mapping; company primary business lines plus TW listed-code industry coverage,True
2637,SHIPPING,0.75,primary mapping to SHIPPING (航運),v2-tax-2 research mapping; company primary business lines plus TW listed-code industry coverage,False
2637,TRANSPORT,0.75,inherited from SHIPPING,v2-tax-2 research mapping; company primary business lines plus TW listed-code industry coverage,True
2606,SHIPPING,0.75,primary mapping to SHIPPING (航運),v2-tax-2 research mapping; company primary business lines plus TW listed-code industry coverage,False
2606,TRANSPORT,0.75,inherited from SHIPPING,v2-tax-2 research mapping; company primary business lines plus TW listed-code industry coverage,True
2617,SHIPPING,0.75,primary mapping to SHIPPING (航運),v2-tax-2 research mapping; company primary business lines plus TW listed-code industry coverage,False
2617,TRANSPORT,0.75,inherited from SHIPPING,v2-tax-2 research mapping; company primary business lines plus TW listed-code industry coverage,True
2603,CONTAINER,0.75,primary mapping to CONTAINER (貨櫃航運),v2-tax-2 research mapping; company primary business lines plus TW listed-code industry coverage,False
2609,CONTAINER,0.75,primary mapping to CONTAINER (貨櫃航運),v2-tax-2 research mapping; company primary business lines plus TW listed-code industry coverage,False
2615,CONTAINER,0.75,primary mapping to CONTAINER (貨櫃航運),v2-tax-2 research mapping; company primary business lines plus TW listed-code industry coverage,False
2605,BULK,0.75,primary mapping to BULK (散裝航運),v2-tax-2 research mapping; company primary business lines plus TW listed-code industry coverage,False
2637,BULK,0.75,primary mapping to BULK (散裝航運),v2-tax-2 research mapping; company primary business lines plus TW listed-code industry coverage,False
2606,BULK,0.75,primary mapping to BULK (散裝航運),v2-tax-2 research mapping; company primary business lines plus TW listed-code industry coverage,False
2612,BULK,0.75,primary mapping to BULK (散裝航運),v2-tax-2 research mapping; company primary business lines plus TW listed-code industry coverage,False
2612,SHIPPING,0.75,inherited from BULK,v2-tax-2 research mapping; company primary business lines plus TW listed-code industry coverage,True
2612,TRANSPORT,0.75,inherited from BULK,v2-tax-2 research mapping; company primary business lines plus TW listed-code industry coverage,True
5608,BULK,0.75,primary mapping to BULK (散裝航運),v2-tax-2 research mapping; company primary business lines plus TW listed-code industry coverage,False
5608,SHIPPING,0.75,inherited from BULK,v2-tax-2 research mapping; company primary business lines plus TW listed-code industry coverage,True
5608,TRANSPORT,0.75,inherited from BULK,v2-tax-2 research mapping; company primary business lines plus TW listed-code industry coverage,True
2618,AIRLINE,0.75,primary mapping to AIRLINE (航空),v2-tax-2 research mapping; company primary business lines plus TW listed-code industry coverage,False
2618,TRANSPORT,0.75,inherited from AIRLINE,v2-tax-2 research mapping; company primary business lines plus TW listed-code industry coverage,True
2610,AIRLINE,0.75,primary mapping to AIRLINE (航空),v2-tax-2 research mapping; company primary business lines plus TW listed-code industry coverage,False
2610,TRANSPORT,0.75,inherited from AIRLINE,v2-tax-2 research mapping; company primary business lines plus TW listed-code industry coverage,True
6752,AIRLINE,0.75,primary mapping to AIRLINE (航空),v2-tax-2 research mapping; company primary business lines plus TW listed-code industry coverage,False
6752,TRANSPORT,0.75,inherited from AIRLINE,v2-tax-2 research mapping; company primary business lines plus TW listed-code industry coverage,True
2646,AIRLINE,0.75,primary mapping to AIRLINE (航空),v2-tax-2 research mapping; company primary business lines plus TW listed-code industry coverage,False
2646,TRANSPORT,0.75,inherited from AIRLINE,v2-tax-2 research mapping; company primary business lines plus TW listed-code industry coverage,True
2618,AIRPORT,0.7,primary mapping to AIRPORT (空港地勤),v2-tax-2 research mapping; company primary business lines plus TW listed-code industry coverage,False
2610,AIRPORT,0.7,primary mapping to AIRPORT (空港地勤),v2-tax-2 research mapping; company primary business lines plus TW listed-code industry coverage,False
2729,AIRPORT,0.7,primary mapping to AIRPORT (空港地勤),v2-tax-2 research mapping; company primary business lines plus TW listed-code industry coverage,False
2729,TRANSPORT,0.7,inherited from AIRPORT,v2-tax-2 research mapping; company primary business lines plus TW listed-code industry coverage,True
2618,LOGISTICS,0.75,primary mapping to LOGISTICS (物流),v2-tax-2 research mapping; company primary business lines plus TW listed-code industry coverage,False
5607,LOGISTICS,0.75,primary mapping to LOGISTICS (物流),v2-tax-2 research mapping; company primary business lines plus TW listed-code industry coverage,False
5607,TRANSPORT,0.75,inherited from LOGISTICS,v2-tax-2 research mapping; company primary business lines plus TW listed-code industry coverage,True
5608,LOGISTICS,0.75,primary mapping to LOGISTICS (物流),v2-tax-2 research mapping; company primary business lines plus TW listed-code industry coverage,False
2606,LOGISTICS,0.75,primary mapping to LOGISTICS (物流),v2-tax-2 research mapping; company primary business lines plus TW listed-code industry coverage,False
2881,FHOLDING,0.75,primary mapping to FHOLDING (金控),v2-tax-2 research mapping; company primary business lines plus TW listed-code industry coverage,False
2881,FINANCIAL,0.75,inherited from FHOLDING,v2-tax-2 research mapping; company primary business lines plus TW listed-code industry coverage,True
2882,FHOLDING,0.75,primary mapping to FHOLDING (金控),v2-tax-2 research mapping; company primary business lines plus TW listed-code industry coverage,False
2882,FINANCIAL,0.75,inherited from FHOLDING,v2-tax-2 research mapping; company primary business lines plus TW listed-code industry coverage,True
2891,FHOLDING,0.75,primary mapping to FHOLDING (金控),v2-tax-2 research mapping; company primary business lines plus TW listed-code industry coverage,False
2891,FINANCIAL,0.75,inherited from FHOLDING,v2-tax-2 research mapping; company primary business lines plus TW listed-code industry coverage,True
2886,FHOLDING,0.75,primary mapping to FHOLDING (金控),v2-tax-2 research mapping; company primary business lines plus TW listed-code industry coverage,False
2886,FINANCIAL,0.75,inherited from FHOLDING,v2-tax-2 research mapping; company primary business lines plus TW listed-code industry coverage,True
2880,FHOLDING,0.75,primary mapping to FHOLDING (金控),v2-tax-2 research mapping; company primary business lines plus TW listed-code industry coverage,False
2880,FINANCIAL,0.75,inherited from FHOLDING,v2-tax-2 research mapping; company primary business lines plus TW listed-code industry coverage,True
2884,FHOLDING,0.75,primary mapping to FHOLDING (金控),v2-tax-2 research mapping; company primary business lines plus TW listed-code industry coverage,False
2884,FINANCIAL,0.75,inherited from FHOLDING,v2-tax-2 research mapping; company primary business lines plus TW listed-code industry coverage,True
2885,FHOLDING,0.75,primary mapping to FHOLDING (金控),v2-tax-2 research mapping; company primary business lines plus TW listed-code industry coverage,False
2885,FINANCIAL,0.75,inherited from FHOLDING,v2-tax-2 research mapping; company primary business lines plus TW listed-code industry coverage,True
2883,FHOLDING,0.75,primary mapping to FHOLDING (金控),v2-tax-2 research mapping; company primary business lines plus TW listed-code industry coverage,False
2883,FINANCIAL,0.75,inherited from FHOLDING,v2-tax-2 research mapping; company primary business lines plus TW listed-code industry coverage,True
2887,FHOLDING,0.75,primary mapping to FHOLDING (金控),v2-tax-2 research mapping; company primary business lines plus TW listed-code industry coverage,False
2887,FINANCIAL,0.75,inherited from FHOLDING,v2-tax-2 research mapping; company primary business lines plus TW listed-code industry coverage,True
2890,FHOLDING,0.75,primary mapping to FHOLDING (金控),v2-tax-2 research mapping; company primary business lines plus TW listed-code industry coverage,False
2890,FINANCIAL,0.75,inherited from FHOLDING,v2-tax-2 research mapping; company primary business lines plus TW listed-code industry coverage,True
2889,FHOLDING,0.75,primary mapping to FHOLDING (金控),v2-tax-2 research mapping; company primary business lines plus TW listed-code industry coverage,False
2889,FINANCIAL,0.75,inherited from FHOLDING,v2-tax-2 research mapping; company primary business lines plus TW listed-code industry coverage,True
2892,FHOLDING,0.75,primary mapping to FHOLDING (金控),v2-tax-2 research mapping; company primary business lines plus TW listed-code industry coverage,False
2892,FINANCIAL,0.75,inherited from FHOLDING,v2-tax-2 research mapping; company primary business lines plus TW listed-code industry coverage,True
5880,FHOLDING,0.75,primary mapping to FHOLDING (金控),v2-tax-2 research mapping; company primary business lines plus TW listed-code industry coverage,False
5880,FINANCIAL,0.75,inherited from FHOLDING,v2-tax-2 research mapping; company primary business lines plus TW listed-code industry coverage,True
2886,BANK,0.75,primary mapping to BANK (銀行),v2-tax-2 research mapping; company primary business lines plus TW listed-code industry coverage,False
2884,BANK,0.75,primary mapping to BANK (銀行),v2-tax-2 research mapping; company primary business lines plus TW listed-code industry coverage,False
2801,BANK,0.75,primary mapping to BANK (銀行),v2-tax-2 research mapping; company primary business lines plus TW listed-code industry coverage,False
2801,FINANCIAL,0.75,inherited from BANK,v2-tax-2 research mapping; company primary business lines plus TW listed-code industry coverage,True
2834,BANK,0.75,primary mapping to BANK (銀行),v2-tax-2 research mapping; company primary business lines plus TW listed-code industry coverage,False
2834,FINANCIAL,0.75,inherited from BANK,v2-tax-2 research mapping; company primary business lines plus TW listed-code industry coverage,True
2812,BANK,0.75,primary mapping to BANK (銀行),v2-tax-2 research mapping; company primary business lines plus TW listed-code industry coverage,False
2812,FINANCIAL,0.75,inherited from BANK,v2-tax-2 research mapping; company primary business lines plus TW listed-code industry coverage,True
5876,BANK,0.75,primary mapping to BANK (銀行),v2-tax-2 research mapping; company primary business lines plus TW listed-code industry coverage,False
5876,FINANCIAL,0.75,inherited from BANK,v2-tax-2 research mapping; company primary business lines plus TW listed-code industry coverage,True
2836,BANK,0.75,primary mapping to BANK (銀行),v2-tax-2 research mapping; company primary business lines plus TW listed-code industry coverage,False
2836,FINANCIAL,0.75,inherited from BANK,v2-tax-2 research mapping; company primary business lines plus TW listed-code industry coverage,True
2838,BANK,0.75,primary mapping to BANK (銀行),v2-tax-2 research mapping; company primary business lines plus TW listed-code industry coverage,False
2838,FINANCIAL,0.75,inherited from BANK,v2-tax-2 research mapping; company primary business lines plus TW listed-code industry coverage,True
2845,BANK,0.75,primary mapping to BANK (銀行),v2-tax-2 research mapping; company primary business lines plus TW listed-code industry coverage,False
2845,FINANCIAL,0.75,inherited from BANK,v2-tax-2 research mapping; company primary business lines plus TW listed-code industry coverage,True
2897,BANK,0.75,primary mapping to BANK (銀行),v2-tax-2 research mapping; company primary business lines plus TW listed-code industry coverage,False
2897,FINANCIAL,0.75,inherited from BANK,v2-tax-2 research mapping; company primary business lines plus TW listed-code industry coverage,True
2849,BANK,0.75,primary mapping to BANK (銀行),v2-tax-2 research mapping; company primary business lines plus TW listed-code industry coverage,False
2849,FINANCIAL,0.75,inherited from BANK,v2-tax-2 research mapping; company primary business lines plus TW listed-code industry coverage,True
2881,INSURANCE,0.75,primary mapping to INSURANCE (保險),v2-tax-2 research mapping; company primary business lines plus TW listed-code industry coverage,False
2882,INSURANCE,0.75,primary mapping to INSURANCE (保險),v2-tax-2 research mapping; company primary business lines plus TW listed-code industry coverage,False
2850,INSURANCE,0.75,primary mapping to INSURANCE (保險),v2-tax-2 research mapping; company primary business lines plus TW listed-code industry coverage,False
2850,FINANCIAL,0.75,inherited from INSURANCE,v2-tax-2 research mapping; company primary business lines plus TW listed-code industry coverage,True
2816,INSURANCE,0.75,primary mapping to INSURANCE (保險),v2-tax-2 research mapping; company primary business lines plus TW listed-code industry coverage,False
2816,FINANCIAL,0.75,inherited from INSURANCE,v2-tax-2 research mapping; company primary business lines plus TW listed-code industry coverage,True
2852,INSURANCE,0.75,primary mapping to INSURANCE (保險),v2-tax-2 research mapping; company primary business lines plus TW listed-code industry coverage,False
2852,FINANCIAL,0.75,inherited from INSURANCE,v2-tax-2 research mapping; company primary business lines plus TW listed-code industry coverage,True
2832,INSURANCE,0.75,primary mapping to INSURANCE (保險),v2-tax-2 research mapping; company primary business lines plus TW listed-code industry coverage,False
2832,FINANCIAL,0.75,inherited from INSURANCE,v2-tax-2 research mapping; company primary business lines plus TW listed-code industry coverage,True
2851,INSURANCE,0.75,primary mapping to INSURANCE (保險),v2-tax-2 research mapping; company primary business lines plus TW listed-code industry coverage,False
2851,FINANCIAL,0.75,inherited from INSURANCE,v2-tax-2 research mapping; company primary business lines plus TW listed-code industry coverage,True
2867,INSURANCE,0.75,primary mapping to INSURANCE (保險),v2-tax-2 research mapping; company primary business lines plus TW listed-code industry coverage,False
2867,FINANCIAL,0.75,inherited from INSURANCE,v2-tax-2 research mapping; company primary business lines plus TW listed-code industry coverage,True
6005,SECURITIES,0.75,primary mapping to SECURITIES (證券),v2-tax-2 research mapping; company primary business lines plus TW listed-code industry coverage,False
6005,FINANCIAL,0.75,inherited from SECURITIES,v2-tax-2 research mapping; company primary business lines plus TW listed-code industry coverage,True
2855,SECURITIES,0.75,primary mapping to SECURITIES (證券),v2-tax-2 research mapping; company primary business lines plus TW listed-code industry coverage,False
2855,FINANCIAL,0.75,inherited from SECURITIES,v2-tax-2 research mapping; company primary business lines plus TW listed-code industry coverage,True
6024,SECURITIES,0.75,primary mapping to SECURITIES (證券),v2-tax-2 research mapping; company primary business lines plus TW listed-code industry coverage,False
6024,FINANCIAL,0.75,inherited from SECURITIES,v2-tax-2 research mapping; company primary business lines plus TW listed-code industry coverage,True
2885,SECURITIES,0.75,primary mapping to SECURITIES (證券),v2-tax-2 research mapping; company primary business lines plus TW listed-code industry coverage,False
6016,SECURITIES,0.75,primary mapping to SECURITIES (證券),v2-tax-2 research mapping; company primary business lines plus TW listed-code industry coverage,False
6016,FINANCIAL,0.75,inherited from SECURITIES,v2-tax-2 research mapping; company primary business lines plus TW listed-code industry coverage,True
6015,SECURITIES,0.75,primary mapping to SECURITIES (證券),v2-tax-2 research mapping; company primary business lines plus TW listed-code industry coverage,False
6015,FINANCIAL,0.75,inherited from SECURITIES,v2-tax-2 research mapping; company primary business lines plus TW listed-code industry coverage,True
5871,LEASING,0.75,primary mapping to LEASING (租賃),v2-tax-2 research mapping; company primary business lines plus TW listed-code industry coverage,False
5871,FINANCIAL,0.75,inherited from LEASING,v2-tax-2 research mapping; company primary business lines plus TW listed-code industry coverage,True
9941,LEASING,0.75,primary mapping to LEASING (租賃),v2-tax-2 research mapping; company primary business lines plus TW listed-code industry coverage,False
9941,FINANCIAL,0.75,inherited from LEASING,v2-tax-2 research mapping; company primary business lines plus TW listed-code industry coverage,True
7855,LEASING,0.75,primary mapping to LEASING (租賃),v2-tax-2 research mapping; company primary business lines plus TW listed-code industry coverage,False
7855,FINANCIAL,0.75,inherited from LEASING,v2-tax-2 research mapping; company primary business lines plus TW listed-code industry coverage,True
2515,CONSTRUCTION,0.75,primary mapping to CONSTRUCTION (營造),v2-tax-2 research mapping; company primary business lines plus TW listed-code industry coverage,False
2515,PROPERTY,0.75,inherited from CONSTRUCTION,v2-tax-2 research mapping; company primary business lines plus TW listed-code industry coverage,True
2535,CONSTRUCTION,0.75,primary mapping to CONSTRUCTION (營造),v2-tax-2 research mapping; company primary business lines plus TW listed-code industry coverage,False
2535,PROPERTY,0.75,inherited from CONSTRUCTION,v2-tax-2 research mapping; company primary business lines plus TW listed-code industry coverage,True
9933,CONSTRUCTION,0.75,primary mapping to CONSTRUCTION (營造),v2-tax-2 research mapping; company primary business lines plus TW listed-code industry coverage,False
9933,PROPERTY,0.75,inherited from CONSTRUCTION,v2-tax-2 research mapping; company primary business lines plus TW listed-code industry coverage,True
2511,CONSTRUCTION,0.75,primary mapping to CONSTRUCTION (營造),v2-tax-2 research mapping; company primary business lines plus TW listed-code industry coverage,False
2511,PROPERTY,0.75,inherited from CONSTRUCTION,v2-tax-2 research mapping; company primary business lines plus TW listed-code industry coverage,True
5515,CONSTRUCTION,0.75,primary mapping to CONSTRUCTION (營造),v2-tax-2 research mapping; company primary business lines plus TW listed-code industry coverage,False
5515,PROPERTY,0.75,inherited from CONSTRUCTION,v2-tax-2 research mapping; company primary business lines plus TW listed-code industry coverage,True
2542,DEVELOPER,0.75,primary mapping to DEVELOPER (建設),v2-tax-2 research mapping; company primary business lines plus TW listed-code industry coverage,False
2542,PROPERTY,0.75,inherited from DEVELOPER,v2-tax-2 research mapping; company primary business lines plus TW listed-code industry coverage,True
2520,DEVELOPER,0.75,primary mapping to DEVELOPER (建設),v2-tax-2 research mapping; company primary business lines plus TW listed-code industry coverage,False
2520,PROPERTY,0.75,inherited from DEVELOPER,v2-tax-2 research mapping; company primary business lines plus TW listed-code industry coverage,True
2548,DEVELOPER,0.75,primary mapping to DEVELOPER (建設),v2-tax-2 research mapping; company primary business lines plus TW listed-code industry coverage,False
2548,PROPERTY,0.75,inherited from DEVELOPER,v2-tax-2 research mapping; company primary business lines plus TW listed-code industry coverage,True
2504,DEVELOPER,0.75,primary mapping to DEVELOPER (建設),v2-tax-2 research mapping; company primary business lines plus TW listed-code industry coverage,False
2504,PROPERTY,0.75,inherited from DEVELOPER,v2-tax-2 research mapping; company primary business lines plus TW listed-code industry coverage,True
2597,DEVELOPER,0.75,primary mapping to DEVELOPER (建設),v2-tax-2 research mapping; company primary business lines plus TW listed-code industry coverage,False
2597,PROPERTY,0.75,inherited from DEVELOPER,v2-tax-2 research mapping; company primary business lines plus TW listed-code industry coverage,True
2547,DEVELOPER,0.75,primary mapping to DEVELOPER (建設),v2-tax-2 research mapping; company primary business lines plus TW listed-code industry coverage,False
2547,PROPERTY,0.75,inherited from DEVELOPER,v2-tax-2 research mapping; company primary business lines plus TW listed-code industry coverage,True
5522,DEVELOPER,0.75,primary mapping to DEVELOPER (建設),v2-tax-2 research mapping; company primary business lines plus TW listed-code industry coverage,False
5522,PROPERTY,0.75,inherited from DEVELOPER,v2-tax-2 research mapping; company primary business lines plus TW listed-code industry coverage,True
1101,BUILDING_MAT,0.75,primary mapping to BUILDING_MAT (建材),v2-tax-2 research mapping; company primary business lines plus TW listed-code industry coverage,False
1101,PROPERTY,0.75,inherited from BUILDING_MAT,v2-tax-2 research mapping; company primary business lines plus TW listed-code industry coverage,True
1102,BUILDING_MAT,0.75,primary mapping to BUILDING_MAT (建材),v2-tax-2 research mapping; company primary business lines plus TW listed-code industry coverage,False
1102,PROPERTY,0.75,inherited from BUILDING_MAT,v2-tax-2 research mapping; company primary business lines plus TW listed-code industry coverage,True
1802,BUILDING_MAT,0.75,primary mapping to BUILDING_MAT (建材),v2-tax-2 research mapping; company primary business lines plus TW listed-code industry coverage,False
1802,PROPERTY,0.75,inherited from BUILDING_MAT,v2-tax-2 research mapping; company primary business lines plus TW listed-code industry coverage,True
2515,BUILDING_MAT,0.75,primary mapping to BUILDING_MAT (建材),v2-tax-2 research mapping; company primary business lines plus TW listed-code industry coverage,False
8463,BUILDING_MAT,0.75,primary mapping to BUILDING_MAT (建材),v2-tax-2 research mapping; company primary business lines plus TW listed-code industry coverage,False
8463,PROPERTY,0.75,inherited from BUILDING_MAT,v2-tax-2 research mapping; company primary business lines plus TW listed-code industry coverage,True
1216,FOOD,0.75,primary mapping to FOOD (食品),v2-tax-2 research mapping; company primary business lines plus TW listed-code industry coverage,False
1216,CONSUMER,0.75,inherited from FOOD,v2-tax-2 research mapping; company primary business lines plus TW listed-code industry coverage,True
1201,FOOD,0.75,primary mapping to FOOD (食品),v2-tax-2 research mapping; company primary business lines plus TW listed-code industry coverage,False
1201,CONSUMER,0.75,inherited from FOOD,v2-tax-2 research mapping; company primary business lines plus TW listed-code industry coverage,True
1215,FOOD,0.75,primary mapping to FOOD (食品),v2-tax-2 research mapping; company primary business lines plus TW listed-code industry coverage,False
1215,CONSUMER,0.75,inherited from FOOD,v2-tax-2 research mapping; company primary business lines plus TW listed-code industry coverage,True
1227,FOOD,0.75,primary mapping to FOOD (食品),v2-tax-2 research mapping; company primary business lines plus TW listed-code industry coverage,False
1227,CONSUMER,0.75,inherited from FOOD,v2-tax-2 research mapping; company primary business lines plus TW listed-code industry coverage,True
1232,FOOD,0.75,primary mapping to FOOD (食品),v2-tax-2 research mapping; company primary business lines plus TW listed-code industry coverage,False
1232,CONSUMER,0.75,inherited from FOOD,v2-tax-2 research mapping; company primary business lines plus TW listed-code industry coverage,True
1229,FOOD,0.75,primary mapping to FOOD (食品),v2-tax-2 research mapping; company primary business lines plus TW listed-code industry coverage,False
1229,CONSUMER,0.75,inherited from FOOD,v2-tax-2 research mapping; company primary business lines plus TW listed-code industry coverage,True
1231,FOOD,0.75,primary mapping to FOOD (食品),v2-tax-2 research mapping; company primary business lines plus TW listed-code industry coverage,False
1231,CONSUMER,0.75,inherited from FOOD,v2-tax-2 research mapping; company primary business lines plus TW listed-code industry coverage,True
2912,RETAIL,0.75,primary mapping to RETAIL (通路零售),v2-tax-2 research mapping; company primary business lines plus TW listed-code industry coverage,False
2912,CONSUMER,0.75,inherited from RETAIL,v2-tax-2 research mapping; company primary business lines plus TW listed-code industry coverage,True
5904,RETAIL,0.75,primary mapping to RETAIL (通路零售),v2-tax-2 research mapping; company primary business lines plus TW listed-code industry coverage,False
5904,CONSUMER,0.75,inherited from RETAIL,v2-tax-2 research mapping; company primary business lines plus TW listed-code industry coverage,True
5903,RETAIL,0.75,primary mapping to RETAIL (通路零售),v2-tax-2 research mapping; company primary business lines plus TW listed-code industry coverage,False
5903,CONSUMER,0.75,inherited from RETAIL,v2-tax-2 research mapping; company primary business lines plus TW listed-code industry coverage,True
2910,RETAIL,0.75,primary mapping to RETAIL (通路零售),v2-tax-2 research mapping; company primary business lines plus TW listed-code industry coverage,False
2910,CONSUMER,0.75,inherited from RETAIL,v2-tax-2 research mapping; company primary business lines plus TW listed-code industry coverage,True
2926,RETAIL,0.75,primary mapping to RETAIL (通路零售),v2-tax-2 research mapping; company primary business lines plus TW listed-code industry coverage,False
2926,CONSUMER,0.75,inherited from RETAIL,v2-tax-2 research mapping; company primary business lines plus TW listed-code industry coverage,True
8454,RETAIL,0.75,primary mapping to RETAIL (通路零售),v2-tax-2 research mapping; company primary business lines plus TW listed-code industry coverage,False
8454,CONSUMER,0.75,inherited from RETAIL,v2-tax-2 research mapping; company primary business lines plus TW listed-code industry coverage,True
9910,FOOTWEAR,0.75,primary mapping to FOOTWEAR (鞋類與運動),v2-tax-2 research mapping; company primary business lines plus TW listed-code industry coverage,False
9910,CONSUMER,0.75,inherited from FOOTWEAR,v2-tax-2 research mapping; company primary business lines plus TW listed-code industry coverage,True
9802,FOOTWEAR,0.75,primary mapping to FOOTWEAR (鞋類與運動),v2-tax-2 research mapping; company primary business lines plus TW listed-code industry coverage,False
9802,CONSUMER,0.75,inherited from FOOTWEAR,v2-tax-2 research mapping; company primary business lines plus TW listed-code industry coverage,True
9904,FOOTWEAR,0.75,primary mapping to FOOTWEAR (鞋類與運動),v2-tax-2 research mapping; company primary business lines plus TW listed-code industry coverage,False
9904,CONSUMER,0.75,inherited from FOOTWEAR,v2-tax-2 research mapping; company primary business lines plus TW listed-code industry coverage,True
1476,FOOTWEAR,0.75,primary mapping to FOOTWEAR (鞋類與運動),v2-tax-2 research mapping; company primary business lines plus TW listed-code industry coverage,False
1476,CONSUMER,0.75,inherited from FOOTWEAR,v2-tax-2 research mapping; company primary business lines plus TW listed-code industry coverage,True
9917,FOOTWEAR,0.75,primary mapping to FOOTWEAR (鞋類與運動),v2-tax-2 research mapping; company primary business lines plus TW listed-code industry coverage,False
9917,CONSUMER,0.75,inherited from FOOTWEAR,v2-tax-2 research mapping; company primary business lines plus TW listed-code industry coverage,True
9914,BICYCLE,0.75,primary mapping to BICYCLE (自行車),v2-tax-2 research mapping; company primary business lines plus TW listed-code industry coverage,False
9914,CONSUMER,0.75,inherited from BICYCLE,v2-tax-2 research mapping; company primary business lines plus TW listed-code industry coverage,True
9921,BICYCLE,0.75,primary mapping to BICYCLE (自行車),v2-tax-2 research mapping; company primary business lines plus TW listed-code industry coverage,False
9921,CONSUMER,0.75,inherited from BICYCLE,v2-tax-2 research mapping; company primary business lines plus TW listed-code industry coverage,True
1591,BICYCLE,0.75,primary mapping to BICYCLE (自行車),v2-tax-2 research mapping; company primary business lines plus TW listed-code industry coverage,False
1591,CONSUMER,0.75,inherited from BICYCLE,v2-tax-2 research mapping; company primary business lines plus TW listed-code industry coverage,True
1515,BICYCLE,0.75,primary mapping to BICYCLE (自行車),v2-tax-2 research mapping; company primary business lines plus TW listed-code industry coverage,False
1515,CONSUMER,0.75,inherited from BICYCLE,v2-tax-2 research mapping; company primary business lines plus TW listed-code industry coverage,True
2707,TOURISM,0.75,primary mapping to TOURISM (觀光餐旅),v2-tax-2 research mapping; company primary business lines plus TW listed-code industry coverage,False
2707,CONSUMER,0.75,inherited from TOURISM,v2-tax-2 research mapping; company primary business lines plus TW listed-code industry coverage,True
2727,TOURISM,0.75,primary mapping to TOURISM (觀光餐旅),v2-tax-2 research mapping; company primary business lines plus TW listed-code industry coverage,False
2727,CONSUMER,0.75,inherited from TOURISM,v2-tax-2 research mapping; company primary business lines plus TW listed-code industry coverage,True
2722,TOURISM,0.75,primary mapping to TOURISM (觀光餐旅),v2-tax-2 research mapping; company primary business lines plus TW listed-code industry coverage,False
2722,CONSUMER,0.75,inherited from TOURISM,v2-tax-2 research mapping; company primary business lines plus TW listed-code industry coverage,True
2731,TOURISM,0.75,primary mapping to TOURISM (觀光餐旅),v2-tax-2 research mapping; company primary business lines plus TW listed-code industry coverage,False
2731,CONSUMER,0.75,inherited from TOURISM,v2-tax-2 research mapping; company primary business lines plus TW listed-code industry coverage,True
5706,TOURISM,0.75,primary mapping to TOURISM (觀光餐旅),v2-tax-2 research mapping; company primary business lines plus TW listed-code industry coverage,False
5706,CONSUMER,0.75,inherited from TOURISM,v2-tax-2 research mapping; company primary business lines plus TW listed-code industry coverage,True
4743,BIOPHARMA,0.75,primary mapping to BIOPHARMA (製藥生技),v2-tax-2 research mapping; company primary business lines plus TW listed-code industry coverage,False
4743,HEALTH,0.75,inherited from BIOPHARMA,v2-tax-2 research mapping; company primary business lines plus TW listed-code industry coverage,True
6547,BIOPHARMA,0.75,primary mapping to BIOPHARMA (製藥生技),v2-tax-2 research mapping; company primary business lines plus TW listed-code industry coverage,False
6547,HEALTH,0.75,inherited from BIOPHARMA,v2-tax-2 research mapping; company primary business lines plus TW listed-code industry coverage,True
4119,BIOPHARMA,0.75,primary mapping to BIOPHARMA (製藥生技),v2-tax-2 research mapping; company primary business lines plus TW listed-code industry coverage,False
4119,HEALTH,0.75,inherited from BIOPHARMA,v2-tax-2 research mapping; company primary business lines plus TW listed-code industry coverage,True
1762,BIOPHARMA,0.75,primary mapping to BIOPHARMA (製藥生技),v2-tax-2 research mapping; company primary business lines plus TW listed-code industry coverage,False
1762,HEALTH,0.75,inherited from BIOPHARMA,v2-tax-2 research mapping; company primary business lines plus TW listed-code industry coverage,True
4142,BIOPHARMA,0.75,primary mapping to BIOPHARMA (製藥生技),v2-tax-2 research mapping; company primary business lines plus TW listed-code industry coverage,False
4142,HEALTH,0.75,inherited from BIOPHARMA,v2-tax-2 research mapping; company primary business lines plus TW listed-code industry coverage,True
3164,BIOPHARMA,0.75,primary mapping to BIOPHARMA (製藥生技),v2-tax-2 research mapping; company primary business lines plus TW listed-code industry coverage,False
3164,HEALTH,0.75,inherited from BIOPHARMA,v2-tax-2 research mapping; company primary business lines plus TW listed-code industry coverage,True
1707,CDMO,0.75,primary mapping to CDMO (CDMO),v2-tax-2 research mapping; company primary business lines plus TW listed-code industry coverage,False
1707,HEALTH,0.75,inherited from CDMO,v2-tax-2 research mapping; company primary business lines plus TW listed-code industry coverage,True
1795,CDMO,0.75,primary mapping to CDMO (CDMO),v2-tax-2 research mapping; company primary business lines plus TW listed-code industry coverage,False
1795,HEALTH,0.75,inherited from CDMO,v2-tax-2 research mapping; company primary business lines plus TW listed-code industry coverage,True
6541,CDMO,0.75,primary mapping to CDMO (CDMO),v2-tax-2 research mapping; company primary business lines plus TW listed-code industry coverage,False
6541,HEALTH,0.75,inherited from CDMO,v2-tax-2 research mapping; company primary business lines plus TW listed-code industry coverage,True
4743,CDMO,0.75,primary mapping to CDMO (CDMO),v2-tax-2 research mapping; company primary business lines plus TW listed-code industry coverage,False
4105,DEVICE,0.75,primary mapping to DEVICE (醫材),v2-tax-2 research mapping; company primary business lines plus TW listed-code industry coverage,False
4105,HEALTH,0.75,inherited from DEVICE,v2-tax-2 research mapping; company primary business lines plus TW listed-code industry coverage,True
1783,DEVICE,0.75,primary mapping to DEVICE (醫材),v2-tax-2 research mapping; company primary business lines plus TW listed-code industry coverage,False
1783,HEALTH,0.75,inherited from DEVICE,v2-tax-2 research mapping; company primary business lines plus TW listed-code industry coverage,True
4106,DEVICE,0.75,primary mapping to DEVICE (醫材),v2-tax-2 research mapping; company primary business lines plus TW listed-code industry coverage,False
4106,HEALTH,0.75,inherited from DEVICE,v2-tax-2 research mapping; company primary business lines plus TW listed-code industry coverage,True
4162,DEVICE,0.75,primary mapping to DEVICE (醫材),v2-tax-2 research mapping; company primary business lines plus TW listed-code industry coverage,False
4162,HEALTH,0.75,inherited from DEVICE,v2-tax-2 research mapping; company primary business lines plus TW listed-code industry coverage,True
4128,DEVICE,0.75,primary mapping to DEVICE (醫材),v2-tax-2 research mapping; company primary business lines plus TW listed-code industry coverage,False
4128,HEALTH,0.75,inherited from DEVICE,v2-tax-2 research mapping; company primary business lines plus TW listed-code industry coverage,True
9907,HOSPITAL,0.7,primary mapping to HOSPITAL (醫院),v2-tax-2 research mapping; company primary business lines plus TW listed-code industry coverage,False
9907,HEALTH,0.7,inherited from HOSPITAL,v2-tax-2 research mapping; company primary business lines plus TW listed-code industry coverage,True
4128,HOSPITAL,0.7,primary mapping to HOSPITAL (醫院),v2-tax-2 research mapping; company primary business lines plus TW listed-code industry coverage,False
4137,HOSPITAL,0.7,primary mapping to HOSPITAL (醫院),v2-tax-2 research mapping; company primary business lines plus TW listed-code industry coverage,False
4137,HEALTH,0.7,inherited from HOSPITAL,v2-tax-2 research mapping; company primary business lines plus TW listed-code industry coverage,True
2634,DRONE,0.7,primary mapping to DRONE (無人機),v2-tax-2 research mapping; company primary business lines plus TW listed-code industry coverage,False
2634,EMERGING,0.7,inherited from DRONE,v2-tax-2 research mapping; company primary business lines plus TW listed-code industry coverage,True
4572,DRONE,0.7,primary mapping to DRONE (無人機),v2-tax-2 research mapping; company primary business lines plus TW listed-code industry coverage,False
4572,EMERGING,0.7,inherited from DRONE,v2-tax-2 research mapping; company primary business lines plus TW listed-code industry coverage,True
8032,DRONE,0.7,primary mapping to DRONE (無人機),v2-tax-2 research mapping; company primary business lines plus TW listed-code industry coverage,False
8032,EMERGING,0.7,inherited from DRONE,v2-tax-2 research mapping; company primary business lines plus TW listed-code industry coverage,True
2239,DRONE,0.7,primary mapping to DRONE (無人機),v2-tax-2 research mapping; company primary business lines plus TW listed-code industry coverage,False
2239,EMERGING,0.7,inherited from DRONE,v2-tax-2 research mapping; company primary business lines plus TW listed-code industry coverage,True
2634,DEFENSE,0.75,primary mapping to DEFENSE (國防),v2-tax-2 research mapping; company primary business lines plus TW listed-code industry coverage,False
2208,DEFENSE,0.75,primary mapping to DEFENSE (國防),v2-tax-2 research mapping; company primary business lines plus TW listed-code industry coverage,False
2208,EMERGING,0.75,inherited from DEFENSE,v2-tax-2 research mapping; company primary business lines plus TW listed-code industry coverage,True
1513,DEFENSE,0.75,primary mapping to DEFENSE (國防),v2-tax-2 research mapping; company primary business lines plus TW listed-code industry coverage,False
1513,EMERGING,0.75,inherited from DEFENSE,v2-tax-2 research mapping; company primary business lines plus TW listed-code industry coverage,True
1519,DEFENSE,0.75,primary mapping to DEFENSE (國防),v2-tax-2 research mapping; company primary business lines plus TW listed-code industry coverage,False
1519,EMERGING,0.75,inherited from DEFENSE,v2-tax-2 research mapping; company primary business lines plus TW listed-code industry coverage,True
2414,DEFENSE,0.75,primary mapping to DEFENSE (國防),v2-tax-2 research mapping; company primary business lines plus TW listed-code industry coverage,False
2414,EMERGING,0.75,inherited from DEFENSE,v2-tax-2 research mapping; company primary business lines plus TW listed-code industry coverage,True
8032,DEFENSE,0.75,primary mapping to DEFENSE (國防),v2-tax-2 research mapping; company primary business lines plus TW listed-code industry coverage,False
3025,SATELLITE,0.7,primary mapping to SATELLITE (衛星),v2-tax-2 research mapping; company primary business lines plus TW listed-code industry coverage,False
3025,EMERGING,0.7,inherited from SATELLITE,v2-tax-2 research mapping; company primary business lines plus TW listed-code industry coverage,True
3062,SATELLITE,0.7,primary mapping to SATELLITE (衛星),v2-tax-2 research mapping; company primary business lines plus TW listed-code industry coverage,False
3062,EMERGING,0.7,inherited from SATELLITE,v2-tax-2 research mapping; company primary business lines plus TW listed-code industry coverage,True
5388,SATELLITE,0.7,primary mapping to SATELLITE (衛星),v2-tax-2 research mapping; company primary business lines plus TW listed-code industry coverage,False
5388,EMERGING,0.7,inherited from SATELLITE,v2-tax-2 research mapping; company primary business lines plus TW listed-code industry coverage,True
4977,SATELLITE,0.7,primary mapping to SATELLITE (衛星),v2-tax-2 research mapping; company primary business lines plus TW listed-code industry coverage,False
4977,EMERGING,0.7,inherited from SATELLITE,v2-tax-2 research mapping; company primary business lines plus TW listed-code industry coverage,True
1513,HYDROGEN,0.7,primary mapping to HYDROGEN (氫能),v2-tax-2 research mapping; company primary business lines plus TW listed-code industry coverage,False
1605,HYDROGEN,0.7,primary mapping to HYDROGEN (氫能),v2-tax-2 research mapping; company primary business lines plus TW listed-code industry coverage,False
1605,EMERGING,0.7,inherited from HYDROGEN,v2-tax-2 research mapping; company primary business lines plus TW listed-code industry coverage,True
1723,HYDROGEN,0.7,primary mapping to HYDROGEN (氫能),v2-tax-2 research mapping; company primary business lines plus TW listed-code industry coverage,False
1723,EMERGING,0.7,inherited from HYDROGEN,v2-tax-2 research mapping; company primary business lines plus TW listed-code industry coverage,True
2208,HYDROGEN,0.7,primary mapping to HYDROGEN (氫能),v2-tax-2 research mapping; company primary business lines plus TW listed-code industry coverage,False
3702,IC_DIST,0.75,primary mapping to IC_DIST (IC通路),v2-tax-2 research mapping; company primary business lines plus TW listed-code industry coverage,False
3702,TECH_CH,0.75,inherited from IC_DIST,v2-tax-2 research mapping; company primary business lines plus TW listed-code industry coverage,True
3036,IC_DIST,0.75,primary mapping to IC_DIST (IC通路),v2-tax-2 research mapping; company primary business lines plus TW listed-code industry coverage,False
3036,TECH_CH,0.75,inherited from IC_DIST,v2-tax-2 research mapping; company primary business lines plus TW listed-code industry coverage,True
2347,IC_DIST,0.75,primary mapping to IC_DIST (IC通路),v2-tax-2 research mapping; company primary business lines plus TW listed-code industry coverage,False
2347,TECH_CH,0.75,inherited from IC_DIST,v2-tax-2 research mapping; company primary business lines plus TW listed-code industry coverage,True
3312,IC_DIST,0.75,primary mapping to IC_DIST (IC通路),v2-tax-2 research mapping; company primary business lines plus TW listed-code industry coverage,False
3312,TECH_CH,0.75,inherited from IC_DIST,v2-tax-2 research mapping; company primary business lines plus TW listed-code industry coverage,True
8112,IC_DIST,0.75,primary mapping to IC_DIST (IC通路),v2-tax-2 research mapping; company primary business lines plus TW listed-code industry coverage,False
8112,TECH_CH,0.75,inherited from IC_DIST,v2-tax-2 research mapping; company primary business lines plus TW listed-code industry coverage,True
5434,IC_DIST,0.75,primary mapping to IC_DIST (IC通路),v2-tax-2 research mapping; company primary business lines plus TW listed-code industry coverage,False
5434,TECH_CH,0.75,inherited from IC_DIST,v2-tax-2 research mapping; company primary business lines plus TW listed-code industry coverage,True
2347,IT_DIST,0.75,primary mapping to IT_DIST (資訊通路),v2-tax-2 research mapping; company primary business lines plus TW listed-code industry coverage,False
2453,IT_DIST,0.75,primary mapping to IT_DIST (資訊通路),v2-tax-2 research mapping; company primary business lines plus TW listed-code industry coverage,False
2453,TECH_CH,0.75,inherited from IT_DIST,v2-tax-2 research mapping; company primary business lines plus TW listed-code industry coverage,True
2414,IT_DIST,0.75,primary mapping to IT_DIST (資訊通路),v2-tax-2 research mapping; company primary business lines plus TW listed-code industry coverage,False
2414,TECH_CH,0.75,inherited from IT_DIST,v2-tax-2 research mapping; company primary business lines plus TW listed-code industry coverage,True
3702,IT_DIST,0.75,primary mapping to IT_DIST (資訊通路),v2-tax-2 research mapping; company primary business lines plus TW listed-code industry coverage,False
3036,IT_DIST,0.75,primary mapping to IT_DIST (資訊通路),v2-tax-2 research mapping; company primary business lines plus TW listed-code industry coverage,False
1103,CEMENT,0.55,TW listed-code prefix 11 → CEMENT,v2-tax-2 coverage: TW listed-code prefix and name keywords,False
1103,MATERIALS,0.55,inherited from CEMENT,v2-tax-2 coverage: TW listed-code prefix and name keywords,True
1203,FOOD,0.55,TW listed-code prefix 12 → FOOD,v2-tax-2 coverage: TW listed-code prefix and name keywords,False
1203,CONSUMER,0.55,inherited from FOOD,v2-tax-2 coverage: TW listed-code prefix and name keywords,True
1210,FOOD,0.55,TW listed-code prefix 12 → FOOD,v2-tax-2 coverage: TW listed-code prefix and name keywords,False
1210,CONSUMER,0.55,inherited from FOOD,v2-tax-2 coverage: TW listed-code prefix and name keywords,True
1213,FOOD,0.55,TW listed-code prefix 12 → FOOD,v2-tax-2 coverage: TW listed-code prefix and name keywords,False
1213,CONSUMER,0.55,inherited from FOOD,v2-tax-2 coverage: TW listed-code prefix and name keywords,True
1217,FOOD,0.55,TW listed-code prefix 12 → FOOD,v2-tax-2 coverage: TW listed-code prefix and name keywords,False
1217,CONSUMER,0.55,inherited from FOOD,v2-tax-2 coverage: TW listed-code prefix and name keywords,True
1218,FOOD,0.55,TW listed-code prefix 12 → FOOD,v2-tax-2 coverage: TW listed-code prefix and name keywords,False
1218,CONSUMER,0.55,inherited from FOOD,v2-tax-2 coverage: TW listed-code prefix and name keywords,True
1219,FOOD,0.55,TW listed-code prefix 12 → FOOD,v2-tax-2 coverage: TW listed-code prefix and name keywords,False
1219,CONSUMER,0.55,inherited from FOOD,v2-tax-2 coverage: TW listed-code prefix and name keywords,True
1220,FOOD,0.55,TW listed-code prefix 12 → FOOD,v2-tax-2 coverage: TW listed-code prefix and name keywords,False
1220,CONSUMER,0.55,inherited from FOOD,v2-tax-2 coverage: TW listed-code prefix and name keywords,True
1225,FOOD,0.55,TW listed-code prefix 12 → FOOD,v2-tax-2 coverage: TW listed-code prefix and name keywords,False
1225,CONSUMER,0.55,inherited from FOOD,v2-tax-2 coverage: TW listed-code prefix and name keywords,True
1233,FOOD,0.55,TW listed-code prefix 12 → FOOD,v2-tax-2 coverage: TW listed-code prefix and name keywords,False
1233,CONSUMER,0.55,inherited from FOOD,v2-tax-2 coverage: TW listed-code prefix and name keywords,True
1234,FOOD,0.55,TW listed-code prefix 12 → FOOD,v2-tax-2 coverage: TW listed-code prefix and name keywords,False
1234,CONSUMER,0.55,inherited from FOOD,v2-tax-2 coverage: TW listed-code prefix and name keywords,True
1235,FOOD,0.55,TW listed-code prefix 12 → FOOD,v2-tax-2 coverage: TW listed-code prefix and name keywords,False
1235,CONSUMER,0.55,inherited from FOOD,v2-tax-2 coverage: TW listed-code prefix and name keywords,True
1236,FOOD,0.55,TW listed-code prefix 12 → FOOD,v2-tax-2 coverage: TW listed-code prefix and name keywords,False
1236,CONSUMER,0.55,inherited from FOOD,v2-tax-2 coverage: TW listed-code prefix and name keywords,True
1240,FOOD,0.55,TW listed-code prefix 12 → FOOD,v2-tax-2 coverage: TW listed-code prefix and name keywords,False
1240,CONSUMER,0.55,inherited from FOOD,v2-tax-2 coverage: TW listed-code prefix and name keywords,True
1256,FOOD,0.55,TW listed-code prefix 12 → FOOD,v2-tax-2 coverage: TW listed-code prefix and name keywords,False
1256,CONSUMER,0.55,inherited from FOOD,v2-tax-2 coverage: TW listed-code prefix and name keywords,True
1259,FOOD,0.55,TW listed-code prefix 12 → FOOD,v2-tax-2 coverage: TW listed-code prefix and name keywords,False
1259,CONSUMER,0.55,inherited from FOOD,v2-tax-2 coverage: TW listed-code prefix and name keywords,True
1264,FOOD,0.55,TW listed-code prefix 12 → FOOD,v2-tax-2 coverage: TW listed-code prefix and name keywords,False
1264,CONSUMER,0.55,inherited from FOOD,v2-tax-2 coverage: TW listed-code prefix and name keywords,True
1268,FOOD,0.55,TW listed-code prefix 12 → FOOD,v2-tax-2 coverage: TW listed-code prefix and name keywords,False
1268,CONSUMER,0.55,inherited from FOOD,v2-tax-2 coverage: TW listed-code prefix and name keywords,True
1294,FOOD,0.55,TW listed-code prefix 12 → FOOD,v2-tax-2 coverage: TW listed-code prefix and name keywords,False
1294,CONSUMER,0.55,inherited from FOOD,v2-tax-2 coverage: TW listed-code prefix and name keywords,True
1295,FOOD,0.55,TW listed-code prefix 12 → FOOD,v2-tax-2 coverage: TW listed-code prefix and name keywords,False
1295,CONSUMER,0.55,inherited from FOOD,v2-tax-2 coverage: TW listed-code prefix and name keywords,True
8905,FOOD,0.55,TW listed-code prefix 89 → FOOD,v2-tax-2 coverage: TW listed-code prefix and name keywords,False
8905,CONSUMER,0.55,inherited from FOOD,v2-tax-2 coverage: TW listed-code prefix and name keywords,True
8906,FOOD,0.55,TW listed-code prefix 89 → FOOD,v2-tax-2 coverage: TW listed-code prefix and name keywords,False
8906,CONSUMER,0.55,inherited from FOOD,v2-tax-2 coverage: TW listed-code prefix and name keywords,True
8908,FOOD,0.55,TW listed-code prefix 89 → FOOD,v2-tax-2 coverage: TW listed-code prefix and name keywords,False
8908,CONSUMER,0.55,inherited from FOOD,v2-tax-2 coverage: TW listed-code prefix and name keywords,True
8916,FOOD,0.55,TW listed-code prefix 89 → FOOD,v2-tax-2 coverage: TW listed-code prefix and name keywords,False
8916,CONSUMER,0.55,inherited from FOOD,v2-tax-2 coverage: TW listed-code prefix and name keywords,True
8917,FOOD,0.55,TW listed-code prefix 89 → FOOD,v2-tax-2 coverage: TW listed-code prefix and name keywords,False
8917,CONSUMER,0.55,inherited from FOOD,v2-tax-2 coverage: TW listed-code prefix and name keywords,True
8921,FOOD,0.55,TW listed-code prefix 89 → FOOD,v2-tax-2 coverage: TW listed-code prefix and name keywords,False
8921,CONSUMER,0.55,inherited from FOOD,v2-tax-2 coverage: TW listed-code prefix and name keywords,True
8923,FOOD,0.55,TW listed-code prefix 89 → FOOD,v2-tax-2 coverage: TW listed-code prefix and name keywords,False
8923,CONSUMER,0.55,inherited from FOOD,v2-tax-2 coverage: TW listed-code prefix and name keywords,True
8924,FOOD,0.55,TW listed-code prefix 89 → FOOD,v2-tax-2 coverage: TW listed-code prefix and name keywords,False
8924,CONSUMER,0.55,inherited from FOOD,v2-tax-2 coverage: TW listed-code prefix and name keywords,True
8926,FOOD,0.55,TW listed-code prefix 89 → FOOD,v2-tax-2 coverage: TW listed-code prefix and name keywords,False
8926,CONSUMER,0.55,inherited from FOOD,v2-tax-2 coverage: TW listed-code prefix and name keywords,True
8927,FOOD,0.55,TW listed-code prefix 89 → FOOD,v2-tax-2 coverage: TW listed-code prefix and name keywords,False
8927,CONSUMER,0.55,inherited from FOOD,v2-tax-2 coverage: TW listed-code prefix and name keywords,True
8928,FOOD,0.55,TW listed-code prefix 89 → FOOD,v2-tax-2 coverage: TW listed-code prefix and name keywords,False
8928,CONSUMER,0.55,inherited from FOOD,v2-tax-2 coverage: TW listed-code prefix and name keywords,True
8929,FOOD,0.55,TW listed-code prefix 89 → FOOD,v2-tax-2 coverage: TW listed-code prefix and name keywords,False
8929,CONSUMER,0.55,inherited from FOOD,v2-tax-2 coverage: TW listed-code prefix and name keywords,True
8930,FOOD,0.55,TW listed-code prefix 89 → FOOD,v2-tax-2 coverage: TW listed-code prefix and name keywords,False
8930,CONSUMER,0.55,inherited from FOOD,v2-tax-2 coverage: TW listed-code prefix and name keywords,True
8931,FOOD,0.55,TW listed-code prefix 89 → FOOD,v2-tax-2 coverage: TW listed-code prefix and name keywords,False
8931,CONSUMER,0.55,inherited from FOOD,v2-tax-2 coverage: TW listed-code prefix and name keywords,True
8932,FOOD,0.55,TW listed-code prefix 89 → FOOD,v2-tax-2 coverage: TW listed-code prefix and name keywords,False
8932,CONSUMER,0.55,inherited from FOOD,v2-tax-2 coverage: TW listed-code prefix and name keywords,True
8933,FOOD,0.55,TW listed-code prefix 89 → FOOD,v2-tax-2 coverage: TW listed-code prefix and name keywords,False
8933,CONSUMER,0.55,inherited from FOOD,v2-tax-2 coverage: TW listed-code prefix and name keywords,True
8935,FOOD,0.55,TW listed-code prefix 89 → FOOD,v2-tax-2 coverage: TW listed-code prefix and name keywords,False
8935,CONSUMER,0.55,inherited from FOOD,v2-tax-2 coverage: TW listed-code prefix and name keywords,True
8936,FOOD,0.55,TW listed-code prefix 89 → FOOD,v2-tax-2 coverage: TW listed-code prefix and name keywords,False
8936,CONSUMER,0.55,inherited from FOOD,v2-tax-2 coverage: TW listed-code prefix and name keywords,True
8937,FOOD,0.55,TW listed-code prefix 89 → FOOD,v2-tax-2 coverage: TW listed-code prefix and name keywords,False
8937,CONSUMER,0.55,inherited from FOOD,v2-tax-2 coverage: TW listed-code prefix and name keywords,True
8938,FOOD,0.55,TW listed-code prefix 89 → FOOD,v2-tax-2 coverage: TW listed-code prefix and name keywords,False
8938,CONSUMER,0.55,inherited from FOOD,v2-tax-2 coverage: TW listed-code prefix and name keywords,True
8940,FOOD,0.55,TW listed-code prefix 89 → FOOD,v2-tax-2 coverage: TW listed-code prefix and name keywords,False
8940,CONSUMER,0.55,inherited from FOOD,v2-tax-2 coverage: TW listed-code prefix and name keywords,True
8941,FOOD,0.55,TW listed-code prefix 89 → FOOD,v2-tax-2 coverage: TW listed-code prefix and name keywords,False
8941,CONSUMER,0.55,inherited from FOOD,v2-tax-2 coverage: TW listed-code prefix and name keywords,True
8942,FOOD,0.55,TW listed-code prefix 89 → FOOD,v2-tax-2 coverage: TW listed-code prefix and name keywords,False
8942,CONSUMER,0.55,inherited from FOOD,v2-tax-2 coverage: TW listed-code prefix and name keywords,True
8996,FOOD,0.55,TW listed-code prefix 89 → FOOD,v2-tax-2 coverage: TW listed-code prefix and name keywords,False
8996,CONSUMER,0.55,inherited from FOOD,v2-tax-2 coverage: TW listed-code prefix and name keywords,True
1294,BIOPHARMA,0.62,name keyword 生技 → BIOPHARMA,v2-tax-2 coverage: TW listed-code prefix and name keywords,False
1294,HEALTH,0.62,inherited from BIOPHARMA,v2-tax-2 coverage: TW listed-code prefix and name keywords,True
1796,BIOPHARMA,0.62,name keyword 生技 → BIOPHARMA,v2-tax-2 coverage: TW listed-code prefix and name keywords,False
1796,HEALTH,0.62,inherited from BIOPHARMA,v2-tax-2 coverage: TW listed-code prefix and name keywords,True
4102,BIOPHARMA,0.55,TW listed-code prefix 41 → BIOPHARMA,v2-tax-2 coverage: TW listed-code prefix and name keywords,False
4102,HEALTH,0.55,inherited from BIOPHARMA,v2-tax-2 coverage: TW listed-code prefix and name keywords,True
4104,BIOPHARMA,0.55,TW listed-code prefix 41 → BIOPHARMA,v2-tax-2 coverage: TW listed-code prefix and name keywords,False
4104,HEALTH,0.55,inherited from BIOPHARMA,v2-tax-2 coverage: TW listed-code prefix and name keywords,True
4107,BIOPHARMA,0.55,TW listed-code prefix 41 → BIOPHARMA,v2-tax-2 coverage: TW listed-code prefix and name keywords,False
4107,HEALTH,0.55,inherited from BIOPHARMA,v2-tax-2 coverage: TW listed-code prefix and name keywords,True
4108,BIOPHARMA,0.55,TW listed-code prefix 41 → BIOPHARMA,v2-tax-2 coverage: TW listed-code prefix and name keywords,False
4108,HEALTH,0.55,inherited from BIOPHARMA,v2-tax-2 coverage: TW listed-code prefix and name keywords,True
4109,BIOPHARMA,0.55,TW listed-code prefix 41 → BIOPHARMA,v2-tax-2 coverage: TW listed-code prefix and name keywords,False
4109,HEALTH,0.55,inherited from BIOPHARMA,v2-tax-2 coverage: TW listed-code prefix and name keywords,True
4111,BIOPHARMA,0.55,TW listed-code prefix 41 → BIOPHARMA,v2-tax-2 coverage: TW listed-code prefix and name keywords,False
4111,HEALTH,0.55,inherited from BIOPHARMA,v2-tax-2 coverage: TW listed-code prefix and name keywords,True
4113,BIOPHARMA,0.55,TW listed-code prefix 41 → BIOPHARMA,v2-tax-2 coverage: TW listed-code prefix and name keywords,False
4113,HEALTH,0.55,inherited from BIOPHARMA,v2-tax-2 coverage: TW listed-code prefix and name keywords,True
4114,BIOPHARMA,0.55,TW listed-code prefix 41 → BIOPHARMA,v2-tax-2 coverage: TW listed-code prefix and name keywords,False
4114,HEALTH,0.55,inherited from BIOPHARMA,v2-tax-2 coverage: TW listed-code prefix and name keywords,True
4116,BIOPHARMA,0.55,TW listed-code prefix 41 → BIOPHARMA,v2-tax-2 coverage: TW listed-code prefix and name keywords,False
4116,HEALTH,0.55,inherited from BIOPHARMA,v2-tax-2 coverage: TW listed-code prefix and name keywords,True
4120,BIOPHARMA,0.55,TW listed-code prefix 41 → BIOPHARMA,v2-tax-2 coverage: TW listed-code prefix and name keywords,False
4120,HEALTH,0.55,inherited from BIOPHARMA,v2-tax-2 coverage: TW listed-code prefix and name keywords,True
4121,BIOPHARMA,0.55,TW listed-code prefix 41 → BIOPHARMA,v2-tax-2 coverage: TW listed-code prefix and name keywords,False
4121,HEALTH,0.55,inherited from BIOPHARMA,v2-tax-2 coverage: TW listed-code prefix and name keywords,True
4123,BIOPHARMA,0.55,TW listed-code prefix 41 → BIOPHARMA,v2-tax-2 coverage: TW listed-code prefix and name keywords,False
4123,HEALTH,0.55,inherited from BIOPHARMA,v2-tax-2 coverage: TW listed-code prefix and name keywords,True
4126,BIOPHARMA,0.55,TW listed-code prefix 41 → BIOPHARMA,v2-tax-2 coverage: TW listed-code prefix and name keywords,False
4126,HEALTH,0.55,inherited from BIOPHARMA,v2-tax-2 coverage: TW listed-code prefix and name keywords,True
4127,BIOPHARMA,0.55,TW listed-code prefix 41 → BIOPHARMA,v2-tax-2 coverage: TW listed-code prefix and name keywords,False
4127,HEALTH,0.55,inherited from BIOPHARMA,v2-tax-2 coverage: TW listed-code prefix and name keywords,True
4129,BIOPHARMA,0.55,TW listed-code prefix 41 → BIOPHARMA,v2-tax-2 coverage: TW listed-code prefix and name keywords,False
4129,HEALTH,0.55,inherited from BIOPHARMA,v2-tax-2 coverage: TW listed-code prefix and name keywords,True
4131,BIOPHARMA,0.55,TW listed-code prefix 41 → BIOPHARMA,v2-tax-2 coverage: TW listed-code prefix and name keywords,False
4131,HEALTH,0.55,inherited from BIOPHARMA,v2-tax-2 coverage: TW listed-code prefix and name keywords,True
4133,BIOPHARMA,0.55,TW listed-code prefix 41 → BIOPHARMA,v2-tax-2 coverage: TW listed-code prefix and name keywords,False
4133,HEALTH,0.55,inherited from BIOPHARMA,v2-tax-2 coverage: TW listed-code prefix and name keywords,True
4138,BIOPHARMA,0.55,TW listed-code prefix 41 → BIOPHARMA,v2-tax-2 coverage: TW listed-code prefix and name keywords,False
4138,HEALTH,0.55,inherited from BIOPHARMA,v2-tax-2 coverage: TW listed-code prefix and name keywords,True
4139,BIOPHARMA,0.55,TW listed-code prefix 41 → BIOPHARMA,v2-tax-2 coverage: TW listed-code prefix and name keywords,False
4139,HEALTH,0.55,inherited from BIOPHARMA,v2-tax-2 coverage: TW listed-code prefix and name keywords,True
4147,BIOPHARMA,0.55,TW listed-code prefix 41 → BIOPHARMA,v2-tax-2 coverage: TW listed-code prefix and name keywords,False
4147,HEALTH,0.55,inherited from BIOPHARMA,v2-tax-2 coverage: TW listed-code prefix and name keywords,True
4148,BIOPHARMA,0.55,TW listed-code prefix 41 → BIOPHARMA,v2-tax-2 coverage: TW listed-code prefix and name keywords,False
4148,HEALTH,0.55,inherited from BIOPHARMA,v2-tax-2 coverage: TW listed-code prefix and name keywords,True
4153,BIOPHARMA,0.55,TW listed-code prefix 41 → BIOPHARMA,v2-tax-2 coverage: TW listed-code prefix and name keywords,False
4153,HEALTH,0.55,inherited from BIOPHARMA,v2-tax-2 coverage: TW listed-code prefix and name keywords,True
4154,BIOPHARMA,0.55,TW listed-code prefix 41 → BIOPHARMA,v2-tax-2 coverage: TW listed-code prefix and name keywords,False
4154,HEALTH,0.55,inherited from BIOPHARMA,v2-tax-2 coverage: TW listed-code prefix and name keywords,True
4155,BIOPHARMA,0.55,TW listed-code prefix 41 → BIOPHARMA,v2-tax-2 coverage: TW listed-code prefix and name keywords,False
4155,HEALTH,0.55,inherited from BIOPHARMA,v2-tax-2 coverage: TW listed-code prefix and name keywords,True
4157,BIOPHARMA,0.55,TW listed-code prefix 41 → BIOPHARMA,v2-tax-2 coverage: TW listed-code prefix and name keywords,False
4157,HEALTH,0.55,inherited from BIOPHARMA,v2-tax-2 coverage: TW listed-code prefix and name keywords,True
4160,BIOPHARMA,0.55,TW listed-code prefix 41 → BIOPHARMA,v2-tax-2 coverage: TW listed-code prefix and name keywords,False
4160,HEALTH,0.55,inherited from BIOPHARMA,v2-tax-2 coverage: TW listed-code prefix and name keywords,True
4161,BIOPHARMA,0.55,TW listed-code prefix 41 → BIOPHARMA,v2-tax-2 coverage: TW listed-code prefix and name keywords,False
4161,HEALTH,0.55,inherited from BIOPHARMA,v2-tax-2 coverage: TW listed-code prefix and name keywords,True
4163,BIOPHARMA,0.55,TW listed-code prefix 41 → BIOPHARMA,v2-tax-2 coverage: TW listed-code prefix and name keywords,False
4163,HEALTH,0.55,inherited from BIOPHARMA,v2-tax-2 coverage: TW listed-code prefix and name keywords,True
4164,BIOPHARMA,0.55,TW listed-code prefix 41 → BIOPHARMA,v2-tax-2 coverage: TW listed-code prefix and name keywords,False
4164,HEALTH,0.55,inherited from BIOPHARMA,v2-tax-2 coverage: TW listed-code prefix and name keywords,True
4166,BIOPHARMA,0.55,TW listed-code prefix 41 → BIOPHARMA,v2-tax-2 coverage: TW listed-code prefix and name keywords,False
4166,HEALTH,0.55,inherited from BIOPHARMA,v2-tax-2 coverage: TW listed-code prefix and name keywords,True
4167,BIOPHARMA,0.55,TW listed-code prefix 41 → BIOPHARMA,v2-tax-2 coverage: TW listed-code prefix and name keywords,False
4167,HEALTH,0.55,inherited from BIOPHARMA,v2-tax-2 coverage: TW listed-code prefix and name keywords,True
4168,BIOPHARMA,0.55,TW listed-code prefix 41 → BIOPHARMA,v2-tax-2 coverage: TW listed-code prefix and name keywords,False
4168,HEALTH,0.55,inherited from BIOPHARMA,v2-tax-2 coverage: TW listed-code prefix and name keywords,True
4169,BIOPHARMA,0.55,TW listed-code prefix 41 → BIOPHARMA,v2-tax-2 coverage: TW listed-code prefix and name keywords,False
4169,HEALTH,0.55,inherited from BIOPHARMA,v2-tax-2 coverage: TW listed-code prefix and name keywords,True
4171,BIOPHARMA,0.55,TW listed-code prefix 41 → BIOPHARMA,v2-tax-2 coverage: TW listed-code prefix and name keywords,False
4171,HEALTH,0.55,inherited from BIOPHARMA,v2-tax-2 coverage: TW listed-code prefix and name keywords,True
4173,BIOPHARMA,0.55,TW listed-code prefix 41 → BIOPHARMA,v2-tax-2 coverage: TW listed-code prefix and name keywords,False
4173,HEALTH,0.55,inherited from BIOPHARMA,v2-tax-2 coverage: TW listed-code prefix and name keywords,True
4174,BIOPHARMA,0.55,TW listed-code prefix 41 → BIOPHARMA,v2-tax-2 coverage: TW listed-code prefix and name keywords,False
4174,HEALTH,0.55,inherited from BIOPHARMA,v2-tax-2 coverage: TW listed-code prefix and name keywords,True
4175,BIOPHARMA,0.55,TW listed-code prefix 41 → BIOPHARMA,v2-tax-2 coverage: TW listed-code prefix and name keywords,False
4175,HEALTH,0.55,inherited from BIOPHARMA,v2-tax-2 coverage: TW listed-code prefix and name keywords,True
4178,BIOPHARMA,0.55,TW listed-code prefix 41 → BIOPHARMA,v2-tax-2 coverage: TW listed-code prefix and name keywords,False
4178,HEALTH,0.55,inherited from BIOPHARMA,v2-tax-2 coverage: TW listed-code prefix and name keywords,True
4183,BIOPHARMA,0.55,TW listed-code prefix 41 → BIOPHARMA,v2-tax-2 coverage: TW listed-code prefix and name keywords,False
4183,HEALTH,0.55,inherited from BIOPHARMA,v2-tax-2 coverage: TW listed-code prefix and name keywords,True
4188,BIOPHARMA,0.55,TW listed-code prefix 41 → BIOPHARMA,v2-tax-2 coverage: TW listed-code prefix and name keywords,False
4188,HEALTH,0.55,inherited from BIOPHARMA,v2-tax-2 coverage: TW listed-code prefix and name keywords,True
4190,BIOPHARMA,0.55,TW listed-code prefix 41 → BIOPHARMA,v2-tax-2 coverage: TW listed-code prefix and name keywords,False
4190,HEALTH,0.55,inherited from BIOPHARMA,v2-tax-2 coverage: TW listed-code prefix and name keywords,True
4192,BIOPHARMA,0.55,TW listed-code prefix 41 → BIOPHARMA,v2-tax-2 coverage: TW listed-code prefix and name keywords,False
4192,HEALTH,0.55,inherited from BIOPHARMA,v2-tax-2 coverage: TW listed-code prefix and name keywords,True
4195,BIOPHARMA,0.55,TW listed-code prefix 41 → BIOPHARMA,v2-tax-2 coverage: TW listed-code prefix and name keywords,False
4195,HEALTH,0.55,inherited from BIOPHARMA,v2-tax-2 coverage: TW listed-code prefix and name keywords,True
4198,BIOPHARMA,0.55,TW listed-code prefix 41 → BIOPHARMA,v2-tax-2 coverage: TW listed-code prefix and name keywords,False
4198,HEALTH,0.55,inherited from BIOPHARMA,v2-tax-2 coverage: TW listed-code prefix and name keywords,True
4702,BIOPHARMA,0.55,TW listed-code prefix 47 → BIOPHARMA,v2-tax-2 coverage: TW listed-code prefix and name keywords,False
4702,HEALTH,0.55,inherited from BIOPHARMA,v2-tax-2 coverage: TW listed-code prefix and name keywords,True
4706,BIOPHARMA,0.55,TW listed-code prefix 47 → BIOPHARMA,v2-tax-2 coverage: TW listed-code prefix and name keywords,False
4706,HEALTH,0.55,inherited from BIOPHARMA,v2-tax-2 coverage: TW listed-code prefix and name keywords,True
4707,BIOPHARMA,0.55,TW listed-code prefix 47 → BIOPHARMA,v2-tax-2 coverage: TW listed-code prefix and name keywords,False
4707,HEALTH,0.55,inherited from BIOPHARMA,v2-tax-2 coverage: TW listed-code prefix and name keywords,True
4711,BIOPHARMA,0.55,TW listed-code prefix 47 → BIOPHARMA,v2-tax-2 coverage: TW listed-code prefix and name keywords,False
4711,HEALTH,0.55,inherited from BIOPHARMA,v2-tax-2 coverage: TW listed-code prefix and name keywords,True
4714,BIOPHARMA,0.55,TW listed-code prefix 47 → BIOPHARMA,v2-tax-2 coverage: TW listed-code prefix and name keywords,False
4714,HEALTH,0.55,inherited from BIOPHARMA,v2-tax-2 coverage: TW listed-code prefix and name keywords,True
4716,BIOPHARMA,0.55,TW listed-code prefix 47 → BIOPHARMA,v2-tax-2 coverage: TW listed-code prefix and name keywords,False
4716,HEALTH,0.55,inherited from BIOPHARMA,v2-tax-2 coverage: TW listed-code prefix and name keywords,True
4720,BIOPHARMA,0.55,TW listed-code prefix 47 → BIOPHARMA,v2-tax-2 coverage: TW listed-code prefix and name keywords,False
4720,HEALTH,0.55,inherited from BIOPHARMA,v2-tax-2 coverage: TW listed-code prefix and name keywords,True
4721,BIOPHARMA,0.55,TW listed-code prefix 47 → BIOPHARMA,v2-tax-2 coverage: TW listed-code prefix and name keywords,False
4721,HEALTH,0.55,inherited from BIOPHARMA,v2-tax-2 coverage: TW listed-code prefix and name keywords,True
4722,BIOPHARMA,0.55,TW listed-code prefix 47 → BIOPHARMA,v2-tax-2 coverage: TW listed-code prefix and name keywords,False
4722,HEALTH,0.55,inherited from BIOPHARMA,v2-tax-2 coverage: TW listed-code prefix and name keywords,True
4726,BIOPHARMA,0.55,TW listed-code prefix 47 → BIOPHARMA,v2-tax-2 coverage: TW listed-code prefix and name keywords,False
4726,HEALTH,0.55,inherited from BIOPHARMA,v2-tax-2 coverage: TW listed-code prefix and name keywords,True
4728,BIOPHARMA,0.55,TW listed-code prefix 47 → BIOPHARMA,v2-tax-2 coverage: TW listed-code prefix and name keywords,False
4728,HEALTH,0.55,inherited from BIOPHARMA,v2-tax-2 coverage: TW listed-code prefix and name keywords,True
4729,BIOPHARMA,0.55,TW listed-code prefix 47 → BIOPHARMA,v2-tax-2 coverage: TW listed-code prefix and name keywords,False
4729,HEALTH,0.55,inherited from BIOPHARMA,v2-tax-2 coverage: TW listed-code prefix and name keywords,True
4735,BIOPHARMA,0.55,TW listed-code prefix 47 → BIOPHARMA,v2-tax-2 coverage: TW listed-code prefix and name keywords,False
4735,HEALTH,0.55,inherited from BIOPHARMA,v2-tax-2 coverage: TW listed-code prefix and name keywords,True
4736,BIOPHARMA,0.55,TW listed-code prefix 47 → BIOPHARMA,v2-tax-2 coverage: TW listed-code prefix and name keywords,False
4736,HEALTH,0.55,inherited from BIOPHARMA,v2-tax-2 coverage: TW listed-code prefix and name keywords,True
4737,BIOPHARMA,0.55,TW listed-code prefix 47 → BIOPHARMA,v2-tax-2 coverage: TW listed-code prefix and name keywords,False
4737,HEALTH,0.55,inherited from BIOPHARMA,v2-tax-2 coverage: TW listed-code prefix and name keywords,True
4741,BIOPHARMA,0.55,TW listed-code prefix 47 → BIOPHARMA,v2-tax-2 coverage: TW listed-code prefix and name keywords,False
4741,HEALTH,0.55,inherited from BIOPHARMA,v2-tax-2 coverage: TW listed-code prefix and name keywords,True
4744,BIOPHARMA,0.55,TW listed-code prefix 47 → BIOPHARMA,v2-tax-2 coverage: TW listed-code prefix and name keywords,False
4744,HEALTH,0.55,inherited from BIOPHARMA,v2-tax-2 coverage: TW listed-code prefix and name keywords,True
4745,BIOPHARMA,0.55,TW listed-code prefix 47 → BIOPHARMA,v2-tax-2 coverage: TW listed-code prefix and name keywords,False
4745,HEALTH,0.55,inherited from BIOPHARMA,v2-tax-2 coverage: TW listed-code prefix and name keywords,True
4746,BIOPHARMA,0.55,TW listed-code prefix 47 → BIOPHARMA,v2-tax-2 coverage: TW listed-code prefix and name keywords,False
4746,HEALTH,0.55,inherited from BIOPHARMA,v2-tax-2 coverage: TW listed-code prefix and name keywords,True
4749,BIOPHARMA,0.55,TW listed-code prefix 47 → BIOPHARMA,v2-tax-2 coverage: TW listed-code prefix and name keywords,False
4749,HEALTH,0.55,inherited from BIOPHARMA,v2-tax-2 coverage: TW listed-code prefix and name keywords,True
4754,BIOPHARMA,0.55,TW listed-code prefix 47 → BIOPHARMA,v2-tax-2 coverage: TW listed-code prefix and name keywords,False
4754,HEALTH,0.55,inherited from BIOPHARMA,v2-tax-2 coverage: TW listed-code prefix and name keywords,True
4755,BIOPHARMA,0.55,TW listed-code prefix 47 → BIOPHARMA,v2-tax-2 coverage: TW listed-code prefix and name keywords,False
4755,HEALTH,0.55,inherited from BIOPHARMA,v2-tax-2 coverage: TW listed-code prefix and name keywords,True
4760,BIOPHARMA,0.55,TW listed-code prefix 47 → BIOPHARMA,v2-tax-2 coverage: TW listed-code prefix and name keywords,False
4760,HEALTH,0.55,inherited from BIOPHARMA,v2-tax-2 coverage: TW listed-code prefix and name keywords,True
4763,BIOPHARMA,0.55,TW listed-code prefix 47 → BIOPHARMA,v2-tax-2 coverage: TW listed-code prefix and name keywords,False
4763,HEALTH,0.55,inherited from BIOPHARMA,v2-tax-2 coverage: TW listed-code prefix and name keywords,True
4764,BIOPHARMA,0.55,TW listed-code prefix 47 → BIOPHARMA,v2-tax-2 coverage: TW listed-code prefix and name keywords,False
4764,HEALTH,0.55,inherited from BIOPHARMA,v2-tax-2 coverage: TW listed-code prefix and name keywords,True
4766,BIOPHARMA,0.55,TW listed-code prefix 47 → BIOPHARMA,v2-tax-2 coverage: TW listed-code prefix and name keywords,False
4766,HEALTH,0.55,inherited from BIOPHARMA,v2-tax-2 coverage: TW listed-code prefix and name keywords,True
4767,BIOPHARMA,0.55,TW listed-code prefix 47 → BIOPHARMA,v2-tax-2 coverage: TW listed-code prefix and name keywords,False
4767,HEALTH,0.55,inherited from BIOPHARMA,v2-tax-2 coverage: TW listed-code prefix and name keywords,True
4768,BIOPHARMA,0.55,TW listed-code prefix 47 → BIOPHARMA,v2-tax-2 coverage: TW listed-code prefix and name keywords,False
4768,HEALTH,0.55,inherited from BIOPHARMA,v2-tax-2 coverage: TW listed-code prefix and name keywords,True
4771,BIOPHARMA,0.55,TW listed-code prefix 47 → BIOPHARMA,v2-tax-2 coverage: TW listed-code prefix and name keywords,False
4771,HEALTH,0.55,inherited from BIOPHARMA,v2-tax-2 coverage: TW listed-code prefix and name keywords,True
4772,BIOPHARMA,0.55,TW listed-code prefix 47 → BIOPHARMA,v2-tax-2 coverage: TW listed-code prefix and name keywords,False
4772,HEALTH,0.55,inherited from BIOPHARMA,v2-tax-2 coverage: TW listed-code prefix and name keywords,True
6589,BIOPHARMA,0.62,name keyword 生技 → BIOPHARMA,v2-tax-2 coverage: TW listed-code prefix and name keywords,False
6589,HEALTH,0.62,inherited from BIOPHARMA,v2-tax-2 coverage: TW listed-code prefix and name keywords,True
6661,BIOPHARMA,0.62,name keyword 生技 → BIOPHARMA,v2-tax-2 coverage: TW listed-code prefix and name keywords,False
6661,HEALTH,0.62,inherited from BIOPHARMA,v2-tax-2 coverage: TW listed-code prefix and name keywords,True
6794,BIOPHARMA,0.62,name keyword 生技 → BIOPHARMA,v2-tax-2 coverage: TW listed-code prefix and name keywords,False
6794,HEALTH,0.62,inherited from BIOPHARMA,v2-tax-2 coverage: TW listed-code prefix and name keywords,True
6885,BIOPHARMA,0.62,name keyword 生技 → BIOPHARMA,v2-tax-2 coverage: TW listed-code prefix and name keywords,False
6885,HEALTH,0.62,inherited from BIOPHARMA,v2-tax-2 coverage: TW listed-code prefix and name keywords,True
6936,BIOPHARMA,0.62,name keyword 生技 → BIOPHARMA,v2-tax-2 coverage: TW listed-code prefix and name keywords,False
6936,HEALTH,0.62,inherited from BIOPHARMA,v2-tax-2 coverage: TW listed-code prefix and name keywords,True
6945,BIOPHARMA,0.62,name keyword 生技 → BIOPHARMA,v2-tax-2 coverage: TW listed-code prefix and name keywords,False
6945,HEALTH,0.62,inherited from BIOPHARMA,v2-tax-2 coverage: TW listed-code prefix and name keywords,True
6955,BIOPHARMA,0.62,name keyword 生技 → BIOPHARMA,v2-tax-2 coverage: TW listed-code prefix and name keywords,False
6955,HEALTH,0.62,inherited from BIOPHARMA,v2-tax-2 coverage: TW listed-code prefix and name keywords,True
7814,BIOPHARMA,0.62,name keyword 生技 → BIOPHARMA,v2-tax-2 coverage: TW listed-code prefix and name keywords,False
7814,HEALTH,0.62,inherited from BIOPHARMA,v2-tax-2 coverage: TW listed-code prefix and name keywords,True
1307,PLASTIC,0.55,TW listed-code prefix 13 → PLASTIC,v2-tax-2 coverage: TW listed-code prefix and name keywords,False
1307,MATERIALS,0.55,inherited from PLASTIC,v2-tax-2 coverage: TW listed-code prefix and name keywords,True
1309,PLASTIC,0.55,TW listed-code prefix 13 → PLASTIC,v2-tax-2 coverage: TW listed-code prefix and name keywords,False
1309,MATERIALS,0.55,inherited from PLASTIC,v2-tax-2 coverage: TW listed-code prefix and name keywords,True
1310,PLASTIC,0.55,TW listed-code prefix 13 → PLASTIC,v2-tax-2 coverage: TW listed-code prefix and name keywords,False
1310,MATERIALS,0.55,inherited from PLASTIC,v2-tax-2 coverage: TW listed-code prefix and name keywords,True
1315,PLASTIC,0.55,TW listed-code prefix 13 → PLASTIC,v2-tax-2 coverage: TW listed-code prefix and name keywords,False
1315,MATERIALS,0.55,inherited from PLASTIC,v2-tax-2 coverage: TW listed-code prefix and name keywords,True
1316,PLASTIC,0.55,TW listed-code prefix 13 → PLASTIC,v2-tax-2 coverage: TW listed-code prefix and name keywords,False
1316,MATERIALS,0.55,inherited from PLASTIC,v2-tax-2 coverage: TW listed-code prefix and name keywords,True
1321,PLASTIC,0.55,TW listed-code prefix 13 → PLASTIC,v2-tax-2 coverage: TW listed-code prefix and name keywords,False
1321,MATERIALS,0.55,inherited from PLASTIC,v2-tax-2 coverage: TW listed-code prefix and name keywords,True
1323,PLASTIC,0.55,TW listed-code prefix 13 → PLASTIC,v2-tax-2 coverage: TW listed-code prefix and name keywords,False
1323,MATERIALS,0.55,inherited from PLASTIC,v2-tax-2 coverage: TW listed-code prefix and name keywords,True
1324,PLASTIC,0.55,TW listed-code prefix 13 → PLASTIC,v2-tax-2 coverage: TW listed-code prefix and name keywords,False
1324,MATERIALS,0.55,inherited from PLASTIC,v2-tax-2 coverage: TW listed-code prefix and name keywords,True
1325,PLASTIC,0.55,TW listed-code prefix 13 → PLASTIC,v2-tax-2 coverage: TW listed-code prefix and name keywords,False
1325,MATERIALS,0.55,inherited from PLASTIC,v2-tax-2 coverage: TW listed-code prefix and name keywords,True
1336,PLASTIC,0.55,TW listed-code prefix 13 → PLASTIC,v2-tax-2 coverage: TW listed-code prefix and name keywords,False
1336,MATERIALS,0.55,inherited from PLASTIC,v2-tax-2 coverage: TW listed-code prefix and name keywords,True
1337,PLASTIC,0.55,TW listed-code prefix 13 → PLASTIC,v2-tax-2 coverage: TW listed-code prefix and name keywords,False
1337,MATERIALS,0.55,inherited from PLASTIC,v2-tax-2 coverage: TW listed-code prefix and name keywords,True
1339,PLASTIC,0.55,TW listed-code prefix 13 → PLASTIC,v2-tax-2 coverage: TW listed-code prefix and name keywords,False
1339,MATERIALS,0.55,inherited from PLASTIC,v2-tax-2 coverage: TW listed-code prefix and name keywords,True
1340,PLASTIC,0.55,TW listed-code prefix 13 → PLASTIC,v2-tax-2 coverage: TW listed-code prefix and name keywords,False
1340,MATERIALS,0.55,inherited from PLASTIC,v2-tax-2 coverage: TW listed-code prefix and name keywords,True
1341,PLASTIC,0.55,TW listed-code prefix 13 → PLASTIC,v2-tax-2 coverage: TW listed-code prefix and name keywords,False
1341,MATERIALS,0.55,inherited from PLASTIC,v2-tax-2 coverage: TW listed-code prefix and name keywords,True
1409,TEXTILE,0.55,TW listed-code prefix 14 → TEXTILE,v2-tax-2 coverage: TW listed-code prefix and name keywords,False
1409,MATERIALS,0.55,inherited from TEXTILE,v2-tax-2 coverage: TW listed-code prefix and name keywords,True
1410,TEXTILE,0.55,TW listed-code prefix 14 → TEXTILE,v2-tax-2 coverage: TW listed-code prefix and name keywords,False
1410,MATERIALS,0.55,inherited from TEXTILE,v2-tax-2 coverage: TW listed-code prefix and name keywords,True
1413,TEXTILE,0.55,TW listed-code prefix 14 → TEXTILE,v2-tax-2 coverage: TW listed-code prefix and name keywords,False
1413,MATERIALS,0.55,inherited from TEXTILE,v2-tax-2 coverage: TW listed-code prefix and name keywords,True
1416,TEXTILE,0.55,TW listed-code prefix 14 → TEXTILE,v2-tax-2 coverage: TW listed-code prefix and name keywords,False
1416,MATERIALS,0.55,inherited from TEXTILE,v2-tax-2 coverage: TW listed-code prefix and name keywords,True
1417,TEXTILE,0.55,TW listed-code prefix 14 → TEXTILE,v2-tax-2 coverage: TW listed-code prefix and name keywords,False
1417,MATERIALS,0.55,inherited from TEXTILE,v2-tax-2 coverage: TW listed-code prefix and name keywords,True
1418,TEXTILE,0.55,TW listed-code prefix 14 → TEXTILE,v2-tax-2 coverage: TW listed-code prefix and name keywords,False
1418,MATERIALS,0.55,inherited from TEXTILE,v2-tax-2 coverage: TW listed-code prefix and name keywords,True
1419,TEXTILE,0.55,TW listed-code prefix 14 → TEXTILE,v2-tax-2 coverage: TW listed-code prefix and name keywords,False
1419,MATERIALS,0.55,inherited from TEXTILE,v2-tax-2 coverage: TW listed-code prefix and name keywords,True
1423,TEXTILE,0.55,TW listed-code prefix 14 → TEXTILE,v2-tax-2 coverage: TW listed-code prefix and name keywords,False
1423,MATERIALS,0.55,inherited from TEXTILE,v2-tax-2 coverage: TW listed-code prefix and name keywords,True
1432,TEXTILE,0.55,TW listed-code prefix 14 → TEXTILE,v2-tax-2 coverage: TW listed-code prefix and name keywords,False
1432,MATERIALS,0.55,inherited from TEXTILE,v2-tax-2 coverage: TW listed-code prefix and name keywords,True
1434,TEXTILE,0.55,TW listed-code prefix 14 → TEXTILE,v2-tax-2 coverage: TW listed-code prefix and name keywords,False
1434,MATERIALS,0.55,inherited from TEXTILE,v2-tax-2 coverage: TW listed-code prefix and name keywords,True
1435,TEXTILE,0.55,TW listed-code prefix 14 → TEXTILE,v2-tax-2 coverage: TW listed-code prefix and name keywords,False
1435,MATERIALS,0.55,inherited from TEXTILE,v2-tax-2 coverage: TW listed-code prefix and name keywords,True
1436,TEXTILE,0.55,TW listed-code prefix 14 → TEXTILE,v2-tax-2 coverage: TW listed-code prefix and name keywords,False
1436,MATERIALS,0.55,inherited from TEXTILE,v2-tax-2 coverage: TW listed-code prefix and name keywords,True
1437,TEXTILE,0.55,TW listed-code prefix 14 → TEXTILE,v2-tax-2 coverage: TW listed-code prefix and name keywords,False
1437,MATERIALS,0.55,inherited from TEXTILE,v2-tax-2 coverage: TW listed-code prefix and name keywords,True
1438,TEXTILE,0.55,TW listed-code prefix 14 → TEXTILE,v2-tax-2 coverage: TW listed-code prefix and name keywords,False
1438,MATERIALS,0.55,inherited from TEXTILE,v2-tax-2 coverage: TW listed-code prefix and name keywords,True
1439,TEXTILE,0.55,TW listed-code prefix 14 → TEXTILE,v2-tax-2 coverage: TW listed-code prefix and name keywords,False
1439,MATERIALS,0.55,inherited from TEXTILE,v2-tax-2 coverage: TW listed-code prefix and name keywords,True
1440,TEXTILE,0.55,TW listed-code prefix 14 → TEXTILE,v2-tax-2 coverage: TW listed-code prefix and name keywords,False
1440,MATERIALS,0.55,inherited from TEXTILE,v2-tax-2 coverage: TW listed-code prefix and name keywords,True
1441,TEXTILE,0.55,TW listed-code prefix 14 → TEXTILE,v2-tax-2 coverage: TW listed-code prefix and name keywords,False
1441,MATERIALS,0.55,inherited from TEXTILE,v2-tax-2 coverage: TW listed-code prefix and name keywords,True
1442,TEXTILE,0.55,TW listed-code prefix 14 → TEXTILE,v2-tax-2 coverage: TW listed-code prefix and name keywords,False
1442,MATERIALS,0.55,inherited from TEXTILE,v2-tax-2 coverage: TW listed-code prefix and name keywords,True
1443,TEXTILE,0.55,TW listed-code prefix 14 → TEXTILE,v2-tax-2 coverage: TW listed-code prefix and name keywords,False
1443,MATERIALS,0.55,inherited from TEXTILE,v2-tax-2 coverage: TW listed-code prefix and name keywords,True
1444,TEXTILE,0.55,TW listed-code prefix 14 → TEXTILE,v2-tax-2 coverage: TW listed-code prefix and name keywords,False
1444,MATERIALS,0.55,inherited from TEXTILE,v2-tax-2 coverage: TW listed-code prefix and name keywords,True
1445,TEXTILE,0.55,TW listed-code prefix 14 → TEXTILE,v2-tax-2 coverage: TW listed-code prefix and name keywords,False
1445,MATERIALS,0.55,inherited from TEXTILE,v2-tax-2 coverage: TW listed-code prefix and name keywords,True
1446,TEXTILE,0.55,TW listed-code prefix 14 → TEXTILE,v2-tax-2 coverage: TW listed-code prefix and name keywords,False
1446,MATERIALS,0.55,inherited from TEXTILE,v2-tax-2 coverage: TW listed-code prefix and name keywords,True
1447,TEXTILE,0.55,TW listed-code prefix 14 → TEXTILE,v2-tax-2 coverage: TW listed-code prefix and name keywords,False
1447,MATERIALS,0.55,inherited from TEXTILE,v2-tax-2 coverage: TW listed-code prefix and name keywords,True
1449,TEXTILE,0.55,TW listed-code prefix 14 → TEXTILE,v2-tax-2 coverage: TW listed-code prefix and name keywords,False
1449,MATERIALS,0.55,inherited from TEXTILE,v2-tax-2 coverage: TW listed-code prefix and name keywords,True
1451,TEXTILE,0.55,TW listed-code prefix 14 → TEXTILE,v2-tax-2 coverage: TW listed-code prefix and name keywords,False
1451,MATERIALS,0.55,inherited from TEXTILE,v2-tax-2 coverage: TW listed-code prefix and name keywords,True
1452,TEXTILE,0.55,TW listed-code prefix 14 → TEXTILE,v2-tax-2 coverage: TW listed-code prefix and name keywords,False
1452,MATERIALS,0.55,inherited from TEXTILE,v2-tax-2 coverage: TW listed-code prefix and name keywords,True
1453,TEXTILE,0.55,TW listed-code prefix 14 → TEXTILE,v2-tax-2 coverage: TW listed-code prefix and name keywords,False
1453,MATERIALS,0.55,inherited from TEXTILE,v2-tax-2 coverage: TW listed-code prefix and name keywords,True
1454,TEXTILE,0.55,TW listed-code prefix 14 → TEXTILE,v2-tax-2 coverage: TW listed-code prefix and name keywords,False
1454,MATERIALS,0.55,inherited from TEXTILE,v2-tax-2 coverage: TW listed-code prefix and name keywords,True
1455,TEXTILE,0.55,TW listed-code prefix 14 → TEXTILE,v2-tax-2 coverage: TW listed-code prefix and name keywords,False
1455,MATERIALS,0.55,inherited from TEXTILE,v2-tax-2 coverage: TW listed-code prefix and name keywords,True
1456,TEXTILE,0.55,TW listed-code prefix 14 → TEXTILE,v2-tax-2 coverage: TW listed-code prefix and name keywords,False
1456,MATERIALS,0.55,inherited from TEXTILE,v2-tax-2 coverage: TW listed-code prefix and name keywords,True
1457,TEXTILE,0.55,TW listed-code prefix 14 → TEXTILE,v2-tax-2 coverage: TW listed-code prefix and name keywords,False
1457,MATERIALS,0.55,inherited from TEXTILE,v2-tax-2 coverage: TW listed-code prefix and name keywords,True
1459,TEXTILE,0.55,TW listed-code prefix 14 → TEXTILE,v2-tax-2 coverage: TW listed-code prefix and name keywords,False
1459,MATERIALS,0.55,inherited from TEXTILE,v2-tax-2 coverage: TW listed-code prefix and name keywords,True
1460,TEXTILE,0.55,TW listed-code prefix 14 → TEXTILE,v2-tax-2 coverage: TW listed-code prefix and name keywords,False
1460,MATERIALS,0.55,inherited from TEXTILE,v2-tax-2 coverage: TW listed-code prefix and name keywords,True
1463,TEXTILE,0.55,TW listed-code prefix 14 → TEXTILE,v2-tax-2 coverage: TW listed-code prefix and name keywords,False
1463,MATERIALS,0.55,inherited from TEXTILE,v2-tax-2 coverage: TW listed-code prefix and name keywords,True
1465,TEXTILE,0.55,TW listed-code prefix 14 → TEXTILE,v2-tax-2 coverage: TW listed-code prefix and name keywords,False
1465,MATERIALS,0.55,inherited from TEXTILE,v2-tax-2 coverage: TW listed-code prefix and name keywords,True
1466,TEXTILE,0.55,TW listed-code prefix 14 → TEXTILE,v2-tax-2 coverage: TW listed-code prefix and name keywords,False
1466,MATERIALS,0.55,inherited from TEXTILE,v2-tax-2 coverage: TW listed-code prefix and name keywords,True
1467,TEXTILE,0.55,TW listed-code prefix 14 → TEXTILE,v2-tax-2 coverage: TW listed-code prefix and name keywords,False
1467,MATERIALS,0.55,inherited from TEXTILE,v2-tax-2 coverage: TW listed-code prefix and name keywords,True
1468,TEXTILE,0.55,TW listed-code prefix 14 → TEXTILE,v2-tax-2 coverage: TW listed-code prefix and name keywords,False
1468,MATERIALS,0.55,inherited from TEXTILE,v2-tax-2 coverage: TW listed-code prefix and name keywords,True
1470,TEXTILE,0.55,TW listed-code prefix 14 → TEXTILE,v2-tax-2 coverage: TW listed-code prefix and name keywords,False
1470,MATERIALS,0.55,inherited from TEXTILE,v2-tax-2 coverage: TW listed-code prefix and name keywords,True
1471,TEXTILE,0.55,TW listed-code prefix 14 → TEXTILE,v2-tax-2 coverage: TW listed-code prefix and name keywords,False
1471,MATERIALS,0.55,inherited from TEXTILE,v2-tax-2 coverage: TW listed-code prefix and name keywords,True
1472,TEXTILE,0.55,TW listed-code prefix 14 → TEXTILE,v2-tax-2 coverage: TW listed-code prefix and name keywords,False
1472,MATERIALS,0.55,inherited from TEXTILE,v2-tax-2 coverage: TW listed-code prefix and name keywords,True
1473,TEXTILE,0.55,TW listed-code prefix 14 → TEXTILE,v2-tax-2 coverage: TW listed-code prefix and name keywords,False
1473,MATERIALS,0.55,inherited from TEXTILE,v2-tax-2 coverage: TW listed-code prefix and name keywords,True
1474,TEXTILE,0.55,TW listed-code prefix 14 → TEXTILE,v2-tax-2 coverage: TW listed-code prefix and name keywords,False
1474,MATERIALS,0.55,inherited from TEXTILE,v2-tax-2 coverage: TW listed-code prefix and name keywords,True
1475,TEXTILE,0.55,TW listed-code prefix 14 → TEXTILE,v2-tax-2 coverage: TW listed-code prefix and name keywords,False
1475,MATERIALS,0.55,inherited from TEXTILE,v2-tax-2 coverage: TW listed-code prefix and name keywords,True
4401,TEXTILE,0.55,TW listed-code prefix 44 → TEXTILE,v2-tax-2 coverage: TW listed-code prefix and name keywords,False
4401,MATERIALS,0.55,inherited from TEXTILE,v2-tax-2 coverage: TW listed-code prefix and name keywords,True
4402,TEXTILE,0.55,TW listed-code prefix 44 → TEXTILE,v2-tax-2 coverage: TW listed-code prefix and name keywords,False
4402,MATERIALS,0.55,inherited from TEXTILE,v2-tax-2 coverage: TW listed-code prefix and name keywords,True
4406,TEXTILE,0.55,TW listed-code prefix 44 → TEXTILE,v2-tax-2 coverage: TW listed-code prefix and name keywords,False
4406,MATERIALS,0.55,inherited from TEXTILE,v2-tax-2 coverage: TW listed-code prefix and name keywords,True
4413,TEXTILE,0.55,TW listed-code prefix 44 → TEXTILE,v2-tax-2 coverage: TW listed-code prefix and name keywords,False
4413,MATERIALS,0.55,inherited from TEXTILE,v2-tax-2 coverage: TW listed-code prefix and name keywords,True
4414,TEXTILE,0.55,TW listed-code prefix 44 → TEXTILE,v2-tax-2 coverage: TW listed-code prefix and name keywords,False
4414,MATERIALS,0.55,inherited from TEXTILE,v2-tax-2 coverage: TW listed-code prefix and name keywords,True
4416,TEXTILE,0.55,TW listed-code prefix 44 → TEXTILE,v2-tax-2 coverage: TW listed-code prefix and name keywords,False
4416,MATERIALS,0.55,inherited from TEXTILE,v2-tax-2 coverage: TW listed-code prefix and name keywords,True
4417,TEXTILE,0.55,TW listed-code prefix 44 → TEXTILE,v2-tax-2 coverage: TW listed-code prefix and name keywords,False
4417,MATERIALS,0.55,inherited from TEXTILE,v2-tax-2 coverage: TW listed-code prefix and name keywords,True
4419,TEXTILE,0.55,TW listed-code prefix 44 → TEXTILE,v2-tax-2 coverage: TW listed-code prefix and name keywords,False
4419,MATERIALS,0.55,inherited from TEXTILE,v2-tax-2 coverage: TW listed-code prefix and name keywords,True
4420,TEXTILE,0.55,TW listed-code prefix 44 → TEXTILE,v2-tax-2 coverage: TW listed-code prefix and name keywords,False
4420,MATERIALS,0.55,inherited from TEXTILE,v2-tax-2 coverage: TW listed-code prefix and name keywords,True
4426,TEXTILE,0.55,TW listed-code prefix 44 → TEXTILE,v2-tax-2 coverage: TW listed-code prefix and name keywords,False
4426,MATERIALS,0.55,inherited from TEXTILE,v2-tax-2 coverage: TW listed-code prefix and name keywords,True
4430,TEXTILE,0.55,TW listed-code prefix 44 → TEXTILE,v2-tax-2 coverage: TW listed-code prefix and name keywords,False
4430,MATERIALS,0.55,inherited from TEXTILE,v2-tax-2 coverage: TW listed-code prefix and name keywords,True
4432,TEXTILE,0.55,TW listed-code prefix 44 → TEXTILE,v2-tax-2 coverage: TW listed-code prefix and name keywords,False
4432,MATERIALS,0.55,inherited from TEXTILE,v2-tax-2 coverage: TW listed-code prefix and name keywords,True
4433,TEXTILE,0.55,TW listed-code prefix 44 → TEXTILE,v2-tax-2 coverage: TW listed-code prefix and name keywords,False
4433,MATERIALS,0.55,inherited from TEXTILE,v2-tax-2 coverage: TW listed-code prefix and name keywords,True
4439,TEXTILE,0.55,TW listed-code prefix 44 → TEXTILE,v2-tax-2 coverage: TW listed-code prefix and name keywords,False
4439,MATERIALS,0.55,inherited from TEXTILE,v2-tax-2 coverage: TW listed-code prefix and name keywords,True
4440,TEXTILE,0.55,TW listed-code prefix 44 → TEXTILE,v2-tax-2 coverage: TW listed-code prefix and name keywords,False
4440,MATERIALS,0.55,inherited from TEXTILE,v2-tax-2 coverage: TW listed-code prefix and name keywords,True
4441,TEXTILE,0.55,TW listed-code prefix 44 → TEXTILE,v2-tax-2 coverage: TW listed-code prefix and name keywords,False
4441,MATERIALS,0.55,inherited from TEXTILE,v2-tax-2 coverage: TW listed-code prefix and name keywords,True
4442,TEXTILE,0.55,TW listed-code prefix 44 → TEXTILE,v2-tax-2 coverage: TW listed-code prefix and name keywords,False
4442,MATERIALS,0.55,inherited from TEXTILE,v2-tax-2 coverage: TW listed-code prefix and name keywords,True
1503,MACHINERY,0.55,TW listed-code prefix 15 → MACHINERY,v2-tax-2 coverage: TW listed-code prefix and name keywords,False
1503,INDUSTRIAL,0.55,inherited from MACHINERY,v2-tax-2 coverage: TW listed-code prefix and name keywords,True
1506,MACHINERY,0.55,TW listed-code prefix 15 → MACHINERY,v2-tax-2 coverage: TW listed-code prefix and name keywords,False
1506,INDUSTRIAL,0.55,inherited from MACHINERY,v2-tax-2 coverage: TW listed-code prefix and name keywords,True
1516,MACHINERY,0.55,TW listed-code prefix 15 → MACHINERY,v2-tax-2 coverage: TW listed-code prefix and name keywords,False
1516,INDUSTRIAL,0.55,inherited from MACHINERY,v2-tax-2 coverage: TW listed-code prefix and name keywords,True
1517,MACHINERY,0.55,TW listed-code prefix 15 → MACHINERY,v2-tax-2 coverage: TW listed-code prefix and name keywords,False
1517,INDUSTRIAL,0.55,inherited from MACHINERY,v2-tax-2 coverage: TW listed-code prefix and name keywords,True
1521,MACHINERY,0.55,TW listed-code prefix 15 → MACHINERY,v2-tax-2 coverage: TW listed-code prefix and name keywords,False
1521,INDUSTRIAL,0.55,inherited from MACHINERY,v2-tax-2 coverage: TW listed-code prefix and name keywords,True
1524,MACHINERY,0.55,TW listed-code prefix 15 → MACHINERY,v2-tax-2 coverage: TW listed-code prefix and name keywords,False
1524,INDUSTRIAL,0.55,inherited from MACHINERY,v2-tax-2 coverage: TW listed-code prefix and name keywords,True
1526,MACHINERY,0.55,TW listed-code prefix 15 → MACHINERY,v2-tax-2 coverage: TW listed-code prefix and name keywords,False
1526,INDUSTRIAL,0.55,inherited from MACHINERY,v2-tax-2 coverage: TW listed-code prefix and name keywords,True
1527,MACHINERY,0.55,TW listed-code prefix 15 → MACHINERY,v2-tax-2 coverage: TW listed-code prefix and name keywords,False
1527,INDUSTRIAL,0.55,inherited from MACHINERY,v2-tax-2 coverage: TW listed-code prefix and name keywords,True
1528,MACHINERY,0.55,TW listed-code prefix 15 → MACHINERY,v2-tax-2 coverage: TW listed-code prefix and name keywords,False
1528,INDUSTRIAL,0.55,inherited from MACHINERY,v2-tax-2 coverage: TW listed-code prefix and name keywords,True
1529,MACHINERY,0.55,TW listed-code prefix 15 → MACHINERY,v2-tax-2 coverage: TW listed-code prefix and name keywords,False
1529,INDUSTRIAL,0.55,inherited from MACHINERY,v2-tax-2 coverage: TW listed-code prefix and name keywords,True
1530,MACHINERY,0.55,TW listed-code prefix 15 → MACHINERY,v2-tax-2 coverage: TW listed-code prefix and name keywords,False
1530,INDUSTRIAL,0.55,inherited from MACHINERY,v2-tax-2 coverage: TW listed-code prefix and name keywords,True
1531,MACHINERY,0.55,TW listed-code prefix 15 → MACHINERY,v2-tax-2 coverage: TW listed-code prefix and name keywords,False
1531,INDUSTRIAL,0.55,inherited from MACHINERY,v2-tax-2 coverage: TW listed-code prefix and name keywords,True
1532,MACHINERY,0.55,TW listed-code prefix 15 → MACHINERY,v2-tax-2 coverage: TW listed-code prefix and name keywords,False
1532,INDUSTRIAL,0.55,inherited from MACHINERY,v2-tax-2 coverage: TW listed-code prefix and name keywords,True
1533,MACHINERY,0.55,TW listed-code prefix 15 → MACHINERY,v2-tax-2 coverage: TW listed-code prefix and name keywords,False
1533,INDUSTRIAL,0.55,inherited from MACHINERY,v2-tax-2 coverage: TW listed-code prefix and name keywords,True
1535,MACHINERY,0.55,TW listed-code prefix 15 → MACHINERY,v2-tax-2 coverage: TW listed-code prefix and name keywords,False
1535,INDUSTRIAL,0.55,inherited from MACHINERY,v2-tax-2 coverage: TW listed-code prefix and name keywords,True
1537,MACHINERY,0.55,TW listed-code prefix 15 → MACHINERY,v2-tax-2 coverage: TW listed-code prefix and name keywords,False
1537,INDUSTRIAL,0.55,inherited from MACHINERY,v2-tax-2 coverage: TW listed-code prefix and name keywords,True
1538,MACHINERY,0.55,TW listed-code prefix 15 → MACHINERY,v2-tax-2 coverage: TW listed-code prefix and name keywords,False
1538,INDUSTRIAL,0.55,inherited from MACHINERY,v2-tax-2 coverage: TW listed-code prefix and name keywords,True
1539,MACHINERY,0.55,TW listed-code prefix 15 → MACHINERY,v2-tax-2 coverage: TW listed-code prefix and name keywords,False
1539,INDUSTRIAL,0.55,inherited from MACHINERY,v2-tax-2 coverage: TW listed-code prefix and name keywords,True
1540,MACHINERY,0.55,TW listed-code prefix 15 → MACHINERY,v2-tax-2 coverage: TW listed-code prefix and name keywords,False
1540,INDUSTRIAL,0.55,inherited from MACHINERY,v2-tax-2 coverage: TW listed-code prefix and name keywords,True
1541,MACHINERY,0.55,TW listed-code prefix 15 → MACHINERY,v2-tax-2 coverage: TW listed-code prefix and name keywords,False
1541,INDUSTRIAL,0.55,inherited from MACHINERY,v2-tax-2 coverage: TW listed-code prefix and name keywords,True
1558,MACHINERY,0.55,TW listed-code prefix 15 → MACHINERY,v2-tax-2 coverage: TW listed-code prefix and name keywords,False
1558,INDUSTRIAL,0.55,inherited from MACHINERY,v2-tax-2 coverage: TW listed-code prefix and name keywords,True
1565,MACHINERY,0.55,TW listed-code prefix 15 → MACHINERY,v2-tax-2 coverage: TW listed-code prefix and name keywords,False
1565,INDUSTRIAL,0.55,inherited from MACHINERY,v2-tax-2 coverage: TW listed-code prefix and name keywords,True
1568,MACHINERY,0.55,TW listed-code prefix 15 → MACHINERY,v2-tax-2 coverage: TW listed-code prefix and name keywords,False
1568,INDUSTRIAL,0.55,inherited from MACHINERY,v2-tax-2 coverage: TW listed-code prefix and name keywords,True
1569,MACHINERY,0.55,TW listed-code prefix 15 → MACHINERY,v2-tax-2 coverage: TW listed-code prefix and name keywords,False
1569,INDUSTRIAL,0.55,inherited from MACHINERY,v2-tax-2 coverage: TW listed-code prefix and name keywords,True
1570,MACHINERY,0.55,TW listed-code prefix 15 → MACHINERY,v2-tax-2 coverage: TW listed-code prefix and name keywords,False
1570,INDUSTRIAL,0.55,inherited from MACHINERY,v2-tax-2 coverage: TW listed-code prefix and name keywords,True
1580,MACHINERY,0.55,TW listed-code prefix 15 → MACHINERY,v2-tax-2 coverage: TW listed-code prefix and name keywords,False
1580,INDUSTRIAL,0.55,inherited from MACHINERY,v2-tax-2 coverage: TW listed-code prefix and name keywords,True
1582,MACHINERY,0.55,TW listed-code prefix 15 → MACHINERY,v2-tax-2 coverage: TW listed-code prefix and name keywords,False
1582,INDUSTRIAL,0.55,inherited from MACHINERY,v2-tax-2 coverage: TW listed-code prefix and name keywords,True
1583,MACHINERY,0.55,TW listed-code prefix 15 → MACHINERY,v2-tax-2 coverage: TW listed-code prefix and name keywords,False
1583,INDUSTRIAL,0.55,inherited from MACHINERY,v2-tax-2 coverage: TW listed-code prefix and name keywords,True
1584,MACHINERY,0.55,TW listed-code prefix 15 → MACHINERY,v2-tax-2 coverage: TW listed-code prefix and name keywords,False
1584,INDUSTRIAL,0.55,inherited from MACHINERY,v2-tax-2 coverage: TW listed-code prefix and name keywords,True
1586,MACHINERY,0.55,TW listed-code prefix 15 → MACHINERY,v2-tax-2 coverage: TW listed-code prefix and name keywords,False
1586,INDUSTRIAL,0.55,inherited from MACHINERY,v2-tax-2 coverage: TW listed-code prefix and name keywords,True
1587,MACHINERY,0.55,TW listed-code prefix 15 → MACHINERY,v2-tax-2 coverage: TW listed-code prefix and name keywords,False
1587,INDUSTRIAL,0.55,inherited from MACHINERY,v2-tax-2 coverage: TW listed-code prefix and name keywords,True
1593,MACHINERY,0.55,TW listed-code prefix 15 → MACHINERY,v2-tax-2 coverage: TW listed-code prefix and name keywords,False
1593,INDUSTRIAL,0.55,inherited from MACHINERY,v2-tax-2 coverage: TW listed-code prefix and name keywords,True
1595,MACHINERY,0.55,TW listed-code prefix 15 → MACHINERY,v2-tax-2 coverage: TW listed-code prefix and name keywords,False
1595,INDUSTRIAL,0.55,inherited from MACHINERY,v2-tax-2 coverage: TW listed-code prefix and name keywords,True
1598,MACHINERY,0.55,TW listed-code prefix 15 → MACHINERY,v2-tax-2 coverage: TW listed-code prefix and name keywords,False
1598,INDUSTRIAL,0.55,inherited from MACHINERY,v2-tax-2 coverage: TW listed-code prefix and name keywords,True
1599,MACHINERY,0.55,TW listed-code prefix 15 → MACHINERY,v2-tax-2 coverage: TW listed-code prefix and name keywords,False
1599,INDUSTRIAL,0.55,inherited from MACHINERY,v2-tax-2 coverage: TW listed-code prefix and name keywords,True
4502,MACHINERY,0.55,TW listed-code prefix 45 → MACHINERY,v2-tax-2 coverage: TW listed-code prefix and name keywords,False
4502,INDUSTRIAL,0.55,inherited from MACHINERY,v2-tax-2 coverage: TW listed-code prefix and name keywords,True
4503,MACHINERY,0.55,TW listed-code prefix 45 → MACHINERY,v2-tax-2 coverage: TW listed-code prefix and name keywords,False
4503,INDUSTRIAL,0.55,inherited from MACHINERY,v2-tax-2 coverage: TW listed-code prefix and name keywords,True
4506,MACHINERY,0.55,TW listed-code prefix 45 → MACHINERY,v2-tax-2 coverage: TW listed-code prefix and name keywords,False
4506,INDUSTRIAL,0.55,inherited from MACHINERY,v2-tax-2 coverage: TW listed-code prefix and name keywords,True
4510,MACHINERY,0.55,TW listed-code prefix 45 → MACHINERY,v2-tax-2 coverage: TW listed-code prefix and name keywords,False
4510,INDUSTRIAL,0.55,inherited from MACHINERY,v2-tax-2 coverage: TW listed-code prefix and name keywords,True
4513,MACHINERY,0.55,TW listed-code prefix 45 → MACHINERY,v2-tax-2 coverage: TW listed-code prefix and name keywords,False
4513,INDUSTRIAL,0.55,inherited from MACHINERY,v2-tax-2 coverage: TW listed-code prefix and name keywords,True
4523,MACHINERY,0.55,TW listed-code prefix 45 → MACHINERY,v2-tax-2 coverage: TW listed-code prefix and name keywords,False
4523,INDUSTRIAL,0.55,inherited from MACHINERY,v2-tax-2 coverage: TW listed-code prefix and name keywords,True
4527,MACHINERY,0.55,TW listed-code prefix 45 → MACHINERY,v2-tax-2 coverage: TW listed-code prefix and name keywords,False
4527,INDUSTRIAL,0.55,inherited from MACHINERY,v2-tax-2 coverage: TW listed-code prefix and name keywords,True
4528,MACHINERY,0.55,TW listed-code prefix 45 → MACHINERY,v2-tax-2 coverage: TW listed-code prefix and name keywords,False
4528,INDUSTRIAL,0.55,inherited from MACHINERY,v2-tax-2 coverage: TW listed-code prefix and name keywords,True
4529,MACHINERY,0.55,TW listed-code prefix 45 → MACHINERY,v2-tax-2 coverage: TW listed-code prefix and name keywords,False
4529,INDUSTRIAL,0.55,inherited from MACHINERY,v2-tax-2 coverage: TW listed-code prefix and name keywords,True
4530,MACHINERY,0.55,TW listed-code prefix 45 → MACHINERY,v2-tax-2 coverage: TW listed-code prefix and name keywords,False
4530,INDUSTRIAL,0.55,inherited from MACHINERY,v2-tax-2 coverage: TW listed-code prefix and name keywords,True
4532,MACHINERY,0.55,TW listed-code prefix 45 → MACHINERY,v2-tax-2 coverage: TW listed-code prefix and name keywords,False
4532,INDUSTRIAL,0.55,inherited from MACHINERY,v2-tax-2 coverage: TW listed-code prefix and name keywords,True
4534,MACHINERY,0.55,TW listed-code prefix 45 → MACHINERY,v2-tax-2 coverage: TW listed-code prefix and name keywords,False
4534,INDUSTRIAL,0.55,inherited from MACHINERY,v2-tax-2 coverage: TW listed-code prefix and name keywords,True
4535,MACHINERY,0.55,TW listed-code prefix 45 → MACHINERY,v2-tax-2 coverage: TW listed-code prefix and name keywords,False
4535,INDUSTRIAL,0.55,inherited from MACHINERY,v2-tax-2 coverage: TW listed-code prefix and name keywords,True
4536,MACHINERY,0.55,TW listed-code prefix 45 → MACHINERY,v2-tax-2 coverage: TW listed-code prefix and name keywords,False
4536,INDUSTRIAL,0.55,inherited from MACHINERY,v2-tax-2 coverage: TW listed-code prefix and name keywords,True
4538,MACHINERY,0.55,TW listed-code prefix 45 → MACHINERY,v2-tax-2 coverage: TW listed-code prefix and name keywords,False
4538,INDUSTRIAL,0.55,inherited from MACHINERY,v2-tax-2 coverage: TW listed-code prefix and name keywords,True
4540,MACHINERY,0.55,TW listed-code prefix 45 → MACHINERY,v2-tax-2 coverage: TW listed-code prefix and name keywords,False
4540,INDUSTRIAL,0.55,inherited from MACHINERY,v2-tax-2 coverage: TW listed-code prefix and name keywords,True
4541,MACHINERY,0.55,TW listed-code prefix 45 → MACHINERY,v2-tax-2 coverage: TW listed-code prefix and name keywords,False
4541,INDUSTRIAL,0.55,inherited from MACHINERY,v2-tax-2 coverage: TW listed-code prefix and name keywords,True
4542,MACHINERY,0.55,TW listed-code prefix 45 → MACHINERY,v2-tax-2 coverage: TW listed-code prefix and name keywords,False
4542,INDUSTRIAL,0.55,inherited from MACHINERY,v2-tax-2 coverage: TW listed-code prefix and name keywords,True
4543,MACHINERY,0.55,TW listed-code prefix 45 → MACHINERY,v2-tax-2 coverage: TW listed-code prefix and name keywords,False
4543,INDUSTRIAL,0.55,inherited from MACHINERY,v2-tax-2 coverage: TW listed-code prefix and name keywords,True
4545,MACHINERY,0.55,TW listed-code prefix 45 → MACHINERY,v2-tax-2 coverage: TW listed-code prefix and name keywords,False
4545,INDUSTRIAL,0.55,inherited from MACHINERY,v2-tax-2 coverage: TW listed-code prefix and name keywords,True
4549,MACHINERY,0.55,TW listed-code prefix 45 → MACHINERY,v2-tax-2 coverage: TW listed-code prefix and name keywords,False
4549,INDUSTRIAL,0.55,inherited from MACHINERY,v2-tax-2 coverage: TW listed-code prefix and name keywords,True
4550,MACHINERY,0.55,TW listed-code prefix 45 → MACHINERY,v2-tax-2 coverage: TW listed-code prefix and name keywords,False
4550,INDUSTRIAL,0.55,inherited from MACHINERY,v2-tax-2 coverage: TW listed-code prefix and name keywords,True
4552,MACHINERY,0.55,TW listed-code prefix 45 → MACHINERY,v2-tax-2 coverage: TW listed-code prefix and name keywords,False
4552,INDUSTRIAL,0.55,inherited from MACHINERY,v2-tax-2 coverage: TW listed-code prefix and name keywords,True
4554,MACHINERY,0.55,TW listed-code prefix 45 → MACHINERY,v2-tax-2 coverage: TW listed-code prefix and name keywords,False
4554,INDUSTRIAL,0.55,inherited from MACHINERY,v2-tax-2 coverage: TW listed-code prefix and name keywords,True
4556,MACHINERY,0.55,TW listed-code prefix 45 → MACHINERY,v2-tax-2 coverage: TW listed-code prefix and name keywords,False
4556,INDUSTRIAL,0.55,inherited from MACHINERY,v2-tax-2 coverage: TW listed-code prefix and name keywords,True
4557,MACHINERY,0.55,TW listed-code prefix 45 → MACHINERY,v2-tax-2 coverage: TW listed-code prefix and name keywords,False
4557,INDUSTRIAL,0.55,inherited from MACHINERY,v2-tax-2 coverage: TW listed-code prefix and name keywords,True
4558,MACHINERY,0.55,TW listed-code prefix 45 → MACHINERY,v2-tax-2 coverage: TW listed-code prefix and name keywords,False
4558,INDUSTRIAL,0.55,inherited from MACHINERY,v2-tax-2 coverage: TW listed-code prefix and name keywords,True
4560,MACHINERY,0.55,TW listed-code prefix 45 → MACHINERY,v2-tax-2 coverage: TW listed-code prefix and name keywords,False
4560,INDUSTRIAL,0.55,inherited from MACHINERY,v2-tax-2 coverage: TW listed-code prefix and name keywords,True
4561,MACHINERY,0.55,TW listed-code prefix 45 → MACHINERY,v2-tax-2 coverage: TW listed-code prefix and name keywords,False
4561,INDUSTRIAL,0.55,inherited from MACHINERY,v2-tax-2 coverage: TW listed-code prefix and name keywords,True
4562,MACHINERY,0.55,TW listed-code prefix 45 → MACHINERY,v2-tax-2 coverage: TW listed-code prefix and name keywords,False
4562,INDUSTRIAL,0.55,inherited from MACHINERY,v2-tax-2 coverage: TW listed-code prefix and name keywords,True
4563,MACHINERY,0.55,TW listed-code prefix 45 → MACHINERY,v2-tax-2 coverage: TW listed-code prefix and name keywords,False
4563,INDUSTRIAL,0.55,inherited from MACHINERY,v2-tax-2 coverage: TW listed-code prefix and name keywords,True
4564,MACHINERY,0.55,TW listed-code prefix 45 → MACHINERY,v2-tax-2 coverage: TW listed-code prefix and name keywords,False
4564,INDUSTRIAL,0.55,inherited from MACHINERY,v2-tax-2 coverage: TW listed-code prefix and name keywords,True
4566,MACHINERY,0.55,TW listed-code prefix 45 → MACHINERY,v2-tax-2 coverage: TW listed-code prefix and name keywords,False
4566,INDUSTRIAL,0.55,inherited from MACHINERY,v2-tax-2 coverage: TW listed-code prefix and name keywords,True
4568,MACHINERY,0.55,TW listed-code prefix 45 → MACHINERY,v2-tax-2 coverage: TW listed-code prefix and name keywords,False
4568,INDUSTRIAL,0.55,inherited from MACHINERY,v2-tax-2 coverage: TW listed-code prefix and name keywords,True
4569,MACHINERY,0.55,TW listed-code prefix 45 → MACHINERY,v2-tax-2 coverage: TW listed-code prefix and name keywords,False
4569,INDUSTRIAL,0.55,inherited from MACHINERY,v2-tax-2 coverage: TW listed-code prefix and name keywords,True
4571,MACHINERY,0.55,TW listed-code prefix 45 → MACHINERY,v2-tax-2 coverage: TW listed-code prefix and name keywords,False
4571,INDUSTRIAL,0.55,inherited from MACHINERY,v2-tax-2 coverage: TW listed-code prefix and name keywords,True
4577,MACHINERY,0.55,TW listed-code prefix 45 → MACHINERY,v2-tax-2 coverage: TW listed-code prefix and name keywords,False
4577,INDUSTRIAL,0.55,inherited from MACHINERY,v2-tax-2 coverage: TW listed-code prefix and name keywords,True
4580,MACHINERY,0.55,TW listed-code prefix 45 → MACHINERY,v2-tax-2 coverage: TW listed-code prefix and name keywords,False
4580,INDUSTRIAL,0.55,inherited from MACHINERY,v2-tax-2 coverage: TW listed-code prefix and name keywords,True
4581,MACHINERY,0.55,TW listed-code prefix 45 → MACHINERY,v2-tax-2 coverage: TW listed-code prefix and name keywords,False
4581,INDUSTRIAL,0.55,inherited from MACHINERY,v2-tax-2 coverage: TW listed-code prefix and name keywords,True
4582,MACHINERY,0.55,TW listed-code prefix 45 → MACHINERY,v2-tax-2 coverage: TW listed-code prefix and name keywords,False
4582,INDUSTRIAL,0.55,inherited from MACHINERY,v2-tax-2 coverage: TW listed-code prefix and name keywords,True
4583,MACHINERY,0.55,TW listed-code prefix 45 → MACHINERY,v2-tax-2 coverage: TW listed-code prefix and name keywords,False
4583,INDUSTRIAL,0.55,inherited from MACHINERY,v2-tax-2 coverage: TW listed-code prefix and name keywords,True
4584,MACHINERY,0.55,TW listed-code prefix 45 → MACHINERY,v2-tax-2 coverage: TW listed-code prefix and name keywords,False
4584,INDUSTRIAL,0.55,inherited from MACHINERY,v2-tax-2 coverage: TW listed-code prefix and name keywords,True
4585,MACHINERY,0.55,TW listed-code prefix 45 → MACHINERY,v2-tax-2 coverage: TW listed-code prefix and name keywords,False
4585,INDUSTRIAL,0.55,inherited from MACHINERY,v2-tax-2 coverage: TW listed-code prefix and name keywords,True
4588,MACHINERY,0.55,TW listed-code prefix 45 → MACHINERY,v2-tax-2 coverage: TW listed-code prefix and name keywords,False
4588,INDUSTRIAL,0.55,inherited from MACHINERY,v2-tax-2 coverage: TW listed-code prefix and name keywords,True
4590,MACHINERY,0.55,TW listed-code prefix 45 → MACHINERY,v2-tax-2 coverage: TW listed-code prefix and name keywords,False
4590,INDUSTRIAL,0.55,inherited from MACHINERY,v2-tax-2 coverage: TW listed-code prefix and name keywords,True
1603,CABLE,0.55,TW listed-code prefix 16 → CABLE,v2-tax-2 coverage: TW listed-code prefix and name keywords,False
1603,COMM,0.55,inherited from CABLE,v2-tax-2 coverage: TW listed-code prefix and name keywords,True
1604,CABLE,0.55,TW listed-code prefix 16 → CABLE,v2-tax-2 coverage: TW listed-code prefix and name keywords,False
1604,COMM,0.55,inherited from CABLE,v2-tax-2 coverage: TW listed-code prefix and name keywords,True
1608,CABLE,0.55,TW listed-code prefix 16 → CABLE,v2-tax-2 coverage: TW listed-code prefix and name keywords,False
1608,COMM,0.55,inherited from CABLE,v2-tax-2 coverage: TW listed-code prefix and name keywords,True
1609,CABLE,0.55,TW listed-code prefix 16 → CABLE,v2-tax-2 coverage: TW listed-code prefix and name keywords,False
1609,COMM,0.55,inherited from CABLE,v2-tax-2 coverage: TW listed-code prefix and name keywords,True
1611,CABLE,0.55,TW listed-code prefix 16 → CABLE,v2-tax-2 coverage: TW listed-code prefix and name keywords,False
1611,COMM,0.55,inherited from CABLE,v2-tax-2 coverage: TW listed-code prefix and name keywords,True
1614,CABLE,0.55,TW listed-code prefix 16 → CABLE,v2-tax-2 coverage: TW listed-code prefix and name keywords,False
1614,COMM,0.55,inherited from CABLE,v2-tax-2 coverage: TW listed-code prefix and name keywords,True
1615,CABLE,0.55,TW listed-code prefix 16 → CABLE,v2-tax-2 coverage: TW listed-code prefix and name keywords,False
1615,COMM,0.55,inherited from CABLE,v2-tax-2 coverage: TW listed-code prefix and name keywords,True
1616,CABLE,0.55,TW listed-code prefix 16 → CABLE,v2-tax-2 coverage: TW listed-code prefix and name keywords,False
1616,COMM,0.55,inherited from CABLE,v2-tax-2 coverage: TW listed-code prefix and name keywords,True
1617,CABLE,0.55,TW listed-code prefix 16 → CABLE,v2-tax-2 coverage: TW listed-code prefix and name keywords,False
1617,COMM,0.55,inherited from CABLE,v2-tax-2 coverage: TW listed-code prefix and name keywords,True
1618,CABLE,0.55,TW listed-code prefix 16 → CABLE,v2-tax-2 coverage: TW listed-code prefix and name keywords,False
1618,COMM,0.55,inherited from CABLE,v2-tax-2 coverage: TW listed-code prefix and name keywords,True
1623,CABLE,0.55,TW listed-code prefix 16 → CABLE,v2-tax-2 coverage: TW listed-code prefix and name keywords,False
1623,COMM,0.55,inherited from CABLE,v2-tax-2 coverage: TW listed-code prefix and name keywords,True
1626,CABLE,0.55,TW listed-code prefix 16 → CABLE,v2-tax-2 coverage: TW listed-code prefix and name keywords,False
1626,COMM,0.55,inherited from CABLE,v2-tax-2 coverage: TW listed-code prefix and name keywords,True
1702,CHEM,0.55,TW listed-code prefix 17 → CHEM,v2-tax-2 coverage: TW listed-code prefix and name keywords,False
1702,MATERIALS,0.55,inherited from CHEM,v2-tax-2 coverage: TW listed-code prefix and name keywords,True
1709,CHEM,0.55,TW listed-code prefix 17 → CHEM,v2-tax-2 coverage: TW listed-code prefix and name keywords,False
1709,MATERIALS,0.55,inherited from CHEM,v2-tax-2 coverage: TW listed-code prefix and name keywords,True
1712,CHEM,0.55,TW listed-code prefix 17 → CHEM,v2-tax-2 coverage: TW listed-code prefix and name keywords,False
1712,MATERIALS,0.55,inherited from CHEM,v2-tax-2 coverage: TW listed-code prefix and name keywords,True
1713,CHEM,0.55,TW listed-code prefix 17 → CHEM,v2-tax-2 coverage: TW listed-code prefix and name keywords,False
1713,MATERIALS,0.55,inherited from CHEM,v2-tax-2 coverage: TW listed-code prefix and name keywords,True
1720,CHEM,0.55,TW listed-code prefix 17 → CHEM,v2-tax-2 coverage: TW listed-code prefix and name keywords,False
1720,MATERIALS,0.55,inherited from CHEM,v2-tax-2 coverage: TW listed-code prefix and name keywords,True
1721,CHEM,0.55,TW listed-code prefix 17 → CHEM,v2-tax-2 coverage: TW listed-code prefix and name keywords,False
1721,MATERIALS,0.55,inherited from CHEM,v2-tax-2 coverage: TW listed-code prefix and name keywords,True
1730,CHEM,0.55,TW listed-code prefix 17 → CHEM,v2-tax-2 coverage: TW listed-code prefix and name keywords,False
1730,MATERIALS,0.55,inherited from CHEM,v2-tax-2 coverage: TW listed-code prefix and name keywords,True
1731,CHEM,0.55,TW listed-code prefix 17 → CHEM,v2-tax-2 coverage: TW listed-code prefix and name keywords,False
1731,MATERIALS,0.55,inherited from CHEM,v2-tax-2 coverage: TW listed-code prefix and name keywords,True
1732,CHEM,0.55,TW listed-code prefix 17 → CHEM,v2-tax-2 coverage: TW listed-code prefix and name keywords,False
1732,MATERIALS,0.55,inherited from CHEM,v2-tax-2 coverage: TW listed-code prefix and name keywords,True
1734,CHEM,0.55,TW listed-code prefix 17 → CHEM,v2-tax-2 coverage: TW listed-code prefix and name keywords,False
1734,MATERIALS,0.55,inherited from CHEM,v2-tax-2 coverage: TW listed-code prefix and name keywords,True
1735,CHEM,0.55,TW listed-code prefix 17 → CHEM,v2-tax-2 coverage: TW listed-code prefix and name keywords,False
1735,MATERIALS,0.55,inherited from CHEM,v2-tax-2 coverage: TW listed-code prefix and name keywords,True
1736,CHEM,0.55,TW listed-code prefix 17 → CHEM,v2-tax-2 coverage: TW listed-code prefix and name keywords,False
1736,MATERIALS,0.55,inherited from CHEM,v2-tax-2 coverage: TW listed-code prefix and name keywords,True
1737,CHEM,0.55,TW listed-code prefix 17 → CHEM,v2-tax-2 coverage: TW listed-code prefix and name keywords,False
1737,MATERIALS,0.55,inherited from CHEM,v2-tax-2 coverage: TW listed-code prefix and name keywords,True
1742,CHEM,0.55,TW listed-code prefix 17 → CHEM,v2-tax-2 coverage: TW listed-code prefix and name keywords,False
1742,MATERIALS,0.55,inherited from CHEM,v2-tax-2 coverage: TW listed-code prefix and name keywords,True
1752,CHEM,0.55,TW listed-code prefix 17 → CHEM,v2-tax-2 coverage: TW listed-code prefix and name keywords,False
1752,MATERIALS,0.55,inherited from CHEM,v2-tax-2 coverage: TW listed-code prefix and name keywords,True
1760,CHEM,0.55,TW listed-code prefix 17 → CHEM,v2-tax-2 coverage: TW listed-code prefix and name keywords,False
1760,MATERIALS,0.55,inherited from CHEM,v2-tax-2 coverage: TW listed-code prefix and name keywords,True
1773,CHEM,0.55,TW listed-code prefix 17 → CHEM,v2-tax-2 coverage: TW listed-code prefix and name keywords,False
1773,MATERIALS,0.55,inherited from CHEM,v2-tax-2 coverage: TW listed-code prefix and name keywords,True
1776,CHEM,0.55,TW listed-code prefix 17 → CHEM,v2-tax-2 coverage: TW listed-code prefix and name keywords,False
1776,MATERIALS,0.55,inherited from CHEM,v2-tax-2 coverage: TW listed-code prefix and name keywords,True
1777,CHEM,0.55,TW listed-code prefix 17 → CHEM,v2-tax-2 coverage: TW listed-code prefix and name keywords,False
1777,MATERIALS,0.55,inherited from CHEM,v2-tax-2 coverage: TW listed-code prefix and name keywords,True
1780,CHEM,0.55,TW listed-code prefix 17 → CHEM,v2-tax-2 coverage: TW listed-code prefix and name keywords,False
1780,MATERIALS,0.55,inherited from CHEM,v2-tax-2 coverage: TW listed-code prefix and name keywords,True
1781,CHEM,0.55,TW listed-code prefix 17 → CHEM,v2-tax-2 coverage: TW listed-code prefix and name keywords,False
1781,MATERIALS,0.55,inherited from CHEM,v2-tax-2 coverage: TW listed-code prefix and name keywords,True
1784,CHEM,0.55,TW listed-code prefix 17 → CHEM,v2-tax-2 coverage: TW listed-code prefix and name keywords,False
1784,MATERIALS,0.55,inherited from CHEM,v2-tax-2 coverage: TW listed-code prefix and name keywords,True
1785,CHEM,0.55,TW listed-code prefix 17 → CHEM,v2-tax-2 coverage: TW listed-code prefix and name keywords,False
1785,MATERIALS,0.55,inherited from CHEM,v2-tax-2 coverage: TW listed-code prefix and name keywords,True
1786,CHEM,0.55,TW listed-code prefix 17 → CHEM,v2-tax-2 coverage: TW listed-code prefix and name keywords,False
1786,MATERIALS,0.55,inherited from CHEM,v2-tax-2 coverage: TW listed-code prefix and name keywords,True
1788,CHEM,0.55,TW listed-code prefix 17 → CHEM,v2-tax-2 coverage: TW listed-code prefix and name keywords,False
1788,MATERIALS,0.55,inherited from CHEM,v2-tax-2 coverage: TW listed-code prefix and name keywords,True
1789,CHEM,0.55,TW listed-code prefix 17 → CHEM,v2-tax-2 coverage: TW listed-code prefix and name keywords,False
1789,MATERIALS,0.55,inherited from CHEM,v2-tax-2 coverage: TW listed-code prefix and name keywords,True
1796,CHEM,0.55,TW listed-code prefix 17 → CHEM,v2-tax-2 coverage: TW listed-code prefix and name keywords,False
1796,MATERIALS,0.55,inherited from CHEM,v2-tax-2 coverage: TW listed-code prefix and name keywords,True
1799,CHEM,0.55,TW listed-code prefix 17 → CHEM,v2-tax-2 coverage: TW listed-code prefix and name keywords,False
1799,MATERIALS,0.55,inherited from CHEM,v2-tax-2 coverage: TW listed-code prefix and name keywords,True
1805,GLASS,0.55,TW listed-code prefix 18 → GLASS,v2-tax-2 coverage: TW listed-code prefix and name keywords,False
1805,MATERIALS,0.55,inherited from GLASS,v2-tax-2 coverage: TW listed-code prefix and name keywords,True
1806,GLASS,0.55,TW listed-code prefix 18 → GLASS,v2-tax-2 coverage: TW listed-code prefix and name keywords,False
1806,MATERIALS,0.55,inherited from GLASS,v2-tax-2 coverage: TW listed-code prefix and name keywords,True
1808,GLASS,0.55,TW listed-code prefix 18 → GLASS,v2-tax-2 coverage: TW listed-code prefix and name keywords,False
1808,MATERIALS,0.55,inherited from GLASS,v2-tax-2 coverage: TW listed-code prefix and name keywords,True
1809,GLASS,0.55,TW listed-code prefix 18 → GLASS,v2-tax-2 coverage: TW listed-code prefix and name keywords,False
1809,MATERIALS,0.55,inherited from GLASS,v2-tax-2 coverage: TW listed-code prefix and name keywords,True
1810,GLASS,0.55,TW listed-code prefix 18 → GLASS,v2-tax-2 coverage: TW listed-code prefix and name keywords,False
1810,MATERIALS,0.55,inherited from GLASS,v2-tax-2 coverage: TW listed-code prefix and name keywords,True
1813,GLASS,0.55,TW listed-code prefix 18 → GLASS,v2-tax-2 coverage: TW listed-code prefix and name keywords,False
1813,MATERIALS,0.55,inherited from GLASS,v2-tax-2 coverage: TW listed-code prefix and name keywords,True
1815,GLASS,0.55,TW listed-code prefix 18 → GLASS,v2-tax-2 coverage: TW listed-code prefix and name keywords,False
1815,MATERIALS,0.55,inherited from GLASS,v2-tax-2 coverage: TW listed-code prefix and name keywords,True
1903,PAPER,0.55,TW listed-code prefix 19 → PAPER,v2-tax-2 coverage: TW listed-code prefix and name keywords,False
1903,MATERIALS,0.55,inherited from PAPER,v2-tax-2 coverage: TW listed-code prefix and name keywords,True
2007,STEEL,0.55,TW listed-code prefix 20 → STEEL,v2-tax-2 coverage: TW listed-code prefix and name keywords,False
2007,MATERIALS,0.55,inherited from STEEL,v2-tax-2 coverage: TW listed-code prefix and name keywords,True
2008,STEEL,0.55,TW listed-code prefix 20 → STEEL,v2-tax-2 coverage: TW listed-code prefix and name keywords,False
2008,MATERIALS,0.55,inherited from STEEL,v2-tax-2 coverage: TW listed-code prefix and name keywords,True
2009,STEEL,0.55,TW listed-code prefix 20 → STEEL,v2-tax-2 coverage: TW listed-code prefix and name keywords,False
2009,MATERIALS,0.55,inherited from STEEL,v2-tax-2 coverage: TW listed-code prefix and name keywords,True
2012,STEEL,0.55,TW listed-code prefix 20 → STEEL,v2-tax-2 coverage: TW listed-code prefix and name keywords,False
2012,MATERIALS,0.55,inherited from STEEL,v2-tax-2 coverage: TW listed-code prefix and name keywords,True
2013,STEEL,0.55,TW listed-code prefix 20 → STEEL,v2-tax-2 coverage: TW listed-code prefix and name keywords,False
2013,MATERIALS,0.55,inherited from STEEL,v2-tax-2 coverage: TW listed-code prefix and name keywords,True
2015,STEEL,0.55,TW listed-code prefix 20 → STEEL,v2-tax-2 coverage: TW listed-code prefix and name keywords,False
2015,MATERIALS,0.55,inherited from STEEL,v2-tax-2 coverage: TW listed-code prefix and name keywords,True
2017,STEEL,0.55,TW listed-code prefix 20 → STEEL,v2-tax-2 coverage: TW listed-code prefix and name keywords,False
2017,MATERIALS,0.55,inherited from STEEL,v2-tax-2 coverage: TW listed-code prefix and name keywords,True
2020,STEEL,0.55,TW listed-code prefix 20 → STEEL,v2-tax-2 coverage: TW listed-code prefix and name keywords,False
2020,MATERIALS,0.55,inherited from STEEL,v2-tax-2 coverage: TW listed-code prefix and name keywords,True
2022,STEEL,0.55,TW listed-code prefix 20 → STEEL,v2-tax-2 coverage: TW listed-code prefix and name keywords,False
2022,MATERIALS,0.55,inherited from STEEL,v2-tax-2 coverage: TW listed-code prefix and name keywords,True
2024,STEEL,0.55,TW listed-code prefix 20 → STEEL,v2-tax-2 coverage: TW listed-code prefix and name keywords,False
2024,MATERIALS,0.55,inherited from STEEL,v2-tax-2 coverage: TW listed-code prefix and name keywords,True
2025,STEEL,0.55,TW listed-code prefix 20 → STEEL,v2-tax-2 coverage: TW listed-code prefix and name keywords,False
2025,MATERIALS,0.55,inherited from STEEL,v2-tax-2 coverage: TW listed-code prefix and name keywords,True
2029,STEEL,0.55,TW listed-code prefix 20 → STEEL,v2-tax-2 coverage: TW listed-code prefix and name keywords,False
2029,MATERIALS,0.55,inherited from STEEL,v2-tax-2 coverage: TW listed-code prefix and name keywords,True
2030,STEEL,0.55,TW listed-code prefix 20 → STEEL,v2-tax-2 coverage: TW listed-code prefix and name keywords,False
2030,MATERIALS,0.55,inherited from STEEL,v2-tax-2 coverage: TW listed-code prefix and name keywords,True
2032,STEEL,0.55,TW listed-code prefix 20 → STEEL,v2-tax-2 coverage: TW listed-code prefix and name keywords,False
2032,MATERIALS,0.55,inherited from STEEL,v2-tax-2 coverage: TW listed-code prefix and name keywords,True
2033,STEEL,0.55,TW listed-code prefix 20 → STEEL,v2-tax-2 coverage: TW listed-code prefix and name keywords,False
2033,MATERIALS,0.55,inherited from STEEL,v2-tax-2 coverage: TW listed-code prefix and name keywords,True
2035,STEEL,0.55,TW listed-code prefix 20 → STEEL,v2-tax-2 coverage: TW listed-code prefix and name keywords,False
2035,MATERIALS,0.55,inherited from STEEL,v2-tax-2 coverage: TW listed-code prefix and name keywords,True
2038,STEEL,0.55,TW listed-code prefix 20 → STEEL,v2-tax-2 coverage: TW listed-code prefix and name keywords,False
2038,MATERIALS,0.55,inherited from STEEL,v2-tax-2 coverage: TW listed-code prefix and name keywords,True
2061,STEEL,0.55,TW listed-code prefix 20 → STEEL,v2-tax-2 coverage: TW listed-code prefix and name keywords,False
2061,MATERIALS,0.55,inherited from STEEL,v2-tax-2 coverage: TW listed-code prefix and name keywords,True
2062,STEEL,0.55,TW listed-code prefix 20 → STEEL,v2-tax-2 coverage: TW listed-code prefix and name keywords,False
2062,MATERIALS,0.55,inherited from STEEL,v2-tax-2 coverage: TW listed-code prefix and name keywords,True
2063,STEEL,0.55,TW listed-code prefix 20 → STEEL,v2-tax-2 coverage: TW listed-code prefix and name keywords,False
2063,MATERIALS,0.55,inherited from STEEL,v2-tax-2 coverage: TW listed-code prefix and name keywords,True
2064,STEEL,0.55,TW listed-code prefix 20 → STEEL,v2-tax-2 coverage: TW listed-code prefix and name keywords,False
2064,MATERIALS,0.55,inherited from STEEL,v2-tax-2 coverage: TW listed-code prefix and name keywords,True
2065,STEEL,0.55,TW listed-code prefix 20 → STEEL,v2-tax-2 coverage: TW listed-code prefix and name keywords,False
2065,MATERIALS,0.55,inherited from STEEL,v2-tax-2 coverage: TW listed-code prefix and name keywords,True
2066,STEEL,0.55,TW listed-code prefix 20 → STEEL,v2-tax-2 coverage: TW listed-code prefix and name keywords,False
2066,MATERIALS,0.55,inherited from STEEL,v2-tax-2 coverage: TW listed-code prefix and name keywords,True
2067,STEEL,0.55,TW listed-code prefix 20 → STEEL,v2-tax-2 coverage: TW listed-code prefix and name keywords,False
2067,MATERIALS,0.55,inherited from STEEL,v2-tax-2 coverage: TW listed-code prefix and name keywords,True
2069,STEEL,0.55,TW listed-code prefix 20 → STEEL,v2-tax-2 coverage: TW listed-code prefix and name keywords,False
2069,MATERIALS,0.55,inherited from STEEL,v2-tax-2 coverage: TW listed-code prefix and name keywords,True
2070,STEEL,0.55,TW listed-code prefix 20 → STEEL,v2-tax-2 coverage: TW listed-code prefix and name keywords,False
2070,MATERIALS,0.55,inherited from STEEL,v2-tax-2 coverage: TW listed-code prefix and name keywords,True
2072,STEEL,0.55,TW listed-code prefix 20 → STEEL,v2-tax-2 coverage: TW listed-code prefix and name keywords,False
2072,MATERIALS,0.55,inherited from STEEL,v2-tax-2 coverage: TW listed-code prefix and name keywords,True
2073,STEEL,0.55,TW listed-code prefix 20 → STEEL,v2-tax-2 coverage: TW listed-code prefix and name keywords,False
2073,MATERIALS,0.55,inherited from STEEL,v2-tax-2 coverage: TW listed-code prefix and name keywords,True
2072,WIND,0.62,name keyword 風電 → WIND,v2-tax-2 coverage: TW listed-code prefix and name keywords,False
2072,ENERGY,0.62,inherited from WIND,v2-tax-2 coverage: TW listed-code prefix and name keywords,True
2114,RUBBER,0.55,TW listed-code prefix 21 → RUBBER,v2-tax-2 coverage: TW listed-code prefix and name keywords,False
2114,MATERIALS,0.55,inherited from RUBBER,v2-tax-2 coverage: TW listed-code prefix and name keywords,True
2115,RUBBER,0.55,TW listed-code prefix 21 → RUBBER,v2-tax-2 coverage: TW listed-code prefix and name keywords,False
2115,MATERIALS,0.55,inherited from RUBBER,v2-tax-2 coverage: TW listed-code prefix and name keywords,True
2206,AUTO_PARTS,0.55,TW listed-code prefix 22 → AUTO_PARTS,v2-tax-2 coverage: TW listed-code prefix and name keywords,False
2206,AUTO,0.55,inherited from AUTO_PARTS,v2-tax-2 coverage: TW listed-code prefix and name keywords,True
2211,AUTO_PARTS,0.55,TW listed-code prefix 22 → AUTO_PARTS,v2-tax-2 coverage: TW listed-code prefix and name keywords,False
2211,AUTO,0.55,inherited from AUTO_PARTS,v2-tax-2 coverage: TW listed-code prefix and name keywords,True
2221,AUTO_PARTS,0.55,TW listed-code prefix 22 → AUTO_PARTS,v2-tax-2 coverage: TW listed-code prefix and name keywords,False
2221,AUTO,0.55,inherited from AUTO_PARTS,v2-tax-2 coverage: TW listed-code prefix and name keywords,True
2227,AUTO_PARTS,0.55,TW listed-code prefix 22 → AUTO_PARTS,v2-tax-2 coverage: TW listed-code prefix and name keywords,False
2227,AUTO,0.55,inherited from AUTO_PARTS,v2-tax-2 coverage: TW listed-code prefix and name keywords,True
2228,AUTO_PARTS,0.55,TW listed-code prefix 22 → AUTO_PARTS,v2-tax-2 coverage: TW listed-code prefix and name keywords,False
2228,AUTO,0.55,inherited from AUTO_PARTS,v2-tax-2 coverage: TW listed-code prefix and name keywords,True
2230,AUTO_PARTS,0.55,TW listed-code prefix 22 → AUTO_PARTS,v2-tax-2 coverage: TW listed-code prefix and name keywords,False
2230,AUTO,0.55,inherited from AUTO_PARTS,v2-tax-2 coverage: TW listed-code prefix and name keywords,True
2235,AUTO_PARTS,0.55,TW listed-code prefix 22 → AUTO_PARTS,v2-tax-2 coverage: TW listed-code prefix and name keywords,False
2235,AUTO,0.55,inherited from AUTO_PARTS,v2-tax-2 coverage: TW listed-code prefix and name keywords,True
2236,AUTO_PARTS,0.55,TW listed-code prefix 22 → AUTO_PARTS,v2-tax-2 coverage: TW listed-code prefix and name keywords,False
2236,AUTO,0.55,inherited from AUTO_PARTS,v2-tax-2 coverage: TW listed-code prefix and name keywords,True
2237,AUTO_PARTS,0.55,TW listed-code prefix 22 → AUTO_PARTS,v2-tax-2 coverage: TW listed-code prefix and name keywords,False
2237,AUTO,0.55,inherited from AUTO_PARTS,v2-tax-2 coverage: TW listed-code prefix and name keywords,True
2241,AUTO_PARTS,0.55,TW listed-code prefix 22 → AUTO_PARTS,v2-tax-2 coverage: TW listed-code prefix and name keywords,False
2241,AUTO,0.55,inherited from AUTO_PARTS,v2-tax-2 coverage: TW listed-code prefix and name keywords,True
2243,AUTO_PARTS,0.55,TW listed-code prefix 22 → AUTO_PARTS,v2-tax-2 coverage: TW listed-code prefix and name keywords,False
2243,AUTO,0.55,inherited from AUTO_PARTS,v2-tax-2 coverage: TW listed-code prefix and name keywords,True
2247,AUTO_PARTS,0.55,TW listed-code prefix 22 → AUTO_PARTS,v2-tax-2 coverage: TW listed-code prefix and name keywords,False
2247,AUTO,0.55,inherited from AUTO_PARTS,v2-tax-2 coverage: TW listed-code prefix and name keywords,True
2248,AUTO_PARTS,0.55,TW listed-code prefix 22 → AUTO_PARTS,v2-tax-2 coverage: TW listed-code prefix and name keywords,False
2248,AUTO,0.55,inherited from AUTO_PARTS,v2-tax-2 coverage: TW listed-code prefix and name keywords,True
2250,AUTO_PARTS,0.55,TW listed-code prefix 22 → AUTO_PARTS,v2-tax-2 coverage: TW listed-code prefix and name keywords,False
2250,AUTO,0.55,inherited from AUTO_PARTS,v2-tax-2 coverage: TW listed-code prefix and name keywords,True
2254,AUTO_PARTS,0.55,TW listed-code prefix 22 → AUTO_PARTS,v2-tax-2 coverage: TW listed-code prefix and name keywords,False
2254,AUTO,0.55,inherited from AUTO_PARTS,v2-tax-2 coverage: TW listed-code prefix and name keywords,True
2258,AUTO_PARTS,0.55,TW listed-code prefix 22 → AUTO_PARTS,v2-tax-2 coverage: TW listed-code prefix and name keywords,False
2258,AUTO,0.55,inherited from AUTO_PARTS,v2-tax-2 coverage: TW listed-code prefix and name keywords,True
2301,ELEC,0.55,TW listed-code prefix 23 → ELEC,v2-tax-2 coverage: TW listed-code prefix and name keywords,False
2302,ELEC,0.55,TW listed-code prefix 23 → ELEC,v2-tax-2 coverage: TW listed-code prefix and name keywords,False
2305,ELEC,0.55,TW listed-code prefix 23 → ELEC,v2-tax-2 coverage: TW listed-code prefix and name keywords,False
2312,ELEC,0.55,TW listed-code prefix 23 → ELEC,v2-tax-2 coverage: TW listed-code prefix and name keywords,False
2314,ELEC,0.55,TW listed-code prefix 23 → ELEC,v2-tax-2 coverage: TW listed-code prefix and name keywords,False
2316,ELEC,0.55,TW listed-code prefix 23 → ELEC,v2-tax-2 coverage: TW listed-code prefix and name keywords,False
2321,ELEC,0.55,TW listed-code prefix 23 → ELEC,v2-tax-2 coverage: TW listed-code prefix and name keywords,False
2323,ELEC,0.55,TW listed-code prefix 23 → ELEC,v2-tax-2 coverage: TW listed-code prefix and name keywords,False
2328,ELEC,0.55,TW listed-code prefix 23 → ELEC,v2-tax-2 coverage: TW listed-code prefix and name keywords,False
2331,ELEC,0.55,TW listed-code prefix 23 → ELEC,v2-tax-2 coverage: TW listed-code prefix and name keywords,False
2332,ELEC,0.55,TW listed-code prefix 23 → ELEC,v2-tax-2 coverage: TW listed-code prefix and name keywords,False
2338,ELEC,0.55,TW listed-code prefix 23 → ELEC,v2-tax-2 coverage: TW listed-code prefix and name keywords,False
2340,ELEC,0.55,TW listed-code prefix 23 → ELEC,v2-tax-2 coverage: TW listed-code prefix and name keywords,False
2342,ELEC,0.55,TW listed-code prefix 23 → ELEC,v2-tax-2 coverage: TW listed-code prefix and name keywords,False
2348,ELEC,0.55,TW listed-code prefix 23 → ELEC,v2-tax-2 coverage: TW listed-code prefix and name keywords,False
2349,ELEC,0.55,TW listed-code prefix 23 → ELEC,v2-tax-2 coverage: TW listed-code prefix and name keywords,False
2351,ELEC,0.55,TW listed-code prefix 23 → ELEC,v2-tax-2 coverage: TW listed-code prefix and name keywords,False
2352,ELEC,0.55,TW listed-code prefix 23 → ELEC,v2-tax-2 coverage: TW listed-code prefix and name keywords,False
2359,ELEC,0.55,TW listed-code prefix 23 → ELEC,v2-tax-2 coverage: TW listed-code prefix and name keywords,False
2360,ELEC,0.55,TW listed-code prefix 23 → ELEC,v2-tax-2 coverage: TW listed-code prefix and name keywords,False
2362,ELEC,0.55,TW listed-code prefix 23 → ELEC,v2-tax-2 coverage: TW listed-code prefix and name keywords,False
2363,ELEC,0.55,TW listed-code prefix 23 → ELEC,v2-tax-2 coverage: TW listed-code prefix and name keywords,False
2364,ELEC,0.55,TW listed-code prefix 23 → ELEC,v2-tax-2 coverage: TW listed-code prefix and name keywords,False
2365,ELEC,0.55,TW listed-code prefix 23 → ELEC,v2-tax-2 coverage: TW listed-code prefix and name keywords,False
2367,ELEC,0.55,TW listed-code prefix 23 → ELEC,v2-tax-2 coverage: TW listed-code prefix and name keywords,False
2369,ELEC,0.55,TW listed-code prefix 23 → ELEC,v2-tax-2 coverage: TW listed-code prefix and name keywords,False
2371,ELEC,0.55,TW listed-code prefix 23 → ELEC,v2-tax-2 coverage: TW listed-code prefix and name keywords,False
2373,ELEC,0.55,TW listed-code prefix 23 → ELEC,v2-tax-2 coverage: TW listed-code prefix and name keywords,False
2374,ELEC,0.55,TW listed-code prefix 23 → ELEC,v2-tax-2 coverage: TW listed-code prefix and name keywords,False
2375,ELEC,0.55,TW listed-code prefix 23 → ELEC,v2-tax-2 coverage: TW listed-code prefix and name keywords,False
2380,ELEC,0.55,TW listed-code prefix 23 → ELEC,v2-tax-2 coverage: TW listed-code prefix and name keywords,False
2385,ELEC,0.55,TW listed-code prefix 23 → ELEC,v2-tax-2 coverage: TW listed-code prefix and name keywords,False
2387,ELEC,0.55,TW listed-code prefix 23 → ELEC,v2-tax-2 coverage: TW listed-code prefix and name keywords,False
2388,ELEC,0.55,TW listed-code prefix 23 → ELEC,v2-tax-2 coverage: TW listed-code prefix and name keywords,False
2390,ELEC,0.55,TW listed-code prefix 23 → ELEC,v2-tax-2 coverage: TW listed-code prefix and name keywords,False
2399,ELEC,0.55,TW listed-code prefix 23 → ELEC,v2-tax-2 coverage: TW listed-code prefix and name keywords,False
2402,ELEC,0.55,TW listed-code prefix 24 → ELEC,v2-tax-2 coverage: TW listed-code prefix and name keywords,False
2404,ELEC,0.55,TW listed-code prefix 24 → ELEC,v2-tax-2 coverage: TW listed-code prefix and name keywords,False
2405,ELEC,0.55,TW listed-code prefix 24 → ELEC,v2-tax-2 coverage: TW listed-code prefix and name keywords,False
2406,ELEC,0.55,TW listed-code prefix 24 → ELEC,v2-tax-2 coverage: TW listed-code prefix and name keywords,False
2413,ELEC,0.55,TW listed-code prefix 24 → ELEC,v2-tax-2 coverage: TW listed-code prefix and name keywords,False
2415,ELEC,0.55,TW listed-code prefix 24 → ELEC,v2-tax-2 coverage: TW listed-code prefix and name keywords,False
2417,ELEC,0.55,TW listed-code prefix 24 → ELEC,v2-tax-2 coverage: TW listed-code prefix and name keywords,False
2420,ELEC,0.55,TW listed-code prefix 24 → ELEC,v2-tax-2 coverage: TW listed-code prefix and name keywords,False
2423,ELEC,0.55,TW listed-code prefix 24 → ELEC,v2-tax-2 coverage: TW listed-code prefix and name keywords,False
2424,ELEC,0.55,TW listed-code prefix 24 → ELEC,v2-tax-2 coverage: TW listed-code prefix and name keywords,False
2425,ELEC,0.55,TW listed-code prefix 24 → ELEC,v2-tax-2 coverage: TW listed-code prefix and name keywords,False
2427,ELEC,0.55,TW listed-code prefix 24 → ELEC,v2-tax-2 coverage: TW listed-code prefix and name keywords,False
2428,ELEC,0.55,TW listed-code prefix 24 → ELEC,v2-tax-2 coverage: TW listed-code prefix and name keywords,False
2429,ELEC,0.55,TW listed-code prefix 24 → ELEC,v2-tax-2 coverage: TW listed-code prefix and name keywords,False
2430,ELEC,0.55,TW listed-code prefix 24 → ELEC,v2-tax-2 coverage: TW listed-code prefix and name keywords,False
2431,ELEC,0.55,TW listed-code prefix 24 → ELEC,v2-tax-2 coverage: TW listed-code prefix and name keywords,False
2432,ELEC,0.55,TW listed-code prefix 24 → ELEC,v2-tax-2 coverage: TW listed-code prefix and name keywords,False
2433,ELEC,0.55,TW listed-code prefix 24 → ELEC,v2-tax-2 coverage: TW listed-code prefix and name keywords,False
2434,ELEC,0.55,TW listed-code prefix 24 → ELEC,v2-tax-2 coverage: TW listed-code prefix and name keywords,False
2436,ELEC,0.55,TW listed-code prefix 24 → ELEC,v2-tax-2 coverage: TW listed-code prefix and name keywords,False
2438,ELEC,0.55,TW listed-code prefix 24 → ELEC,v2-tax-2 coverage: TW listed-code prefix and name keywords,False
2439,ELEC,0.55,TW listed-code prefix 24 → ELEC,v2-tax-2 coverage: TW listed-code prefix and name keywords,False
2440,ELEC,0.55,TW listed-code prefix 24 → ELEC,v2-tax-2 coverage: TW listed-code prefix and name keywords,False
2442,ELEC,0.55,TW listed-code prefix 24 → ELEC,v2-tax-2 coverage: TW listed-code prefix and name keywords,False
2444,ELEC,0.55,TW listed-code prefix 24 → ELEC,v2-tax-2 coverage: TW listed-code prefix and name keywords,False
2450,ELEC,0.55,TW listed-code prefix 24 → ELEC,v2-tax-2 coverage: TW listed-code prefix and name keywords,False
2451,ELEC,0.55,TW listed-code prefix 24 → ELEC,v2-tax-2 coverage: TW listed-code prefix and name keywords,False
2457,ELEC,0.55,TW listed-code prefix 24 → ELEC,v2-tax-2 coverage: TW listed-code prefix and name keywords,False
2458,ELEC,0.55,TW listed-code prefix 24 → ELEC,v2-tax-2 coverage: TW listed-code prefix and name keywords,False
2459,ELEC,0.55,TW listed-code prefix 24 → ELEC,v2-tax-2 coverage: TW listed-code prefix and name keywords,False
2460,ELEC,0.55,TW listed-code prefix 24 → ELEC,v2-tax-2 coverage: TW listed-code prefix and name keywords,False
2461,ELEC,0.55,TW listed-code prefix 24 → ELEC,v2-tax-2 coverage: TW listed-code prefix and name keywords,False
2462,ELEC,0.55,TW listed-code prefix 24 → ELEC,v2-tax-2 coverage: TW listed-code prefix and name keywords,False
2464,ELEC,0.55,TW listed-code prefix 24 → ELEC,v2-tax-2 coverage: TW listed-code prefix and name keywords,False
2466,ELEC,0.55,TW listed-code prefix 24 → ELEC,v2-tax-2 coverage: TW listed-code prefix and name keywords,False
2468,ELEC,0.55,TW listed-code prefix 24 → ELEC,v2-tax-2 coverage: TW listed-code prefix and name keywords,False
2471,ELEC,0.55,TW listed-code prefix 24 → ELEC,v2-tax-2 coverage: TW listed-code prefix and name keywords,False
2472,ELEC,0.55,TW listed-code prefix 24 → ELEC,v2-tax-2 coverage: TW listed-code prefix and name keywords,False
2474,ELEC,0.55,TW listed-code prefix 24 → ELEC,v2-tax-2 coverage: TW listed-code prefix and name keywords,False
2476,ELEC,0.55,TW listed-code prefix 24 → ELEC,v2-tax-2 coverage: TW listed-code prefix and name keywords,False
2477,ELEC,0.55,TW listed-code prefix 24 → ELEC,v2-tax-2 coverage: TW listed-code prefix and name keywords,False
2480,ELEC,0.55,TW listed-code prefix 24 → ELEC,v2-tax-2 coverage: TW listed-code prefix and name keywords,False
2481,ELEC,0.55,TW listed-code prefix 24 → ELEC,v2-tax-2 coverage: TW listed-code prefix and name keywords,False
2482,ELEC,0.55,TW listed-code prefix 24 → ELEC,v2-tax-2 coverage: TW listed-code prefix and name keywords,False
2483,ELEC,0.55,TW listed-code prefix 24 → ELEC,v2-tax-2 coverage: TW listed-code prefix and name keywords,False
2484,ELEC,0.55,TW listed-code prefix 24 → ELEC,v2-tax-2 coverage: TW listed-code prefix and name keywords,False
2485,ELEC,0.55,TW listed-code prefix 24 → ELEC,v2-tax-2 coverage: TW listed-code prefix and name keywords,False
2486,ELEC,0.55,TW listed-code prefix 24 → ELEC,v2-tax-2 coverage: TW listed-code prefix and name keywords,False
2488,ELEC,0.55,TW listed-code prefix 24 → ELEC,v2-tax-2 coverage: TW listed-code prefix and name keywords,False
2489,ELEC,0.55,TW listed-code prefix 24 → ELEC,v2-tax-2 coverage: TW listed-code prefix and name keywords,False
2491,ELEC,0.55,TW listed-code prefix 24 → ELEC,v2-tax-2 coverage: TW listed-code prefix and name keywords,False
2493,ELEC,0.55,TW listed-code prefix 24 → ELEC,v2-tax-2 coverage: TW listed-code prefix and name keywords,False
2495,ELEC,0.55,TW listed-code prefix 24 → ELEC,v2-tax-2 coverage: TW listed-code prefix and name keywords,False
2496,ELEC,0.55,TW listed-code prefix 24 → ELEC,v2-tax-2 coverage: TW listed-code prefix and name keywords,False
2497,ELEC,0.55,TW listed-code prefix 24 → ELEC,v2-tax-2 coverage: TW listed-code prefix and name keywords,False
2498,ELEC,0.55,TW listed-code prefix 24 → ELEC,v2-tax-2 coverage: TW listed-code prefix and name keywords,False
3002,ELEC,0.55,TW listed-code prefix 30 → ELEC,v2-tax-2 coverage: TW listed-code prefix and name keywords,False
3003,ELEC,0.55,TW listed-code prefix 30 → ELEC,v2-tax-2 coverage: TW listed-code prefix and name keywords,False
3004,ELEC,0.55,TW listed-code prefix 30 → ELEC,v2-tax-2 coverage: TW listed-code prefix and name keywords,False
3005,ELEC,0.55,TW listed-code prefix 30 → ELEC,v2-tax-2 coverage: TW listed-code prefix and name keywords,False
3006,ELEC,0.55,TW listed-code prefix 30 → ELEC,v2-tax-2 coverage: TW listed-code prefix and name keywords,False
3010,ELEC,0.55,TW listed-code prefix 30 → ELEC,v2-tax-2 coverage: TW listed-code prefix and name keywords,False
3013,ELEC,0.55,TW listed-code prefix 30 → ELEC,v2-tax-2 coverage: TW listed-code prefix and name keywords,False
3014,ELEC,0.55,TW listed-code prefix 30 → ELEC,v2-tax-2 coverage: TW listed-code prefix and name keywords,False
3015,ELEC,0.55,TW listed-code prefix 30 → ELEC,v2-tax-2 coverage: TW listed-code prefix and name keywords,False
3018,ELEC,0.55,TW listed-code prefix 30 → ELEC,v2-tax-2 coverage: TW listed-code prefix and name keywords,False
3019,ELEC,0.55,TW listed-code prefix 30 → ELEC,v2-tax-2 coverage: TW listed-code prefix and name keywords,False
3021,ELEC,0.55,TW listed-code prefix 30 → ELEC,v2-tax-2 coverage: TW listed-code prefix and name keywords,False
3022,ELEC,0.55,TW listed-code prefix 30 → ELEC,v2-tax-2 coverage: TW listed-code prefix and name keywords,False
3023,ELEC,0.55,TW listed-code prefix 30 → ELEC,v2-tax-2 coverage: TW listed-code prefix and name keywords,False
3024,ELEC,0.55,TW listed-code prefix 30 → ELEC,v2-tax-2 coverage: TW listed-code prefix and name keywords,False
3026,ELEC,0.55,TW listed-code prefix 30 → ELEC,v2-tax-2 coverage: TW listed-code prefix and name keywords,False
3027,ELEC,0.55,TW listed-code prefix 30 → ELEC,v2-tax-2 coverage: TW listed-code prefix and name keywords,False
3028,ELEC,0.55,TW listed-code prefix 30 → ELEC,v2-tax-2 coverage: TW listed-code prefix and name keywords,False
3029,ELEC,0.55,TW listed-code prefix 30 → ELEC,v2-tax-2 coverage: TW listed-code prefix and name keywords,False
3030,ELEC,0.55,TW listed-code prefix 30 → ELEC,v2-tax-2 coverage: TW listed-code prefix and name keywords,False
3032,ELEC,0.55,TW listed-code prefix 30 → ELEC,v2-tax-2 coverage: TW listed-code prefix and name keywords,False
3033,ELEC,0.55,TW listed-code prefix 30 → ELEC,v2-tax-2 coverage: TW listed-code prefix and name keywords,False
3038,ELEC,0.55,TW listed-code prefix 30 → ELEC,v2-tax-2 coverage: TW listed-code prefix and name keywords,False
3040,ELEC,0.55,TW listed-code prefix 30 → ELEC,v2-tax-2 coverage: TW listed-code prefix and name keywords,False
3043,ELEC,0.55,TW listed-code prefix 30 → ELEC,v2-tax-2 coverage: TW listed-code prefix and name keywords,False
3046,ELEC,0.55,TW listed-code prefix 30 → ELEC,v2-tax-2 coverage: TW listed-code prefix and name keywords,False
3047,ELEC,0.55,TW listed-code prefix 30 → ELEC,v2-tax-2 coverage: TW listed-code prefix and name keywords,False
3048,ELEC,0.55,TW listed-code prefix 30 → ELEC,v2-tax-2 coverage: TW listed-code prefix and name keywords,False
3049,ELEC,0.55,TW listed-code prefix 30 → ELEC,v2-tax-2 coverage: TW listed-code prefix and name keywords,False
3050,ELEC,0.55,TW listed-code prefix 30 → ELEC,v2-tax-2 coverage: TW listed-code prefix and name keywords,False
3051,ELEC,0.55,TW listed-code prefix 30 → ELEC,v2-tax-2 coverage: TW listed-code prefix and name keywords,False
3052,ELEC,0.55,TW listed-code prefix 30 → ELEC,v2-tax-2 coverage: TW listed-code prefix and name keywords,False
3054,ELEC,0.55,TW listed-code prefix 30 → ELEC,v2-tax-2 coverage: TW listed-code prefix and name keywords,False
3055,ELEC,0.55,TW listed-code prefix 30 → ELEC,v2-tax-2 coverage: TW listed-code prefix and name keywords,False
3056,ELEC,0.55,TW listed-code prefix 30 → ELEC,v2-tax-2 coverage: TW listed-code prefix and name keywords,False
3057,ELEC,0.55,TW listed-code prefix 30 → ELEC,v2-tax-2 coverage: TW listed-code prefix and name keywords,False
3058,ELEC,0.55,TW listed-code prefix 30 → ELEC,v2-tax-2 coverage: TW listed-code prefix and name keywords,False
3059,ELEC,0.55,TW listed-code prefix 30 → ELEC,v2-tax-2 coverage: TW listed-code prefix and name keywords,False
3060,ELEC,0.55,TW listed-code prefix 30 → ELEC,v2-tax-2 coverage: TW listed-code prefix and name keywords,False
3064,ELEC,0.55,TW listed-code prefix 30 → ELEC,v2-tax-2 coverage: TW listed-code prefix and name keywords,False
3066,ELEC,0.55,TW listed-code prefix 30 → ELEC,v2-tax-2 coverage: TW listed-code prefix and name keywords,False
3067,ELEC,0.55,TW listed-code prefix 30 → ELEC,v2-tax-2 coverage: TW listed-code prefix and name keywords,False
3071,ELEC,0.55,TW listed-code prefix 30 → ELEC,v2-tax-2 coverage: TW listed-code prefix and name keywords,False
3073,ELEC,0.55,TW listed-code prefix 30 → ELEC,v2-tax-2 coverage: TW listed-code prefix and name keywords,False
3078,ELEC,0.55,TW listed-code prefix 30 → ELEC,v2-tax-2 coverage: TW listed-code prefix and name keywords,False
3083,ELEC,0.55,TW listed-code prefix 30 → ELEC,v2-tax-2 coverage: TW listed-code prefix and name keywords,False
3085,ELEC,0.55,TW listed-code prefix 30 → ELEC,v2-tax-2 coverage: TW listed-code prefix and name keywords,False
3086,ELEC,0.55,TW listed-code prefix 30 → ELEC,v2-tax-2 coverage: TW listed-code prefix and name keywords,False
3088,ELEC,0.55,TW listed-code prefix 30 → ELEC,v2-tax-2 coverage: TW listed-code prefix and name keywords,False
3092,ELEC,0.55,TW listed-code prefix 30 → ELEC,v2-tax-2 coverage: TW listed-code prefix and name keywords,False
3093,ELEC,0.55,TW listed-code prefix 30 → ELEC,v2-tax-2 coverage: TW listed-code prefix and name keywords,False
3094,ELEC,0.55,TW listed-code prefix 30 → ELEC,v2-tax-2 coverage: TW listed-code prefix and name keywords,False
3095,ELEC,0.55,TW listed-code prefix 30 → ELEC,v2-tax-2 coverage: TW listed-code prefix and name keywords,False
3114,ELEC,0.55,TW listed-code prefix 31 → ELEC,v2-tax-2 coverage: TW listed-code prefix and name keywords,False
3115,ELEC,0.55,TW listed-code prefix 31 → ELEC,v2-tax-2 coverage: TW listed-code prefix and name keywords,False
3118,ELEC,0.55,TW listed-code prefix 31 → ELEC,v2-tax-2 coverage: TW listed-code prefix and name keywords,False
3122,ELEC,0.55,TW listed-code prefix 31 → ELEC,v2-tax-2 coverage: TW listed-code prefix and name keywords,False
3128,ELEC,0.55,TW listed-code prefix 31 → ELEC,v2-tax-2 coverage: TW listed-code prefix and name keywords,False
3130,ELEC,0.55,TW listed-code prefix 31 → ELEC,v2-tax-2 coverage: TW listed-code prefix and name keywords,False
3135,ELEC,0.55,TW listed-code prefix 31 → ELEC,v2-tax-2 coverage: TW listed-code prefix and name keywords,False
3138,ELEC,0.55,TW listed-code prefix 31 → ELEC,v2-tax-2 coverage: TW listed-code prefix and name keywords,False
3141,ELEC,0.55,TW listed-code prefix 31 → ELEC,v2-tax-2 coverage: TW listed-code prefix and name keywords,False
3147,ELEC,0.55,TW listed-code prefix 31 → ELEC,v2-tax-2 coverage: TW listed-code prefix and name keywords,False
3149,ELEC,0.55,TW listed-code prefix 31 → ELEC,v2-tax-2 coverage: TW listed-code prefix and name keywords,False
3150,ELEC,0.55,TW listed-code prefix 31 → ELEC,v2-tax-2 coverage: TW listed-code prefix and name keywords,False
3152,ELEC,0.55,TW listed-code prefix 31 → ELEC,v2-tax-2 coverage: TW listed-code prefix and name keywords,False
3158,ELEC,0.55,TW listed-code prefix 31 → ELEC,v2-tax-2 coverage: TW listed-code prefix and name keywords,False
3162,ELEC,0.55,TW listed-code prefix 31 → ELEC,v2-tax-2 coverage: TW listed-code prefix and name keywords,False
3163,ELEC,0.55,TW listed-code prefix 31 → ELEC,v2-tax-2 coverage: TW listed-code prefix and name keywords,False
3167,ELEC,0.55,TW listed-code prefix 31 → ELEC,v2-tax-2 coverage: TW listed-code prefix and name keywords,False
3168,ELEC,0.55,TW listed-code prefix 31 → ELEC,v2-tax-2 coverage: TW listed-code prefix and name keywords,False
3169,ELEC,0.55,TW listed-code prefix 31 → ELEC,v2-tax-2 coverage: TW listed-code prefix and name keywords,False
3171,ELEC,0.55,TW listed-code prefix 31 → ELEC,v2-tax-2 coverage: TW listed-code prefix and name keywords,False
3176,ELEC,0.55,TW listed-code prefix 31 → ELEC,v2-tax-2 coverage: TW listed-code prefix and name keywords,False
3178,ELEC,0.55,TW listed-code prefix 31 → ELEC,v2-tax-2 coverage: TW listed-code prefix and name keywords,False
3188,ELEC,0.55,TW listed-code prefix 31 → ELEC,v2-tax-2 coverage: TW listed-code prefix and name keywords,False
3191,ELEC,0.55,TW listed-code prefix 31 → ELEC,v2-tax-2 coverage: TW listed-code prefix and name keywords,False
3205,ELEC,0.55,TW listed-code prefix 32 → ELEC,v2-tax-2 coverage: TW listed-code prefix and name keywords,False
3206,ELEC,0.55,TW listed-code prefix 32 → ELEC,v2-tax-2 coverage: TW listed-code prefix and name keywords,False
3207,ELEC,0.55,TW listed-code prefix 32 → ELEC,v2-tax-2 coverage: TW listed-code prefix and name keywords,False
3209,ELEC,0.55,TW listed-code prefix 32 → ELEC,v2-tax-2 coverage: TW listed-code prefix and name keywords,False
3211,ELEC,0.55,TW listed-code prefix 32 → ELEC,v2-tax-2 coverage: TW listed-code prefix and name keywords,False
3213,ELEC,0.55,TW listed-code prefix 32 → ELEC,v2-tax-2 coverage: TW listed-code prefix and name keywords,False
3217,ELEC,0.55,TW listed-code prefix 32 → ELEC,v2-tax-2 coverage: TW listed-code prefix and name keywords,False
3218,ELEC,0.55,TW listed-code prefix 32 → ELEC,v2-tax-2 coverage: TW listed-code prefix and name keywords,False
3219,ELEC,0.55,TW listed-code prefix 32 → ELEC,v2-tax-2 coverage: TW listed-code prefix and name keywords,False
3221,ELEC,0.55,TW listed-code prefix 32 → ELEC,v2-tax-2 coverage: TW listed-code prefix and name keywords,False
3224,ELEC,0.55,TW listed-code prefix 32 → ELEC,v2-tax-2 coverage: TW listed-code prefix and name keywords,False
3226,ELEC,0.55,TW listed-code prefix 32 → ELEC,v2-tax-2 coverage: TW listed-code prefix and name keywords,False
3228,ELEC,0.55,TW listed-code prefix 32 → ELEC,v2-tax-2 coverage: TW listed-code prefix and name keywords,False
3229,ELEC,0.55,TW listed-code prefix 32 → ELEC,v2-tax-2 coverage: TW listed-code prefix and name keywords,False
3230,ELEC,0.55,TW listed-code prefix 32 → ELEC,v2-tax-2 coverage: TW listed-code prefix and name keywords,False
3232,ELEC,0.55,TW listed-code prefix 32 → ELEC,v2-tax-2 coverage: TW listed-code prefix and name keywords,False
3234,ELEC,0.55,TW listed-code prefix 32 → ELEC,v2-tax-2 coverage: TW listed-code prefix and name keywords,False
3236,ELEC,0.55,TW listed-code prefix 32 → ELEC,v2-tax-2 coverage: TW listed-code prefix and name keywords,False
3252,ELEC,0.55,TW listed-code prefix 32 → ELEC,v2-tax-2 coverage: TW listed-code prefix and name keywords,False
3257,ELEC,0.55,TW listed-code prefix 32 → ELEC,v2-tax-2 coverage: TW listed-code prefix and name keywords,False
3259,ELEC,0.55,TW listed-code prefix 32 → ELEC,v2-tax-2 coverage: TW listed-code prefix and name keywords,False
3265,ELEC,0.55,TW listed-code prefix 32 → ELEC,v2-tax-2 coverage: TW listed-code prefix and name keywords,False
3266,ELEC,0.55,TW listed-code prefix 32 → ELEC,v2-tax-2 coverage: TW listed-code prefix and name keywords,False
3268,ELEC,0.55,TW listed-code prefix 32 → ELEC,v2-tax-2 coverage: TW listed-code prefix and name keywords,False
3272,ELEC,0.55,TW listed-code prefix 32 → ELEC,v2-tax-2 coverage: TW listed-code prefix and name keywords,False
3276,ELEC,0.55,TW listed-code prefix 32 → ELEC,v2-tax-2 coverage: TW listed-code prefix and name keywords,False
3284,ELEC,0.55,TW listed-code prefix 32 → ELEC,v2-tax-2 coverage: TW listed-code prefix and name keywords,False
3285,ELEC,0.55,TW listed-code prefix 32 → ELEC,v2-tax-2 coverage: TW listed-code prefix and name keywords,False
3287,ELEC,0.55,TW listed-code prefix 32 → ELEC,v2-tax-2 coverage: TW listed-code prefix and name keywords,False
3288,ELEC,0.55,TW listed-code prefix 32 → ELEC,v2-tax-2 coverage: TW listed-code prefix and name keywords,False
3289,ELEC,0.55,TW listed-code prefix 32 → ELEC,v2-tax-2 coverage: TW listed-code prefix and name keywords,False
3290,ELEC,0.55,TW listed-code prefix 32 → ELEC,v2-tax-2 coverage: TW listed-code prefix and name keywords,False
3293,ELEC,0.55,TW listed-code prefix 32 → ELEC,v2-tax-2 coverage: TW listed-code prefix and name keywords,False
3294,ELEC,0.55,TW listed-code prefix 32 → ELEC,v2-tax-2 coverage: TW listed-code prefix and name keywords,False
3296,ELEC,0.55,TW listed-code prefix 32 → ELEC,v2-tax-2 coverage: TW listed-code prefix and name keywords,False
3297,ELEC,0.55,TW listed-code prefix 32 → ELEC,v2-tax-2 coverage: TW listed-code prefix and name keywords,False
3303,ELEC,0.55,TW listed-code prefix 33 → ELEC,v2-tax-2 coverage: TW listed-code prefix and name keywords,False
3305,ELEC,0.55,TW listed-code prefix 33 → ELEC,v2-tax-2 coverage: TW listed-code prefix and name keywords,False
3306,ELEC,0.55,TW listed-code prefix 33 → ELEC,v2-tax-2 coverage: TW listed-code prefix and name keywords,False
3308,ELEC,0.55,TW listed-code prefix 33 → ELEC,v2-tax-2 coverage: TW listed-code prefix and name keywords,False
3310,ELEC,0.55,TW listed-code prefix 33 → ELEC,v2-tax-2 coverage: TW listed-code prefix and name keywords,False
3311,ELEC,0.55,TW listed-code prefix 33 → ELEC,v2-tax-2 coverage: TW listed-code prefix and name keywords,False
3313,ELEC,0.55,TW listed-code prefix 33 → ELEC,v2-tax-2 coverage: TW listed-code prefix and name keywords,False
3317,ELEC,0.55,TW listed-code prefix 33 → ELEC,v2-tax-2 coverage: TW listed-code prefix and name keywords,False
3322,ELEC,0.55,TW listed-code prefix 33 → ELEC,v2-tax-2 coverage: TW listed-code prefix and name keywords,False
3323,ELEC,0.55,TW listed-code prefix 33 → ELEC,v2-tax-2 coverage: TW listed-code prefix and name keywords,False
3325,ELEC,0.55,TW listed-code prefix 33 → ELEC,v2-tax-2 coverage: TW listed-code prefix and name keywords,False
3332,ELEC,0.55,TW listed-code prefix 33 → ELEC,v2-tax-2 coverage: TW listed-code prefix and name keywords,False
3338,ELEC,0.55,TW listed-code prefix 33 → ELEC,v2-tax-2 coverage: TW listed-code prefix and name keywords,False
3339,ELEC,0.55,TW listed-code prefix 33 → ELEC,v2-tax-2 coverage: TW listed-code prefix and name keywords,False
3346,ELEC,0.55,TW listed-code prefix 33 → ELEC,v2-tax-2 coverage: TW listed-code prefix and name keywords,False
3349,ELEC,0.55,TW listed-code prefix 33 → ELEC,v2-tax-2 coverage: TW listed-code prefix and name keywords,False
3354,ELEC,0.55,TW listed-code prefix 33 → ELEC,v2-tax-2 coverage: TW listed-code prefix and name keywords,False
3356,ELEC,0.55,TW listed-code prefix 33 → ELEC,v2-tax-2 coverage: TW listed-code prefix and name keywords,False
3357,ELEC,0.55,TW listed-code prefix 33 → ELEC,v2-tax-2 coverage: TW listed-code prefix and name keywords,False
3360,ELEC,0.55,TW listed-code prefix 33 → ELEC,v2-tax-2 coverage: TW listed-code prefix and name keywords,False
3372,ELEC,0.55,TW listed-code prefix 33 → ELEC,v2-tax-2 coverage: TW listed-code prefix and name keywords,False
3373,ELEC,0.55,TW listed-code prefix 33 → ELEC,v2-tax-2 coverage: TW listed-code prefix and name keywords,False
3379,ELEC,0.55,TW listed-code prefix 33 → ELEC,v2-tax-2 coverage: TW listed-code prefix and name keywords,False
3388,ELEC,0.55,TW listed-code prefix 33 → ELEC,v2-tax-2 coverage: TW listed-code prefix and name keywords,False
3390,ELEC,0.55,TW listed-code prefix 33 → ELEC,v2-tax-2 coverage: TW listed-code prefix and name keywords,False
3402,ELEC,0.55,TW listed-code prefix 34 → ELEC,v2-tax-2 coverage: TW listed-code prefix and name keywords,False
3413,ELEC,0.55,TW listed-code prefix 34 → ELEC,v2-tax-2 coverage: TW listed-code prefix and name keywords,False
3416,ELEC,0.55,TW listed-code prefix 34 → ELEC,v2-tax-2 coverage: TW listed-code prefix and name keywords,False
3419,ELEC,0.55,TW listed-code prefix 34 → ELEC,v2-tax-2 coverage: TW listed-code prefix and name keywords,False
3430,ELEC,0.55,TW listed-code prefix 34 → ELEC,v2-tax-2 coverage: TW listed-code prefix and name keywords,False
3432,ELEC,0.55,TW listed-code prefix 34 → ELEC,v2-tax-2 coverage: TW listed-code prefix and name keywords,False
3434,ELEC,0.55,TW listed-code prefix 34 → ELEC,v2-tax-2 coverage: TW listed-code prefix and name keywords,False
3438,ELEC,0.55,TW listed-code prefix 34 → ELEC,v2-tax-2 coverage: TW listed-code prefix and name keywords,False
3441,ELEC,0.55,TW listed-code prefix 34 → ELEC,v2-tax-2 coverage: TW listed-code prefix and name keywords,False
3444,ELEC,0.55,TW listed-code prefix 34 → ELEC,v2-tax-2 coverage: TW listed-code prefix and name keywords,False
3447,ELEC,0.55,TW listed-code prefix 34 → ELEC,v2-tax-2 coverage: TW listed-code prefix and name keywords,False
3450,ELEC,0.55,TW listed-code prefix 34 → ELEC,v2-tax-2 coverage: TW listed-code prefix and name keywords,False
3455,ELEC,0.55,TW listed-code prefix 34 → ELEC,v2-tax-2 coverage: TW listed-code prefix and name keywords,False
3465,ELEC,0.55,TW listed-code prefix 34 → ELEC,v2-tax-2 coverage: TW listed-code prefix and name keywords,False
3466,ELEC,0.55,TW listed-code prefix 34 → ELEC,v2-tax-2 coverage: TW listed-code prefix and name keywords,False
3467,ELEC,0.55,TW listed-code prefix 34 → ELEC,v2-tax-2 coverage: TW listed-code prefix and name keywords,False
3479,ELEC,0.55,TW listed-code prefix 34 → ELEC,v2-tax-2 coverage: TW listed-code prefix and name keywords,False
3483,ELEC,0.55,TW listed-code prefix 34 → ELEC,v2-tax-2 coverage: TW listed-code prefix and name keywords,False
3484,ELEC,0.55,TW listed-code prefix 34 → ELEC,v2-tax-2 coverage: TW listed-code prefix and name keywords,False
3485,ELEC,0.55,TW listed-code prefix 34 → ELEC,v2-tax-2 coverage: TW listed-code prefix and name keywords,False
3489,ELEC,0.55,TW listed-code prefix 34 → ELEC,v2-tax-2 coverage: TW listed-code prefix and name keywords,False
3490,ELEC,0.55,TW listed-code prefix 34 → ELEC,v2-tax-2 coverage: TW listed-code prefix and name keywords,False
3491,ELEC,0.55,TW listed-code prefix 34 → ELEC,v2-tax-2 coverage: TW listed-code prefix and name keywords,False
3492,ELEC,0.55,TW listed-code prefix 34 → ELEC,v2-tax-2 coverage: TW listed-code prefix and name keywords,False
3494,ELEC,0.55,TW listed-code prefix 34 → ELEC,v2-tax-2 coverage: TW listed-code prefix and name keywords,False
3498,ELEC,0.55,TW listed-code prefix 34 → ELEC,v2-tax-2 coverage: TW listed-code prefix and name keywords,False
3499,ELEC,0.55,TW listed-code prefix 34 → ELEC,v2-tax-2 coverage: TW listed-code prefix and name keywords,False
3501,ELEC,0.55,TW listed-code prefix 35 → ELEC,v2-tax-2 coverage: TW listed-code prefix and name keywords,False
3504,ELEC,0.55,TW listed-code prefix 35 → ELEC,v2-tax-2 coverage: TW listed-code prefix and name keywords,False
3508,ELEC,0.55,TW listed-code prefix 35 → ELEC,v2-tax-2 coverage: TW listed-code prefix and name keywords,False
3511,ELEC,0.55,TW listed-code prefix 35 → ELEC,v2-tax-2 coverage: TW listed-code prefix and name keywords,False
3512,ELEC,0.55,TW listed-code prefix 35 → ELEC,v2-tax-2 coverage: TW listed-code prefix and name keywords,False
3516,ELEC,0.55,TW listed-code prefix 35 → ELEC,v2-tax-2 coverage: TW listed-code prefix and name keywords,False
3518,ELEC,0.55,TW listed-code prefix 35 → ELEC,v2-tax-2 coverage: TW listed-code prefix and name keywords,False
3520,ELEC,0.55,TW listed-code prefix 35 → ELEC,v2-tax-2 coverage: TW listed-code prefix and name keywords,False
3521,ELEC,0.55,TW listed-code prefix 35 → ELEC,v2-tax-2 coverage: TW listed-code prefix and name keywords,False
3522,ELEC,0.55,TW listed-code prefix 35 → ELEC,v2-tax-2 coverage: TW listed-code prefix and name keywords,False
3523,ELEC,0.55,TW listed-code prefix 35 → ELEC,v2-tax-2 coverage: TW listed-code prefix and name keywords,False
3526,ELEC,0.55,TW listed-code prefix 35 → ELEC,v2-tax-2 coverage: TW listed-code prefix and name keywords,False
3527,ELEC,0.55,TW listed-code prefix 35 → ELEC,v2-tax-2 coverage: TW listed-code prefix and name keywords,False
3528,ELEC,0.55,TW listed-code prefix 35 → ELEC,v2-tax-2 coverage: TW listed-code prefix and name keywords,False
3530,ELEC,0.55,TW listed-code prefix 35 → ELEC,v2-tax-2 coverage: TW listed-code prefix and name keywords,False
3531,ELEC,0.55,TW listed-code prefix 35 → ELEC,v2-tax-2 coverage: TW listed-code prefix and name keywords,False
3537,ELEC,0.55,TW listed-code prefix 35 → ELEC,v2-tax-2 coverage: TW listed-code prefix and name keywords,False
3540,ELEC,0.55,TW listed-code prefix 35 → ELEC,v2-tax-2 coverage: TW listed-code prefix and name keywords,False
3541,ELEC,0.55,TW listed-code prefix 35 → ELEC,v2-tax-2 coverage: TW listed-code prefix and name keywords,False
3543,ELEC,0.55,TW listed-code prefix 35 → ELEC,v2-tax-2 coverage: TW listed-code prefix and name keywords,False
3545,ELEC,0.55,TW listed-code prefix 35 → ELEC,v2-tax-2 coverage: TW listed-code prefix and name keywords,False
3546,ELEC,0.55,TW listed-code prefix 35 → ELEC,v2-tax-2 coverage: TW listed-code prefix and name keywords,False
3548,ELEC,0.55,TW listed-code prefix 35 → ELEC,v2-tax-2 coverage: TW listed-code prefix and name keywords,False
3550,ELEC,0.55,TW listed-code prefix 35 → ELEC,v2-tax-2 coverage: TW listed-code prefix and name keywords,False
3552,ELEC,0.55,TW listed-code prefix 35 → ELEC,v2-tax-2 coverage: TW listed-code prefix and name keywords,False
3555,ELEC,0.55,TW listed-code prefix 35 → ELEC,v2-tax-2 coverage: TW listed-code prefix and name keywords,False
3556,ELEC,0.55,TW listed-code prefix 35 → ELEC,v2-tax-2 coverage: TW listed-code prefix and name keywords,False
3557,ELEC,0.55,TW listed-code prefix 35 → ELEC,v2-tax-2 coverage: TW listed-code prefix and name keywords,False
3564,ELEC,0.55,TW listed-code prefix 35 → ELEC,v2-tax-2 coverage: TW listed-code prefix and name keywords,False
3567,ELEC,0.55,TW listed-code prefix 35 → ELEC,v2-tax-2 coverage: TW listed-code prefix and name keywords,False
3570,ELEC,0.55,TW listed-code prefix 35 → ELEC,v2-tax-2 coverage: TW listed-code prefix and name keywords,False
3577,ELEC,0.55,TW listed-code prefix 35 → ELEC,v2-tax-2 coverage: TW listed-code prefix and name keywords,False
3580,ELEC,0.55,TW listed-code prefix 35 → ELEC,v2-tax-2 coverage: TW listed-code prefix and name keywords,False
3581,ELEC,0.55,TW listed-code prefix 35 → ELEC,v2-tax-2 coverage: TW listed-code prefix and name keywords,False
3587,ELEC,0.55,TW listed-code prefix 35 → ELEC,v2-tax-2 coverage: TW listed-code prefix and name keywords,False
3588,ELEC,0.55,TW listed-code prefix 35 → ELEC,v2-tax-2 coverage: TW listed-code prefix and name keywords,False
3591,ELEC,0.55,TW listed-code prefix 35 → ELEC,v2-tax-2 coverage: TW listed-code prefix and name keywords,False
3592,ELEC,0.55,TW listed-code prefix 35 → ELEC,v2-tax-2 coverage: TW listed-code prefix and name keywords,False
3593,ELEC,0.55,TW listed-code prefix 35 → ELEC,v2-tax-2 coverage: TW listed-code prefix and name keywords,False
3594,ELEC,0.55,TW listed-code prefix 35 → ELEC,v2-tax-2 coverage: TW listed-code prefix and name keywords,False
3597,ELEC,0.55,TW listed-code prefix 35 → ELEC,v2-tax-2 coverage: TW listed-code prefix and name keywords,False
3605,ELEC,0.55,TW listed-code prefix 36 → ELEC,v2-tax-2 coverage: TW listed-code prefix and name keywords,False
3607,ELEC,0.55,TW listed-code prefix 36 → ELEC,v2-tax-2 coverage: TW listed-code prefix and name keywords,False
3609,ELEC,0.55,TW listed-code prefix 36 → ELEC,v2-tax-2 coverage: TW listed-code prefix and name keywords,False
3611,ELEC,0.55,TW listed-code prefix 36 → ELEC,v2-tax-2 coverage: TW listed-code prefix and name keywords,False
3615,ELEC,0.55,TW listed-code prefix 36 → ELEC,v2-tax-2 coverage: TW listed-code prefix and name keywords,False
3617,ELEC,0.55,TW listed-code prefix 36 → ELEC,v2-tax-2 coverage: TW listed-code prefix and name keywords,False
3622,ELEC,0.55,TW listed-code prefix 36 → ELEC,v2-tax-2 coverage: TW listed-code prefix and name keywords,False
3623,ELEC,0.55,TW listed-code prefix 36 → ELEC,v2-tax-2 coverage: TW listed-code prefix and name keywords,False
3624,ELEC,0.55,TW listed-code prefix 36 → ELEC,v2-tax-2 coverage: TW listed-code prefix and name keywords,False
3625,ELEC,0.55,TW listed-code prefix 36 → ELEC,v2-tax-2 coverage: TW listed-code prefix and name keywords,False
3628,ELEC,0.55,TW listed-code prefix 36 → ELEC,v2-tax-2 coverage: TW listed-code prefix and name keywords,False
3629,ELEC,0.55,TW listed-code prefix 36 → ELEC,v2-tax-2 coverage: TW listed-code prefix and name keywords,False
3630,ELEC,0.55,TW listed-code prefix 36 → ELEC,v2-tax-2 coverage: TW listed-code prefix and name keywords,False
3631,ELEC,0.55,TW listed-code prefix 36 → ELEC,v2-tax-2 coverage: TW listed-code prefix and name keywords,False
3632,ELEC,0.55,TW listed-code prefix 36 → ELEC,v2-tax-2 coverage: TW listed-code prefix and name keywords,False
3645,ELEC,0.55,TW listed-code prefix 36 → ELEC,v2-tax-2 coverage: TW listed-code prefix and name keywords,False
3646,ELEC,0.55,TW listed-code prefix 36 → ELEC,v2-tax-2 coverage: TW listed-code prefix and name keywords,False
3652,ELEC,0.55,TW listed-code prefix 36 → ELEC,v2-tax-2 coverage: TW listed-code prefix and name keywords,False
3661,ELEC,0.55,TW listed-code prefix 36 → ELEC,v2-tax-2 coverage: TW listed-code prefix and name keywords,False
3663,ELEC,0.55,TW listed-code prefix 36 → ELEC,v2-tax-2 coverage: TW listed-code prefix and name keywords,False
3664,ELEC,0.55,TW listed-code prefix 36 → ELEC,v2-tax-2 coverage: TW listed-code prefix and name keywords,False
3666,ELEC,0.55,TW listed-code prefix 36 → ELEC,v2-tax-2 coverage: TW listed-code prefix and name keywords,False
3669,ELEC,0.55,TW listed-code prefix 36 → ELEC,v2-tax-2 coverage: TW listed-code prefix and name keywords,False
3672,ELEC,0.55,TW listed-code prefix 36 → ELEC,v2-tax-2 coverage: TW listed-code prefix and name keywords,False
3673,ELEC,0.55,TW listed-code prefix 36 → ELEC,v2-tax-2 coverage: TW listed-code prefix and name keywords,False
3675,ELEC,0.55,TW listed-code prefix 36 → ELEC,v2-tax-2 coverage: TW listed-code prefix and name keywords,False
3679,ELEC,0.55,TW listed-code prefix 36 → ELEC,v2-tax-2 coverage: TW listed-code prefix and name keywords,False
3684,ELEC,0.55,TW listed-code prefix 36 → ELEC,v2-tax-2 coverage: TW listed-code prefix and name keywords,False
3685,ELEC,0.55,TW listed-code prefix 36 → ELEC,v2-tax-2 coverage: TW listed-code prefix and name keywords,False
3687,ELEC,0.55,TW listed-code prefix 36 → ELEC,v2-tax-2 coverage: TW listed-code prefix and name keywords,False
3689,ELEC,0.55,TW listed-code prefix 36 → ELEC,v2-tax-2 coverage: TW listed-code prefix and name keywords,False
3691,ELEC,0.55,TW listed-code prefix 36 → ELEC,v2-tax-2 coverage: TW listed-code prefix and name keywords,False
3693,ELEC,0.55,TW listed-code prefix 36 → ELEC,v2-tax-2 coverage: TW listed-code prefix and name keywords,False
3694,ELEC,0.55,TW listed-code prefix 36 → ELEC,v2-tax-2 coverage: TW listed-code prefix and name keywords,False
3701,ELEC,0.55,TW listed-code prefix 37 → ELEC,v2-tax-2 coverage: TW listed-code prefix and name keywords,False
3703,ELEC,0.55,TW listed-code prefix 37 → ELEC,v2-tax-2 coverage: TW listed-code prefix and name keywords,False
3705,ELEC,0.55,TW listed-code prefix 37 → ELEC,v2-tax-2 coverage: TW listed-code prefix and name keywords,False
3707,ELEC,0.55,TW listed-code prefix 37 → ELEC,v2-tax-2 coverage: TW listed-code prefix and name keywords,False
3708,ELEC,0.55,TW listed-code prefix 37 → ELEC,v2-tax-2 coverage: TW listed-code prefix and name keywords,False
3709,ELEC,0.55,TW listed-code prefix 37 → ELEC,v2-tax-2 coverage: TW listed-code prefix and name keywords,False
3710,ELEC,0.55,TW listed-code prefix 37 → ELEC,v2-tax-2 coverage: TW listed-code prefix and name keywords,False
3712,ELEC,0.55,TW listed-code prefix 37 → ELEC,v2-tax-2 coverage: TW listed-code prefix and name keywords,False
3713,ELEC,0.55,TW listed-code prefix 37 → ELEC,v2-tax-2 coverage: TW listed-code prefix and name keywords,False
3714,ELEC,0.55,TW listed-code prefix 37 → ELEC,v2-tax-2 coverage: TW listed-code prefix and name keywords,False
3715,ELEC,0.55,TW listed-code prefix 37 → ELEC,v2-tax-2 coverage: TW listed-code prefix and name keywords,False
3716,ELEC,0.55,TW listed-code prefix 37 → ELEC,v2-tax-2 coverage: TW listed-code prefix and name keywords,False
3717,ELEC,0.55,TW listed-code prefix 37 → ELEC,v2-tax-2 coverage: TW listed-code prefix and name keywords,False
4903,ELEC,0.55,TW listed-code prefix 49 → ELEC,v2-tax-2 coverage: TW listed-code prefix and name keywords,False
4905,ELEC,0.55,TW listed-code prefix 49 → ELEC,v2-tax-2 coverage: TW listed-code prefix and name keywords,False
4906,ELEC,0.55,TW listed-code prefix 49 → ELEC,v2-tax-2 coverage: TW listed-code prefix and name keywords,False
4907,ELEC,0.55,TW listed-code prefix 49 → ELEC,v2-tax-2 coverage: TW listed-code prefix and name keywords,False
4909,ELEC,0.55,TW listed-code prefix 49 → ELEC,v2-tax-2 coverage: TW listed-code prefix and name keywords,False
4911,ELEC,0.55,TW listed-code prefix 49 → ELEC,v2-tax-2 coverage: TW listed-code prefix and name keywords,False
4912,ELEC,0.55,TW listed-code prefix 49 → ELEC,v2-tax-2 coverage: TW listed-code prefix and name keywords,False
4915,ELEC,0.55,TW listed-code prefix 49 → ELEC,v2-tax-2 coverage: TW listed-code prefix and name keywords,False
4916,ELEC,0.55,TW listed-code prefix 49 → ELEC,v2-tax-2 coverage: TW listed-code prefix and name keywords,False
4923,ELEC,0.55,TW listed-code prefix 49 → ELEC,v2-tax-2 coverage: TW listed-code prefix and name keywords,False
4924,ELEC,0.55,TW listed-code prefix 49 → ELEC,v2-tax-2 coverage: TW listed-code prefix and name keywords,False
4927,ELEC,0.55,TW listed-code prefix 49 → ELEC,v2-tax-2 coverage: TW listed-code prefix and name keywords,False
4930,ELEC,0.55,TW listed-code prefix 49 → ELEC,v2-tax-2 coverage: TW listed-code prefix and name keywords,False
4931,ELEC,0.55,TW listed-code prefix 49 → ELEC,v2-tax-2 coverage: TW listed-code prefix and name keywords,False
4933,ELEC,0.55,TW listed-code prefix 49 → ELEC,v2-tax-2 coverage: TW listed-code prefix and name keywords,False
4935,ELEC,0.55,TW listed-code prefix 49 → ELEC,v2-tax-2 coverage: TW listed-code prefix and name keywords,False
4939,ELEC,0.55,TW listed-code prefix 49 → ELEC,v2-tax-2 coverage: TW listed-code prefix and name keywords,False
4942,ELEC,0.55,TW listed-code prefix 49 → ELEC,v2-tax-2 coverage: TW listed-code prefix and name keywords,False
4943,ELEC,0.55,TW listed-code prefix 49 → ELEC,v2-tax-2 coverage: TW listed-code prefix and name keywords,False
4946,ELEC,0.55,TW listed-code prefix 49 → ELEC,v2-tax-2 coverage: TW listed-code prefix and name keywords,False
4949,ELEC,0.55,TW listed-code prefix 49 → ELEC,v2-tax-2 coverage: TW listed-code prefix and name keywords,False
4950,ELEC,0.55,TW listed-code prefix 49 → ELEC,v2-tax-2 coverage: TW listed-code prefix and name keywords,False
4951,ELEC,0.55,TW listed-code prefix 49 → ELEC,v2-tax-2 coverage: TW listed-code prefix and name keywords,False
4952,ELEC,0.55,TW listed-code prefix 49 → ELEC,v2-tax-2 coverage: TW listed-code prefix and name keywords,False
4953,ELEC,0.55,TW listed-code prefix 49 → ELEC,v2-tax-2 coverage: TW listed-code prefix and name keywords,False
4966,ELEC,0.55,TW listed-code prefix 49 → ELEC,v2-tax-2 coverage: TW listed-code prefix and name keywords,False
4971,ELEC,0.55,TW listed-code prefix 49 → ELEC,v2-tax-2 coverage: TW listed-code prefix and name keywords,False
4972,ELEC,0.55,TW listed-code prefix 49 → ELEC,v2-tax-2 coverage: TW listed-code prefix and name keywords,False
4973,ELEC,0.55,TW listed-code prefix 49 → ELEC,v2-tax-2 coverage: TW listed-code prefix and name keywords,False
4976,ELEC,0.55,TW listed-code prefix 49 → ELEC,v2-tax-2 coverage: TW listed-code prefix and name keywords,False
4989,ELEC,0.55,TW listed-code prefix 49 → ELEC,v2-tax-2 coverage: TW listed-code prefix and name keywords,False
4994,ELEC,0.55,TW listed-code prefix 49 → ELEC,v2-tax-2 coverage: TW listed-code prefix and name keywords,False
4995,ELEC,0.55,TW listed-code prefix 49 → ELEC,v2-tax-2 coverage: TW listed-code prefix and name keywords,False
4999,ELEC,0.55,TW listed-code prefix 49 → ELEC,v2-tax-2 coverage: TW listed-code prefix and name keywords,False
5201,ELEC,0.55,TW listed-code prefix 52 → ELEC,v2-tax-2 coverage: TW listed-code prefix and name keywords,False
5202,ELEC,0.55,TW listed-code prefix 52 → ELEC,v2-tax-2 coverage: TW listed-code prefix and name keywords,False
5203,ELEC,0.55,TW listed-code prefix 52 → ELEC,v2-tax-2 coverage: TW listed-code prefix and name keywords,False
5205,ELEC,0.55,TW listed-code prefix 52 → ELEC,v2-tax-2 coverage: TW listed-code prefix and name keywords,False
5206,ELEC,0.55,TW listed-code prefix 52 → ELEC,v2-tax-2 coverage: TW listed-code prefix and name keywords,False
5209,ELEC,0.55,TW listed-code prefix 52 → ELEC,v2-tax-2 coverage: TW listed-code prefix and name keywords,False
5210,ELEC,0.55,TW listed-code prefix 52 → ELEC,v2-tax-2 coverage: TW listed-code prefix and name keywords,False
5211,ELEC,0.55,TW listed-code prefix 52 → ELEC,v2-tax-2 coverage: TW listed-code prefix and name keywords,False
5212,ELEC,0.55,TW listed-code prefix 52 → ELEC,v2-tax-2 coverage: TW listed-code prefix and name keywords,False
5213,ELEC,0.55,TW listed-code prefix 52 → ELEC,v2-tax-2 coverage: TW listed-code prefix and name keywords,False
5215,ELEC,0.55,TW listed-code prefix 52 → ELEC,v2-tax-2 coverage: TW listed-code prefix and name keywords,False
5220,ELEC,0.55,TW listed-code prefix 52 → ELEC,v2-tax-2 coverage: TW listed-code prefix and name keywords,False
5222,ELEC,0.55,TW listed-code prefix 52 → ELEC,v2-tax-2 coverage: TW listed-code prefix and name keywords,False
5223,ELEC,0.55,TW listed-code prefix 52 → ELEC,v2-tax-2 coverage: TW listed-code prefix and name keywords,False
5227,ELEC,0.55,TW listed-code prefix 52 → ELEC,v2-tax-2 coverage: TW listed-code prefix and name keywords,False
5228,ELEC,0.55,TW listed-code prefix 52 → ELEC,v2-tax-2 coverage: TW listed-code prefix and name keywords,False
5230,ELEC,0.55,TW listed-code prefix 52 → ELEC,v2-tax-2 coverage: TW listed-code prefix and name keywords,False
5234,ELEC,0.55,TW listed-code prefix 52 → ELEC,v2-tax-2 coverage: TW listed-code prefix and name keywords,False
5236,ELEC,0.55,TW listed-code prefix 52 → ELEC,v2-tax-2 coverage: TW listed-code prefix and name keywords,False
5243,ELEC,0.55,TW listed-code prefix 52 → ELEC,v2-tax-2 coverage: TW listed-code prefix and name keywords,False
5244,ELEC,0.55,TW listed-code prefix 52 → ELEC,v2-tax-2 coverage: TW listed-code prefix and name keywords,False
5245,ELEC,0.55,TW listed-code prefix 52 → ELEC,v2-tax-2 coverage: TW listed-code prefix and name keywords,False
5251,ELEC,0.55,TW listed-code prefix 52 → ELEC,v2-tax-2 coverage: TW listed-code prefix and name keywords,False
5258,ELEC,0.55,TW listed-code prefix 52 → ELEC,v2-tax-2 coverage: TW listed-code prefix and name keywords,False
5263,ELEC,0.55,TW listed-code prefix 52 → ELEC,v2-tax-2 coverage: TW listed-code prefix and name keywords,False
5272,ELEC,0.55,TW listed-code prefix 52 → ELEC,v2-tax-2 coverage: TW listed-code prefix and name keywords,False
5274,ELEC,0.55,TW listed-code prefix 52 → ELEC,v2-tax-2 coverage: TW listed-code prefix and name keywords,False
5276,ELEC,0.55,TW listed-code prefix 52 → ELEC,v2-tax-2 coverage: TW listed-code prefix and name keywords,False
5278,ELEC,0.55,TW listed-code prefix 52 → ELEC,v2-tax-2 coverage: TW listed-code prefix and name keywords,False
5283,ELEC,0.55,TW listed-code prefix 52 → ELEC,v2-tax-2 coverage: TW listed-code prefix and name keywords,False
5284,ELEC,0.55,TW listed-code prefix 52 → ELEC,v2-tax-2 coverage: TW listed-code prefix and name keywords,False
5285,ELEC,0.55,TW listed-code prefix 52 → ELEC,v2-tax-2 coverage: TW listed-code prefix and name keywords,False
5287,ELEC,0.55,TW listed-code prefix 52 → ELEC,v2-tax-2 coverage: TW listed-code prefix and name keywords,False
5288,ELEC,0.55,TW listed-code prefix 52 → ELEC,v2-tax-2 coverage: TW listed-code prefix and name keywords,False
5289,ELEC,0.55,TW listed-code prefix 52 → ELEC,v2-tax-2 coverage: TW listed-code prefix and name keywords,False
5291,ELEC,0.55,TW listed-code prefix 52 → ELEC,v2-tax-2 coverage: TW listed-code prefix and name keywords,False
5292,ELEC,0.55,TW listed-code prefix 52 → ELEC,v2-tax-2 coverage: TW listed-code prefix and name keywords,False
5299,ELEC,0.55,TW listed-code prefix 52 → ELEC,v2-tax-2 coverage: TW listed-code prefix and name keywords,False
5301,ELEC,0.55,TW listed-code prefix 53 → ELEC,v2-tax-2 coverage: TW listed-code prefix and name keywords,False
5302,ELEC,0.55,TW listed-code prefix 53 → ELEC,v2-tax-2 coverage: TW listed-code prefix and name keywords,False
5306,ELEC,0.55,TW listed-code prefix 53 → ELEC,v2-tax-2 coverage: TW listed-code prefix and name keywords,False
5309,ELEC,0.55,TW listed-code prefix 53 → ELEC,v2-tax-2 coverage: TW listed-code prefix and name keywords,False
5310,ELEC,0.55,TW listed-code prefix 53 → ELEC,v2-tax-2 coverage: TW listed-code prefix and name keywords,False
5312,ELEC,0.55,TW listed-code prefix 53 → ELEC,v2-tax-2 coverage: TW listed-code prefix and name keywords,False
5314,ELEC,0.55,TW listed-code prefix 53 → ELEC,v2-tax-2 coverage: TW listed-code prefix and name keywords,False
5315,ELEC,0.55,TW listed-code prefix 53 → ELEC,v2-tax-2 coverage: TW listed-code prefix and name keywords,False
5321,ELEC,0.55,TW listed-code prefix 53 → ELEC,v2-tax-2 coverage: TW listed-code prefix and name keywords,False
5324,ELEC,0.55,TW listed-code prefix 53 → ELEC,v2-tax-2 coverage: TW listed-code prefix and name keywords,False
5328,ELEC,0.55,TW listed-code prefix 53 → ELEC,v2-tax-2 coverage: TW listed-code prefix and name keywords,False
5340,ELEC,0.55,TW listed-code prefix 53 → ELEC,v2-tax-2 coverage: TW listed-code prefix and name keywords,False
5344,ELEC,0.55,TW listed-code prefix 53 → ELEC,v2-tax-2 coverage: TW listed-code prefix and name keywords,False
5345,ELEC,0.55,TW listed-code prefix 53 → ELEC,v2-tax-2 coverage: TW listed-code prefix and name keywords,False
5348,ELEC,0.55,TW listed-code prefix 53 → ELEC,v2-tax-2 coverage: TW listed-code prefix and name keywords,False
5351,ELEC,0.55,TW listed-code prefix 53 → ELEC,v2-tax-2 coverage: TW listed-code prefix and name keywords,False
5353,ELEC,0.55,TW listed-code prefix 53 → ELEC,v2-tax-2 coverage: TW listed-code prefix and name keywords,False
5355,ELEC,0.55,TW listed-code prefix 53 → ELEC,v2-tax-2 coverage: TW listed-code prefix and name keywords,False
5356,ELEC,0.55,TW listed-code prefix 53 → ELEC,v2-tax-2 coverage: TW listed-code prefix and name keywords,False
5364,ELEC,0.55,TW listed-code prefix 53 → ELEC,v2-tax-2 coverage: TW listed-code prefix and name keywords,False
5381,ELEC,0.55,TW listed-code prefix 53 → ELEC,v2-tax-2 coverage: TW listed-code prefix and name keywords,False
5386,ELEC,0.55,TW listed-code prefix 53 → ELEC,v2-tax-2 coverage: TW listed-code prefix and name keywords,False
5392,ELEC,0.55,TW listed-code prefix 53 → ELEC,v2-tax-2 coverage: TW listed-code prefix and name keywords,False
5398,ELEC,0.55,TW listed-code prefix 53 → ELEC,v2-tax-2 coverage: TW listed-code prefix and name keywords,False
5403,ELEC,0.55,TW listed-code prefix 54 → ELEC,v2-tax-2 coverage: TW listed-code prefix and name keywords,False
5410,ELEC,0.55,TW listed-code prefix 54 → ELEC,v2-tax-2 coverage: TW listed-code prefix and name keywords,False
5425,ELEC,0.55,TW listed-code prefix 54 → ELEC,v2-tax-2 coverage: TW listed-code prefix and name keywords,False
5426,ELEC,0.55,TW listed-code prefix 54 → ELEC,v2-tax-2 coverage: TW listed-code prefix and name keywords,False
5432,ELEC,0.55,TW listed-code prefix 54 → ELEC,v2-tax-2 coverage: TW listed-code prefix and name keywords,False
5438,ELEC,0.55,TW listed-code prefix 54 → ELEC,v2-tax-2 coverage: TW listed-code prefix and name keywords,False
5439,ELEC,0.55,TW listed-code prefix 54 → ELEC,v2-tax-2 coverage: TW listed-code prefix and name keywords,False
5443,ELEC,0.55,TW listed-code prefix 54 → ELEC,v2-tax-2 coverage: TW listed-code prefix and name keywords,False
5450,ELEC,0.55,TW listed-code prefix 54 → ELEC,v2-tax-2 coverage: TW listed-code prefix and name keywords,False
5452,ELEC,0.55,TW listed-code prefix 54 → ELEC,v2-tax-2 coverage: TW listed-code prefix and name keywords,False
5455,ELEC,0.55,TW listed-code prefix 54 → ELEC,v2-tax-2 coverage: TW listed-code prefix and name keywords,False
5457,ELEC,0.55,TW listed-code prefix 54 → ELEC,v2-tax-2 coverage: TW listed-code prefix and name keywords,False
5460,ELEC,0.55,TW listed-code prefix 54 → ELEC,v2-tax-2 coverage: TW listed-code prefix and name keywords,False
5464,ELEC,0.55,TW listed-code prefix 54 → ELEC,v2-tax-2 coverage: TW listed-code prefix and name keywords,False
5465,ELEC,0.55,TW listed-code prefix 54 → ELEC,v2-tax-2 coverage: TW listed-code prefix and name keywords,False
5468,ELEC,0.55,TW listed-code prefix 54 → ELEC,v2-tax-2 coverage: TW listed-code prefix and name keywords,False
5469,ELEC,0.55,TW listed-code prefix 54 → ELEC,v2-tax-2 coverage: TW listed-code prefix and name keywords,False
5471,ELEC,0.55,TW listed-code prefix 54 → ELEC,v2-tax-2 coverage: TW listed-code prefix and name keywords,False
5474,ELEC,0.55,TW listed-code prefix 54 → ELEC,v2-tax-2 coverage: TW listed-code prefix and name keywords,False
5475,ELEC,0.55,TW listed-code prefix 54 → ELEC,v2-tax-2 coverage: TW listed-code prefix and name keywords,False
5478,ELEC,0.55,TW listed-code prefix 54 → ELEC,v2-tax-2 coverage: TW listed-code prefix and name keywords,False
5481,ELEC,0.55,TW listed-code prefix 54 → ELEC,v2-tax-2 coverage: TW listed-code prefix and name keywords,False
5484,ELEC,0.55,TW listed-code prefix 54 → ELEC,v2-tax-2 coverage: TW listed-code prefix and name keywords,False
5487,ELEC,0.55,TW listed-code prefix 54 → ELEC,v2-tax-2 coverage: TW listed-code prefix and name keywords,False
5488,ELEC,0.55,TW listed-code prefix 54 → ELEC,v2-tax-2 coverage: TW listed-code prefix and name keywords,False
5489,ELEC,0.55,TW listed-code prefix 54 → ELEC,v2-tax-2 coverage: TW listed-code prefix and name keywords,False
5490,ELEC,0.55,TW listed-code prefix 54 → ELEC,v2-tax-2 coverage: TW listed-code prefix and name keywords,False
5493,ELEC,0.55,TW listed-code prefix 54 → ELEC,v2-tax-2 coverage: TW listed-code prefix and name keywords,False
5498,ELEC,0.55,TW listed-code prefix 54 → ELEC,v2-tax-2 coverage: TW listed-code prefix and name keywords,False
6101,ELEC,0.55,TW listed-code prefix 61 → ELEC,v2-tax-2 coverage: TW listed-code prefix and name keywords,False
6103,ELEC,0.55,TW listed-code prefix 61 → ELEC,v2-tax-2 coverage: TW listed-code prefix and name keywords,False
6104,ELEC,0.55,TW listed-code prefix 61 → ELEC,v2-tax-2 coverage: TW listed-code prefix and name keywords,False
6108,ELEC,0.55,TW listed-code prefix 61 → ELEC,v2-tax-2 coverage: TW listed-code prefix and name keywords,False
6109,ELEC,0.55,TW listed-code prefix 61 → ELEC,v2-tax-2 coverage: TW listed-code prefix and name keywords,False
6112,ELEC,0.55,TW listed-code prefix 61 → ELEC,v2-tax-2 coverage: TW listed-code prefix and name keywords,False
6113,ELEC,0.55,TW listed-code prefix 61 → ELEC,v2-tax-2 coverage: TW listed-code prefix and name keywords,False
6114,ELEC,0.55,TW listed-code prefix 61 → ELEC,v2-tax-2 coverage: TW listed-code prefix and name keywords,False
6115,ELEC,0.55,TW listed-code prefix 61 → ELEC,v2-tax-2 coverage: TW listed-code prefix and name keywords,False
6118,ELEC,0.55,TW listed-code prefix 61 → ELEC,v2-tax-2 coverage: TW listed-code prefix and name keywords,False
6120,ELEC,0.55,TW listed-code prefix 61 → ELEC,v2-tax-2 coverage: TW listed-code prefix and name keywords,False
6121,ELEC,0.55,TW listed-code prefix 61 → ELEC,v2-tax-2 coverage: TW listed-code prefix and name keywords,False
6122,ELEC,0.55,TW listed-code prefix 61 → ELEC,v2-tax-2 coverage: TW listed-code prefix and name keywords,False
6123,ELEC,0.55,TW listed-code prefix 61 → ELEC,v2-tax-2 coverage: TW listed-code prefix and name keywords,False
6124,ELEC,0.55,TW listed-code prefix 61 → ELEC,v2-tax-2 coverage: TW listed-code prefix and name keywords,False
6125,ELEC,0.55,TW listed-code prefix 61 → ELEC,v2-tax-2 coverage: TW listed-code prefix and name keywords,False
6126,ELEC,0.55,TW listed-code prefix 61 → ELEC,v2-tax-2 coverage: TW listed-code prefix and name keywords,False
6127,ELEC,0.55,TW listed-code prefix 61 → ELEC,v2-tax-2 coverage: TW listed-code prefix and name keywords,False
6128,ELEC,0.55,TW listed-code prefix 61 → ELEC,v2-tax-2 coverage: TW listed-code prefix and name keywords,False
6129,ELEC,0.55,TW listed-code prefix 61 → ELEC,v2-tax-2 coverage: TW listed-code prefix and name keywords,False
6130,ELEC,0.55,TW listed-code prefix 61 → ELEC,v2-tax-2 coverage: TW listed-code prefix and name keywords,False
6133,ELEC,0.55,TW listed-code prefix 61 → ELEC,v2-tax-2 coverage: TW listed-code prefix and name keywords,False
6134,ELEC,0.55,TW listed-code prefix 61 → ELEC,v2-tax-2 coverage: TW listed-code prefix and name keywords,False
6136,ELEC,0.55,TW listed-code prefix 61 → ELEC,v2-tax-2 coverage: TW listed-code prefix and name keywords,False
6138,ELEC,0.55,TW listed-code prefix 61 → ELEC,v2-tax-2 coverage: TW listed-code prefix and name keywords,False
6139,ELEC,0.55,TW listed-code prefix 61 → ELEC,v2-tax-2 coverage: TW listed-code prefix and name keywords,False
6140,ELEC,0.55,TW listed-code prefix 61 → ELEC,v2-tax-2 coverage: TW listed-code prefix and name keywords,False
6141,ELEC,0.55,TW listed-code prefix 61 → ELEC,v2-tax-2 coverage: TW listed-code prefix and name keywords,False
6142,ELEC,0.55,TW listed-code prefix 61 → ELEC,v2-tax-2 coverage: TW listed-code prefix and name keywords,False
6143,ELEC,0.55,TW listed-code prefix 61 → ELEC,v2-tax-2 coverage: TW listed-code prefix and name keywords,False
6144,ELEC,0.55,TW listed-code prefix 61 → ELEC,v2-tax-2 coverage: TW listed-code prefix and name keywords,False
6146,ELEC,0.55,TW listed-code prefix 61 → ELEC,v2-tax-2 coverage: TW listed-code prefix and name keywords,False
6147,ELEC,0.55,TW listed-code prefix 61 → ELEC,v2-tax-2 coverage: TW listed-code prefix and name keywords,False
6148,ELEC,0.55,TW listed-code prefix 61 → ELEC,v2-tax-2 coverage: TW listed-code prefix and name keywords,False
6150,ELEC,0.55,TW listed-code prefix 61 → ELEC,v2-tax-2 coverage: TW listed-code prefix and name keywords,False
6151,ELEC,0.55,TW listed-code prefix 61 → ELEC,v2-tax-2 coverage: TW listed-code prefix and name keywords,False
6152,ELEC,0.55,TW listed-code prefix 61 → ELEC,v2-tax-2 coverage: TW listed-code prefix and name keywords,False
6153,ELEC,0.55,TW listed-code prefix 61 → ELEC,v2-tax-2 coverage: TW listed-code prefix and name keywords,False
6154,ELEC,0.55,TW listed-code prefix 61 → ELEC,v2-tax-2 coverage: TW listed-code prefix and name keywords,False
6155,ELEC,0.55,TW listed-code prefix 61 → ELEC,v2-tax-2 coverage: TW listed-code prefix and name keywords,False
6156,ELEC,0.55,TW listed-code prefix 61 → ELEC,v2-tax-2 coverage: TW listed-code prefix and name keywords,False
6158,ELEC,0.55,TW listed-code prefix 61 → ELEC,v2-tax-2 coverage: TW listed-code prefix and name keywords,False
6160,ELEC,0.55,TW listed-code prefix 61 → ELEC,v2-tax-2 coverage: TW listed-code prefix and name keywords,False
6161,ELEC,0.55,TW listed-code prefix 61 → ELEC,v2-tax-2 coverage: TW listed-code prefix and name keywords,False
6163,ELEC,0.55,TW listed-code prefix 61 → ELEC,v2-tax-2 coverage: TW listed-code prefix and name keywords,False
6164,ELEC,0.55,TW listed-code prefix 61 → ELEC,v2-tax-2 coverage: TW listed-code prefix and name keywords,False
6165,ELEC,0.55,TW listed-code prefix 61 → ELEC,v2-tax-2 coverage: TW listed-code prefix and name keywords,False
6166,ELEC,0.55,TW listed-code prefix 61 → ELEC,v2-tax-2 coverage: TW listed-code prefix and name keywords,False
6167,ELEC,0.55,TW listed-code prefix 61 → ELEC,v2-tax-2 coverage: TW listed-code prefix and name keywords,False
6168,ELEC,0.55,TW listed-code prefix 61 → ELEC,v2-tax-2 coverage: TW listed-code prefix and name keywords,False
6169,ELEC,0.55,TW listed-code prefix 61 → ELEC,v2-tax-2 coverage: TW listed-code prefix and name keywords,False
6170,ELEC,0.55,TW listed-code prefix 61 → ELEC,v2-tax-2 coverage: TW listed-code prefix and name keywords,False
6171,ELEC,0.55,TW listed-code prefix 61 → ELEC,v2-tax-2 coverage: TW listed-code prefix and name keywords,False
6174,ELEC,0.55,TW listed-code prefix 61 → ELEC,v2-tax-2 coverage: TW listed-code prefix and name keywords,False
6175,ELEC,0.55,TW listed-code prefix 61 → ELEC,v2-tax-2 coverage: TW listed-code prefix and name keywords,False
6177,ELEC,0.55,TW listed-code prefix 61 → ELEC,v2-tax-2 coverage: TW listed-code prefix and name keywords,False
6179,ELEC,0.55,TW listed-code prefix 61 → ELEC,v2-tax-2 coverage: TW listed-code prefix and name keywords,False
6180,ELEC,0.55,TW listed-code prefix 61 → ELEC,v2-tax-2 coverage: TW listed-code prefix and name keywords,False
6183,ELEC,0.55,TW listed-code prefix 61 → ELEC,v2-tax-2 coverage: TW listed-code prefix and name keywords,False
6184,ELEC,0.55,TW listed-code prefix 61 → ELEC,v2-tax-2 coverage: TW listed-code prefix and name keywords,False
6185,ELEC,0.55,TW listed-code prefix 61 → ELEC,v2-tax-2 coverage: TW listed-code prefix and name keywords,False
6186,ELEC,0.55,TW listed-code prefix 61 → ELEC,v2-tax-2 coverage: TW listed-code prefix and name keywords,False
6187,ELEC,0.55,TW listed-code prefix 61 → ELEC,v2-tax-2 coverage: TW listed-code prefix and name keywords,False
6188,ELEC,0.55,TW listed-code prefix 61 → ELEC,v2-tax-2 coverage: TW listed-code prefix and name keywords,False
6189,ELEC,0.55,TW listed-code prefix 61 → ELEC,v2-tax-2 coverage: TW listed-code prefix and name keywords,False
6190,ELEC,0.55,TW listed-code prefix 61 → ELEC,v2-tax-2 coverage: TW listed-code prefix and name keywords,False
6191,ELEC,0.55,TW listed-code prefix 61 → ELEC,v2-tax-2 coverage: TW listed-code prefix and name keywords,False
6192,ELEC,0.55,TW listed-code prefix 61 → ELEC,v2-tax-2 coverage: TW listed-code prefix and name keywords,False
6194,ELEC,0.55,TW listed-code prefix 61 → ELEC,v2-tax-2 coverage: TW listed-code prefix and name keywords,False
6195,ELEC,0.55,TW listed-code prefix 61 → ELEC,v2-tax-2 coverage: TW listed-code prefix and name keywords,False
6197,ELEC,0.55,TW listed-code prefix 61 → ELEC,v2-tax-2 coverage: TW listed-code prefix and name keywords,False
6198,ELEC,0.55,TW listed-code prefix 61 → ELEC,v2-tax-2 coverage: TW listed-code prefix and name keywords,False
6199,ELEC,0.55,TW listed-code prefix 61 → ELEC,v2-tax-2 coverage: TW listed-code prefix and name keywords,False
6201,ELEC,0.55,TW listed-code prefix 62 → ELEC,v2-tax-2 coverage: TW listed-code prefix and name keywords,False
6203,ELEC,0.55,TW listed-code prefix 62 → ELEC,v2-tax-2 coverage: TW listed-code prefix and name keywords,False
6204,ELEC,0.55,TW listed-code prefix 62 → ELEC,v2-tax-2 coverage: TW listed-code prefix and name keywords,False
6205,ELEC,0.55,TW listed-code prefix 62 → ELEC,v2-tax-2 coverage: TW listed-code prefix and name keywords,False
6206,ELEC,0.55,TW listed-code prefix 62 → ELEC,v2-tax-2 coverage: TW listed-code prefix and name keywords,False
6207,ELEC,0.55,TW listed-code prefix 62 → ELEC,v2-tax-2 coverage: TW listed-code prefix and name keywords,False
6208,ELEC,0.55,TW listed-code prefix 62 → ELEC,v2-tax-2 coverage: TW listed-code prefix and name keywords,False
6209,ELEC,0.55,TW listed-code prefix 62 → ELEC,v2-tax-2 coverage: TW listed-code prefix and name keywords,False
6210,ELEC,0.55,TW listed-code prefix 62 → ELEC,v2-tax-2 coverage: TW listed-code prefix and name keywords,False
6212,ELEC,0.55,TW listed-code prefix 62 → ELEC,v2-tax-2 coverage: TW listed-code prefix and name keywords,False
6214,ELEC,0.55,TW listed-code prefix 62 → ELEC,v2-tax-2 coverage: TW listed-code prefix and name keywords,False
6215,ELEC,0.55,TW listed-code prefix 62 → ELEC,v2-tax-2 coverage: TW listed-code prefix and name keywords,False
6216,ELEC,0.55,TW listed-code prefix 62 → ELEC,v2-tax-2 coverage: TW listed-code prefix and name keywords,False
6217,ELEC,0.55,TW listed-code prefix 62 → ELEC,v2-tax-2 coverage: TW listed-code prefix and name keywords,False
6218,ELEC,0.55,TW listed-code prefix 62 → ELEC,v2-tax-2 coverage: TW listed-code prefix and name keywords,False
6219,ELEC,0.55,TW listed-code prefix 62 → ELEC,v2-tax-2 coverage: TW listed-code prefix and name keywords,False
6220,ELEC,0.55,TW listed-code prefix 62 → ELEC,v2-tax-2 coverage: TW listed-code prefix and name keywords,False
6221,ELEC,0.55,TW listed-code prefix 62 → ELEC,v2-tax-2 coverage: TW listed-code prefix and name keywords,False
6222,ELEC,0.55,TW listed-code prefix 62 → ELEC,v2-tax-2 coverage: TW listed-code prefix and name keywords,False
6223,ELEC,0.55,TW listed-code prefix 62 → ELEC,v2-tax-2 coverage: TW listed-code prefix and name keywords,False
6224,ELEC,0.55,TW listed-code prefix 62 → ELEC,v2-tax-2 coverage: TW listed-code prefix and name keywords,False
6225,ELEC,0.55,TW listed-code prefix 62 → ELEC,v2-tax-2 coverage: TW listed-code prefix and name keywords,False
6226,ELEC,0.55,TW listed-code prefix 62 → ELEC,v2-tax-2 coverage: TW listed-code prefix and name keywords,False
6227,ELEC,0.55,TW listed-code prefix 62 → ELEC,v2-tax-2 coverage: TW listed-code prefix and name keywords,False
6228,ELEC,0.55,TW listed-code prefix 62 → ELEC,v2-tax-2 coverage: TW listed-code prefix and name keywords,False
6229,ELEC,0.55,TW listed-code prefix 62 → ELEC,v2-tax-2 coverage: TW listed-code prefix and name keywords,False
6230,ELEC,0.55,TW listed-code prefix 62 → ELEC,v2-tax-2 coverage: TW listed-code prefix and name keywords,False
6231,ELEC,0.55,TW listed-code prefix 62 → ELEC,v2-tax-2 coverage: TW listed-code prefix and name keywords,False
6233,ELEC,0.55,TW listed-code prefix 62 → ELEC,v2-tax-2 coverage: TW listed-code prefix and name keywords,False
6234,ELEC,0.55,TW listed-code prefix 62 → ELEC,v2-tax-2 coverage: TW listed-code prefix and name keywords,False
6236,ELEC,0.55,TW listed-code prefix 62 → ELEC,v2-tax-2 coverage: TW listed-code prefix and name keywords,False
6237,ELEC,0.55,TW listed-code prefix 62 → ELEC,v2-tax-2 coverage: TW listed-code prefix and name keywords,False
6240,ELEC,0.55,TW listed-code prefix 62 → ELEC,v2-tax-2 coverage: TW listed-code prefix and name keywords,False
6241,ELEC,0.55,TW listed-code prefix 62 → ELEC,v2-tax-2 coverage: TW listed-code prefix and name keywords,False
6242,ELEC,0.55,TW listed-code prefix 62 → ELEC,v2-tax-2 coverage: TW listed-code prefix and name keywords,False
6243,ELEC,0.55,TW listed-code prefix 62 → ELEC,v2-tax-2 coverage: TW listed-code prefix and name keywords,False
6245,ELEC,0.55,TW listed-code prefix 62 → ELEC,v2-tax-2 coverage: TW listed-code prefix and name keywords,False
6246,ELEC,0.55,TW listed-code prefix 62 → ELEC,v2-tax-2 coverage: TW listed-code prefix and name keywords,False
6248,ELEC,0.55,TW listed-code prefix 62 → ELEC,v2-tax-2 coverage: TW listed-code prefix and name keywords,False
6257,ELEC,0.55,TW listed-code prefix 62 → ELEC,v2-tax-2 coverage: TW listed-code prefix and name keywords,False
6259,ELEC,0.55,TW listed-code prefix 62 → ELEC,v2-tax-2 coverage: TW listed-code prefix and name keywords,False
6261,ELEC,0.55,TW listed-code prefix 62 → ELEC,v2-tax-2 coverage: TW listed-code prefix and name keywords,False
6263,ELEC,0.55,TW listed-code prefix 62 → ELEC,v2-tax-2 coverage: TW listed-code prefix and name keywords,False
6264,ELEC,0.55,TW listed-code prefix 62 → ELEC,v2-tax-2 coverage: TW listed-code prefix and name keywords,False
6265,ELEC,0.55,TW listed-code prefix 62 → ELEC,v2-tax-2 coverage: TW listed-code prefix and name keywords,False
6266,ELEC,0.55,TW listed-code prefix 62 → ELEC,v2-tax-2 coverage: TW listed-code prefix and name keywords,False
6270,ELEC,0.55,TW listed-code prefix 62 → ELEC,v2-tax-2 coverage: TW listed-code prefix and name keywords,False
6272,ELEC,0.55,TW listed-code prefix 62 → ELEC,v2-tax-2 coverage: TW listed-code prefix and name keywords,False
6275,ELEC,0.55,TW listed-code prefix 62 → ELEC,v2-tax-2 coverage: TW listed-code prefix and name keywords,False
6276,ELEC,0.55,TW listed-code prefix 62 → ELEC,v2-tax-2 coverage: TW listed-code prefix and name keywords,False
6277,ELEC,0.55,TW listed-code prefix 62 → ELEC,v2-tax-2 coverage: TW listed-code prefix and name keywords,False
6279,ELEC,0.55,TW listed-code prefix 62 → ELEC,v2-tax-2 coverage: TW listed-code prefix and name keywords,False
6281,ELEC,0.55,TW listed-code prefix 62 → ELEC,v2-tax-2 coverage: TW listed-code prefix and name keywords,False
6282,ELEC,0.55,TW listed-code prefix 62 → ELEC,v2-tax-2 coverage: TW listed-code prefix and name keywords,False
6283,ELEC,0.55,TW listed-code prefix 62 → ELEC,v2-tax-2 coverage: TW listed-code prefix and name keywords,False
6290,ELEC,0.55,TW listed-code prefix 62 → ELEC,v2-tax-2 coverage: TW listed-code prefix and name keywords,False
6291,ELEC,0.55,TW listed-code prefix 62 → ELEC,v2-tax-2 coverage: TW listed-code prefix and name keywords,False
6292,ELEC,0.55,TW listed-code prefix 62 → ELEC,v2-tax-2 coverage: TW listed-code prefix and name keywords,False
6294,ELEC,0.55,TW listed-code prefix 62 → ELEC,v2-tax-2 coverage: TW listed-code prefix and name keywords,False
6405,ELEC,0.55,TW listed-code prefix 64 → ELEC,v2-tax-2 coverage: TW listed-code prefix and name keywords,False
6411,ELEC,0.55,TW listed-code prefix 64 → ELEC,v2-tax-2 coverage: TW listed-code prefix and name keywords,False
6412,ELEC,0.55,TW listed-code prefix 64 → ELEC,v2-tax-2 coverage: TW listed-code prefix and name keywords,False
6416,ELEC,0.55,TW listed-code prefix 64 → ELEC,v2-tax-2 coverage: TW listed-code prefix and name keywords,False
6417,ELEC,0.55,TW listed-code prefix 64 → ELEC,v2-tax-2 coverage: TW listed-code prefix and name keywords,False
6418,ELEC,0.55,TW listed-code prefix 64 → ELEC,v2-tax-2 coverage: TW listed-code prefix and name keywords,False
6419,ELEC,0.55,TW listed-code prefix 64 → ELEC,v2-tax-2 coverage: TW listed-code prefix and name keywords,False
6423,ELEC,0.55,TW listed-code prefix 64 → ELEC,v2-tax-2 coverage: TW listed-code prefix and name keywords,False
6425,ELEC,0.55,TW listed-code prefix 64 → ELEC,v2-tax-2 coverage: TW listed-code prefix and name keywords,False
6426,ELEC,0.55,TW listed-code prefix 64 → ELEC,v2-tax-2 coverage: TW listed-code prefix and name keywords,False
6431,ELEC,0.55,TW listed-code prefix 64 → ELEC,v2-tax-2 coverage: TW listed-code prefix and name keywords,False
6432,ELEC,0.55,TW listed-code prefix 64 → ELEC,v2-tax-2 coverage: TW listed-code prefix and name keywords,False
6435,ELEC,0.55,TW listed-code prefix 64 → ELEC,v2-tax-2 coverage: TW listed-code prefix and name keywords,False
6438,ELEC,0.55,TW listed-code prefix 64 → ELEC,v2-tax-2 coverage: TW listed-code prefix and name keywords,False
6446,ELEC,0.55,TW listed-code prefix 64 → ELEC,v2-tax-2 coverage: TW listed-code prefix and name keywords,False
6449,ELEC,0.55,TW listed-code prefix 64 → ELEC,v2-tax-2 coverage: TW listed-code prefix and name keywords,False
6451,ELEC,0.55,TW listed-code prefix 64 → ELEC,v2-tax-2 coverage: TW listed-code prefix and name keywords,False
6456,ELEC,0.55,TW listed-code prefix 64 → ELEC,v2-tax-2 coverage: TW listed-code prefix and name keywords,False
6461,ELEC,0.55,TW listed-code prefix 64 → ELEC,v2-tax-2 coverage: TW listed-code prefix and name keywords,False
6462,ELEC,0.55,TW listed-code prefix 64 → ELEC,v2-tax-2 coverage: TW listed-code prefix and name keywords,False
6464,ELEC,0.55,TW listed-code prefix 64 → ELEC,v2-tax-2 coverage: TW listed-code prefix and name keywords,False
6465,ELEC,0.55,TW listed-code prefix 64 → ELEC,v2-tax-2 coverage: TW listed-code prefix and name keywords,False
6469,ELEC,0.55,TW listed-code prefix 64 → ELEC,v2-tax-2 coverage: TW listed-code prefix and name keywords,False
6470,ELEC,0.55,TW listed-code prefix 64 → ELEC,v2-tax-2 coverage: TW listed-code prefix and name keywords,False
6472,ELEC,0.55,TW listed-code prefix 64 → ELEC,v2-tax-2 coverage: TW listed-code prefix and name keywords,False
6474,ELEC,0.55,TW listed-code prefix 64 → ELEC,v2-tax-2 coverage: TW listed-code prefix and name keywords,False
6477,ELEC,0.55,TW listed-code prefix 64 → ELEC,v2-tax-2 coverage: TW listed-code prefix and name keywords,False
6482,ELEC,0.55,TW listed-code prefix 64 → ELEC,v2-tax-2 coverage: TW listed-code prefix and name keywords,False
6485,ELEC,0.55,TW listed-code prefix 64 → ELEC,v2-tax-2 coverage: TW listed-code prefix and name keywords,False
6486,ELEC,0.55,TW listed-code prefix 64 → ELEC,v2-tax-2 coverage: TW listed-code prefix and name keywords,False
6491,ELEC,0.55,TW listed-code prefix 64 → ELEC,v2-tax-2 coverage: TW listed-code prefix and name keywords,False
6492,ELEC,0.55,TW listed-code prefix 64 → ELEC,v2-tax-2 coverage: TW listed-code prefix and name keywords,False
6494,ELEC,0.55,TW listed-code prefix 64 → ELEC,v2-tax-2 coverage: TW listed-code prefix and name keywords,False
6496,ELEC,0.55,TW listed-code prefix 64 → ELEC,v2-tax-2 coverage: TW listed-code prefix and name keywords,False
6498,ELEC,0.55,TW listed-code prefix 64 → ELEC,v2-tax-2 coverage: TW listed-code prefix and name keywords,False
6499,ELEC,0.55,TW listed-code prefix 64 → ELEC,v2-tax-2 coverage: TW listed-code prefix and name keywords,False
6504,ELEC,0.55,TW listed-code prefix 65 → ELEC,v2-tax-2 coverage: TW listed-code prefix and name keywords,False
6506,ELEC,0.55,TW listed-code prefix 65 → ELEC,v2-tax-2 coverage: TW listed-code prefix and name keywords,False
6508,ELEC,0.55,TW listed-code prefix 65 → ELEC,v2-tax-2 coverage: TW listed-code prefix and name keywords,False
6509,ELEC,0.55,TW listed-code prefix 65 → ELEC,v2-tax-2 coverage: TW listed-code prefix and name keywords,False
6512,ELEC,0.55,TW listed-code prefix 65 → ELEC,v2-tax-2 coverage: TW listed-code prefix and name keywords,False
6515,ELEC,0.55,TW listed-code prefix 65 → ELEC,v2-tax-2 coverage: TW listed-code prefix and name keywords,False
6516,ELEC,0.55,TW listed-code prefix 65 → ELEC,v2-tax-2 coverage: TW listed-code prefix and name keywords,False
6517,ELEC,0.55,TW listed-code prefix 65 → ELEC,v2-tax-2 coverage: TW listed-code prefix and name keywords,False
6523,ELEC,0.55,TW listed-code prefix 65 → ELEC,v2-tax-2 coverage: TW listed-code prefix and name keywords,False
6525,ELEC,0.55,TW listed-code prefix 65 → ELEC,v2-tax-2 coverage: TW listed-code prefix and name keywords,False
6526,ELEC,0.55,TW listed-code prefix 65 → ELEC,v2-tax-2 coverage: TW listed-code prefix and name keywords,False
6527,ELEC,0.55,TW listed-code prefix 65 → ELEC,v2-tax-2 coverage: TW listed-code prefix and name keywords,False
6530,ELEC,0.55,TW listed-code prefix 65 → ELEC,v2-tax-2 coverage: TW listed-code prefix and name keywords,False
6532,ELEC,0.55,TW listed-code prefix 65 → ELEC,v2-tax-2 coverage: TW listed-code prefix and name keywords,False
6533,ELEC,0.55,TW listed-code prefix 65 → ELEC,v2-tax-2 coverage: TW listed-code prefix and name keywords,False
6534,ELEC,0.55,TW listed-code prefix 65 → ELEC,v2-tax-2 coverage: TW listed-code prefix and name keywords,False
6535,ELEC,0.55,TW listed-code prefix 65 → ELEC,v2-tax-2 coverage: TW listed-code prefix and name keywords,False
6538,ELEC,0.55,TW listed-code prefix 65 → ELEC,v2-tax-2 coverage: TW listed-code prefix and name keywords,False
6542,ELEC,0.55,TW listed-code prefix 65 → ELEC,v2-tax-2 coverage: TW listed-code prefix and name keywords,False
6546,ELEC,0.55,TW listed-code prefix 65 → ELEC,v2-tax-2 coverage: TW listed-code prefix and name keywords,False
6548,ELEC,0.55,TW listed-code prefix 65 → ELEC,v2-tax-2 coverage: TW listed-code prefix and name keywords,False
6550,ELEC,0.55,TW listed-code prefix 65 → ELEC,v2-tax-2 coverage: TW listed-code prefix and name keywords,False
6552,ELEC,0.55,TW listed-code prefix 65 → ELEC,v2-tax-2 coverage: TW listed-code prefix and name keywords,False
6556,ELEC,0.55,TW listed-code prefix 65 → ELEC,v2-tax-2 coverage: TW listed-code prefix and name keywords,False
6558,ELEC,0.55,TW listed-code prefix 65 → ELEC,v2-tax-2 coverage: TW listed-code prefix and name keywords,False
6560,ELEC,0.55,TW listed-code prefix 65 → ELEC,v2-tax-2 coverage: TW listed-code prefix and name keywords,False
6561,ELEC,0.55,TW listed-code prefix 65 → ELEC,v2-tax-2 coverage: TW listed-code prefix and name keywords,False
6568,ELEC,0.55,TW listed-code prefix 65 → ELEC,v2-tax-2 coverage: TW listed-code prefix and name keywords,False
6569,ELEC,0.55,TW listed-code prefix 65 → ELEC,v2-tax-2 coverage: TW listed-code prefix and name keywords,False
6570,ELEC,0.55,TW listed-code prefix 65 → ELEC,v2-tax-2 coverage: TW listed-code prefix and name keywords,False
6573,ELEC,0.55,TW listed-code prefix 65 → ELEC,v2-tax-2 coverage: TW listed-code prefix and name keywords,False
6574,ELEC,0.55,TW listed-code prefix 65 → ELEC,v2-tax-2 coverage: TW listed-code prefix and name keywords,False
6576,ELEC,0.55,TW listed-code prefix 65 → ELEC,v2-tax-2 coverage: TW listed-code prefix and name keywords,False
6577,ELEC,0.55,TW listed-code prefix 65 → ELEC,v2-tax-2 coverage: TW listed-code prefix and name keywords,False
6578,ELEC,0.55,TW listed-code prefix 65 → ELEC,v2-tax-2 coverage: TW listed-code prefix and name keywords,False
6579,ELEC,0.55,TW listed-code prefix 65 → ELEC,v2-tax-2 coverage: TW listed-code prefix and name keywords,False
6581,ELEC,0.55,TW listed-code prefix 65 → ELEC,v2-tax-2 coverage: TW listed-code prefix and name keywords,False
6582,ELEC,0.55,TW listed-code prefix 65 → ELEC,v2-tax-2 coverage: TW listed-code prefix and name keywords,False
6584,ELEC,0.55,TW listed-code prefix 65 → ELEC,v2-tax-2 coverage: TW listed-code prefix and name keywords,False
6585,ELEC,0.55,TW listed-code prefix 65 → ELEC,v2-tax-2 coverage: TW listed-code prefix and name keywords,False
6588,ELEC,0.55,TW listed-code prefix 65 → ELEC,v2-tax-2 coverage: TW listed-code prefix and name keywords,False
6589,ELEC,0.55,TW listed-code prefix 65 → ELEC,v2-tax-2 coverage: TW listed-code prefix and name keywords,False
6590,ELEC,0.55,TW listed-code prefix 65 → ELEC,v2-tax-2 coverage: TW listed-code prefix and name keywords,False
6591,ELEC,0.55,TW listed-code prefix 65 → ELEC,v2-tax-2 coverage: TW listed-code prefix and name keywords,False
6592,ELEC,0.55,TW listed-code prefix 65 → ELEC,v2-tax-2 coverage: TW listed-code prefix and name keywords,False
6593,ELEC,0.55,TW listed-code prefix 65 → ELEC,v2-tax-2 coverage: TW listed-code prefix and name keywords,False
6596,ELEC,0.55,TW listed-code prefix 65 → ELEC,v2-tax-2 coverage: TW listed-code prefix and name keywords,False
6597,ELEC,0.55,TW listed-code prefix 65 → ELEC,v2-tax-2 coverage: TW listed-code prefix and name keywords,False
6598,ELEC,0.55,TW listed-code prefix 65 → ELEC,v2-tax-2 coverage: TW listed-code prefix and name keywords,False
6603,ELEC,0.55,TW listed-code prefix 66 → ELEC,v2-tax-2 coverage: TW listed-code prefix and name keywords,False
6605,ELEC,0.55,TW listed-code prefix 66 → ELEC,v2-tax-2 coverage: TW listed-code prefix and name keywords,False
6606,ELEC,0.55,TW listed-code prefix 66 → ELEC,v2-tax-2 coverage: TW listed-code prefix and name keywords,False
6609,ELEC,0.55,TW listed-code prefix 66 → ELEC,v2-tax-2 coverage: TW listed-code prefix and name keywords,False
6612,ELEC,0.55,TW listed-code prefix 66 → ELEC,v2-tax-2 coverage: TW listed-code prefix and name keywords,False
6613,ELEC,0.55,TW listed-code prefix 66 → ELEC,v2-tax-2 coverage: TW listed-code prefix and name keywords,False
6614,ELEC,0.55,TW listed-code prefix 66 → ELEC,v2-tax-2 coverage: TW listed-code prefix and name keywords,False
6615,ELEC,0.55,TW listed-code prefix 66 → ELEC,v2-tax-2 coverage: TW listed-code prefix and name keywords,False
6616,ELEC,0.55,TW listed-code prefix 66 → ELEC,v2-tax-2 coverage: TW listed-code prefix and name keywords,False
6617,ELEC,0.55,TW listed-code prefix 66 → ELEC,v2-tax-2 coverage: TW listed-code prefix and name keywords,False
6620,ELEC,0.55,TW listed-code prefix 66 → ELEC,v2-tax-2 coverage: TW listed-code prefix and name keywords,False
6624,ELEC,0.55,TW listed-code prefix 66 → ELEC,v2-tax-2 coverage: TW listed-code prefix and name keywords,False
6625,ELEC,0.55,TW listed-code prefix 66 → ELEC,v2-tax-2 coverage: TW listed-code prefix and name keywords,False
6629,ELEC,0.55,TW listed-code prefix 66 → ELEC,v2-tax-2 coverage: TW listed-code prefix and name keywords,False
6637,ELEC,0.55,TW listed-code prefix 66 → ELEC,v2-tax-2 coverage: TW listed-code prefix and name keywords,False
6641,ELEC,0.55,TW listed-code prefix 66 → ELEC,v2-tax-2 coverage: TW listed-code prefix and name keywords,False
6642,ELEC,0.55,TW listed-code prefix 66 → ELEC,v2-tax-2 coverage: TW listed-code prefix and name keywords,False
6645,ELEC,0.55,TW listed-code prefix 66 → ELEC,v2-tax-2 coverage: TW listed-code prefix and name keywords,False
6649,ELEC,0.55,TW listed-code prefix 66 → ELEC,v2-tax-2 coverage: TW listed-code prefix and name keywords,False
6651,ELEC,0.55,TW listed-code prefix 66 → ELEC,v2-tax-2 coverage: TW listed-code prefix and name keywords,False
6654,ELEC,0.55,TW listed-code prefix 66 → ELEC,v2-tax-2 coverage: TW listed-code prefix and name keywords,False
6655,ELEC,0.55,TW listed-code prefix 66 → ELEC,v2-tax-2 coverage: TW listed-code prefix and name keywords,False
6657,ELEC,0.55,TW listed-code prefix 66 → ELEC,v2-tax-2 coverage: TW listed-code prefix and name keywords,False
6658,ELEC,0.55,TW listed-code prefix 66 → ELEC,v2-tax-2 coverage: TW listed-code prefix and name keywords,False
6661,ELEC,0.55,TW listed-code prefix 66 → ELEC,v2-tax-2 coverage: TW listed-code prefix and name keywords,False
6662,ELEC,0.55,TW listed-code prefix 66 → ELEC,v2-tax-2 coverage: TW listed-code prefix and name keywords,False
6664,ELEC,0.55,TW listed-code prefix 66 → ELEC,v2-tax-2 coverage: TW listed-code prefix and name keywords,False
6666,ELEC,0.55,TW listed-code prefix 66 → ELEC,v2-tax-2 coverage: TW listed-code prefix and name keywords,False
6667,ELEC,0.55,TW listed-code prefix 66 → ELEC,v2-tax-2 coverage: TW listed-code prefix and name keywords,False
6668,ELEC,0.55,TW listed-code prefix 66 → ELEC,v2-tax-2 coverage: TW listed-code prefix and name keywords,False
6670,ELEC,0.55,TW listed-code prefix 66 → ELEC,v2-tax-2 coverage: TW listed-code prefix and name keywords,False
6671,ELEC,0.55,TW listed-code prefix 66 → ELEC,v2-tax-2 coverage: TW listed-code prefix and name keywords,False
6672,ELEC,0.55,TW listed-code prefix 66 → ELEC,v2-tax-2 coverage: TW listed-code prefix and name keywords,False
6674,ELEC,0.55,TW listed-code prefix 66 → ELEC,v2-tax-2 coverage: TW listed-code prefix and name keywords,False
6679,ELEC,0.55,TW listed-code prefix 66 → ELEC,v2-tax-2 coverage: TW listed-code prefix and name keywords,False
6680,ELEC,0.55,TW listed-code prefix 66 → ELEC,v2-tax-2 coverage: TW listed-code prefix and name keywords,False
6683,ELEC,0.55,TW listed-code prefix 66 → ELEC,v2-tax-2 coverage: TW listed-code prefix and name keywords,False
6684,ELEC,0.55,TW listed-code prefix 66 → ELEC,v2-tax-2 coverage: TW listed-code prefix and name keywords,False
6689,ELEC,0.55,TW listed-code prefix 66 → ELEC,v2-tax-2 coverage: TW listed-code prefix and name keywords,False
6690,ELEC,0.55,TW listed-code prefix 66 → ELEC,v2-tax-2 coverage: TW listed-code prefix and name keywords,False
6691,ELEC,0.55,TW listed-code prefix 66 → ELEC,v2-tax-2 coverage: TW listed-code prefix and name keywords,False
6692,ELEC,0.55,TW listed-code prefix 66 → ELEC,v2-tax-2 coverage: TW listed-code prefix and name keywords,False
6693,ELEC,0.55,TW listed-code prefix 66 → ELEC,v2-tax-2 coverage: TW listed-code prefix and name keywords,False
6695,ELEC,0.55,TW listed-code prefix 66 → ELEC,v2-tax-2 coverage: TW listed-code prefix and name keywords,False
6697,ELEC,0.55,TW listed-code prefix 66 → ELEC,v2-tax-2 coverage: TW listed-code prefix and name keywords,False
6698,ELEC,0.55,TW listed-code prefix 66 → ELEC,v2-tax-2 coverage: TW listed-code prefix and name keywords,False
6703,ELEC,0.55,TW listed-code prefix 67 → ELEC,v2-tax-2 coverage: TW listed-code prefix and name keywords,False
6706,ELEC,0.55,TW listed-code prefix 67 → ELEC,v2-tax-2 coverage: TW listed-code prefix and name keywords,False
6708,ELEC,0.55,TW listed-code prefix 67 → ELEC,v2-tax-2 coverage: TW listed-code prefix and name keywords,False
6712,ELEC,0.55,TW listed-code prefix 67 → ELEC,v2-tax-2 coverage: TW listed-code prefix and name keywords,False
6715,ELEC,0.55,TW listed-code prefix 67 → ELEC,v2-tax-2 coverage: TW listed-code prefix and name keywords,False
6716,ELEC,0.55,TW listed-code prefix 67 → ELEC,v2-tax-2 coverage: TW listed-code prefix and name keywords,False
6719,ELEC,0.55,TW listed-code prefix 67 → ELEC,v2-tax-2 coverage: TW listed-code prefix and name keywords,False
6720,ELEC,0.55,TW listed-code prefix 67 → ELEC,v2-tax-2 coverage: TW listed-code prefix and name keywords,False
6721,ELEC,0.55,TW listed-code prefix 67 → ELEC,v2-tax-2 coverage: TW listed-code prefix and name keywords,False
6722,ELEC,0.55,TW listed-code prefix 67 → ELEC,v2-tax-2 coverage: TW listed-code prefix and name keywords,False
6725,ELEC,0.55,TW listed-code prefix 67 → ELEC,v2-tax-2 coverage: TW listed-code prefix and name keywords,False
6727,ELEC,0.55,TW listed-code prefix 67 → ELEC,v2-tax-2 coverage: TW listed-code prefix and name keywords,False
6728,ELEC,0.55,TW listed-code prefix 67 → ELEC,v2-tax-2 coverage: TW listed-code prefix and name keywords,False
6730,ELEC,0.55,TW listed-code prefix 67 → ELEC,v2-tax-2 coverage: TW listed-code prefix and name keywords,False
6732,ELEC,0.55,TW listed-code prefix 67 → ELEC,v2-tax-2 coverage: TW listed-code prefix and name keywords,False
6733,ELEC,0.55,TW listed-code prefix 67 → ELEC,v2-tax-2 coverage: TW listed-code prefix and name keywords,False
6735,ELEC,0.55,TW listed-code prefix 67 → ELEC,v2-tax-2 coverage: TW listed-code prefix and name keywords,False
6739,ELEC,0.55,TW listed-code prefix 67 → ELEC,v2-tax-2 coverage: TW listed-code prefix and name keywords,False
6741,ELEC,0.55,TW listed-code prefix 67 → ELEC,v2-tax-2 coverage: TW listed-code prefix and name keywords,False
6742,ELEC,0.55,TW listed-code prefix 67 → ELEC,v2-tax-2 coverage: TW listed-code prefix and name keywords,False
6743,ELEC,0.55,TW listed-code prefix 67 → ELEC,v2-tax-2 coverage: TW listed-code prefix and name keywords,False
6751,ELEC,0.55,TW listed-code prefix 67 → ELEC,v2-tax-2 coverage: TW listed-code prefix and name keywords,False
6753,ELEC,0.55,TW listed-code prefix 67 → ELEC,v2-tax-2 coverage: TW listed-code prefix and name keywords,False
6754,ELEC,0.55,TW listed-code prefix 67 → ELEC,v2-tax-2 coverage: TW listed-code prefix and name keywords,False
6756,ELEC,0.55,TW listed-code prefix 67 → ELEC,v2-tax-2 coverage: TW listed-code prefix and name keywords,False
6757,ELEC,0.55,TW listed-code prefix 67 → ELEC,v2-tax-2 coverage: TW listed-code prefix and name keywords,False
6761,ELEC,0.55,TW listed-code prefix 67 → ELEC,v2-tax-2 coverage: TW listed-code prefix and name keywords,False
6762,ELEC,0.55,TW listed-code prefix 67 → ELEC,v2-tax-2 coverage: TW listed-code prefix and name keywords,False
6763,ELEC,0.55,TW listed-code prefix 67 → ELEC,v2-tax-2 coverage: TW listed-code prefix and name keywords,False
6767,ELEC,0.55,TW listed-code prefix 67 → ELEC,v2-tax-2 coverage: TW listed-code prefix and name keywords,False
6768,ELEC,0.55,TW listed-code prefix 67 → ELEC,v2-tax-2 coverage: TW listed-code prefix and name keywords,False
6771,ELEC,0.55,TW listed-code prefix 67 → ELEC,v2-tax-2 coverage: TW listed-code prefix and name keywords,False
6776,ELEC,0.55,TW listed-code prefix 67 → ELEC,v2-tax-2 coverage: TW listed-code prefix and name keywords,False
6781,ELEC,0.55,TW listed-code prefix 67 → ELEC,v2-tax-2 coverage: TW listed-code prefix and name keywords,False
6782,ELEC,0.55,TW listed-code prefix 67 → ELEC,v2-tax-2 coverage: TW listed-code prefix and name keywords,False
6785,ELEC,0.55,TW listed-code prefix 67 → ELEC,v2-tax-2 coverage: TW listed-code prefix and name keywords,False
6788,ELEC,0.55,TW listed-code prefix 67 → ELEC,v2-tax-2 coverage: TW listed-code prefix and name keywords,False
6789,ELEC,0.55,TW listed-code prefix 67 → ELEC,v2-tax-2 coverage: TW listed-code prefix and name keywords,False
6790,ELEC,0.55,TW listed-code prefix 67 → ELEC,v2-tax-2 coverage: TW listed-code prefix and name keywords,False
6791,ELEC,0.55,TW listed-code prefix 67 → ELEC,v2-tax-2 coverage: TW listed-code prefix and name keywords,False
6792,ELEC,0.55,TW listed-code prefix 67 → ELEC,v2-tax-2 coverage: TW listed-code prefix and name keywords,False
6794,ELEC,0.55,TW listed-code prefix 67 → ELEC,v2-tax-2 coverage: TW listed-code prefix and name keywords,False
6796,ELEC,0.55,TW listed-code prefix 67 → ELEC,v2-tax-2 coverage: TW listed-code prefix and name keywords,False
6799,ELEC,0.55,TW listed-code prefix 67 → ELEC,v2-tax-2 coverage: TW listed-code prefix and name keywords,False
6803,ELEC,0.55,TW listed-code prefix 68 → ELEC,v2-tax-2 coverage: TW listed-code prefix and name keywords,False
6804,ELEC,0.55,TW listed-code prefix 68 → ELEC,v2-tax-2 coverage: TW listed-code prefix and name keywords,False
6805,ELEC,0.55,TW listed-code prefix 68 → ELEC,v2-tax-2 coverage: TW listed-code prefix and name keywords,False
6807,ELEC,0.55,TW listed-code prefix 68 → ELEC,v2-tax-2 coverage: TW listed-code prefix and name keywords,False
6811,ELEC,0.55,TW listed-code prefix 68 → ELEC,v2-tax-2 coverage: TW listed-code prefix and name keywords,False
6821,ELEC,0.55,TW listed-code prefix 68 → ELEC,v2-tax-2 coverage: TW listed-code prefix and name keywords,False
6823,ELEC,0.55,TW listed-code prefix 68 → ELEC,v2-tax-2 coverage: TW listed-code prefix and name keywords,False
6829,ELEC,0.55,TW listed-code prefix 68 → ELEC,v2-tax-2 coverage: TW listed-code prefix and name keywords,False
6830,ELEC,0.55,TW listed-code prefix 68 → ELEC,v2-tax-2 coverage: TW listed-code prefix and name keywords,False
6831,ELEC,0.55,TW listed-code prefix 68 → ELEC,v2-tax-2 coverage: TW listed-code prefix and name keywords,False
6834,ELEC,0.55,TW listed-code prefix 68 → ELEC,v2-tax-2 coverage: TW listed-code prefix and name keywords,False
6835,ELEC,0.55,TW listed-code prefix 68 → ELEC,v2-tax-2 coverage: TW listed-code prefix and name keywords,False
6838,ELEC,0.55,TW listed-code prefix 68 → ELEC,v2-tax-2 coverage: TW listed-code prefix and name keywords,False
6840,ELEC,0.55,TW listed-code prefix 68 → ELEC,v2-tax-2 coverage: TW listed-code prefix and name keywords,False
6841,ELEC,0.55,TW listed-code prefix 68 → ELEC,v2-tax-2 coverage: TW listed-code prefix and name keywords,False
6843,ELEC,0.55,TW listed-code prefix 68 → ELEC,v2-tax-2 coverage: TW listed-code prefix and name keywords,False
6844,ELEC,0.55,TW listed-code prefix 68 → ELEC,v2-tax-2 coverage: TW listed-code prefix and name keywords,False
6846,ELEC,0.55,TW listed-code prefix 68 → ELEC,v2-tax-2 coverage: TW listed-code prefix and name keywords,False
6854,ELEC,0.55,TW listed-code prefix 68 → ELEC,v2-tax-2 coverage: TW listed-code prefix and name keywords,False
6855,ELEC,0.55,TW listed-code prefix 68 → ELEC,v2-tax-2 coverage: TW listed-code prefix and name keywords,False
6856,ELEC,0.55,TW listed-code prefix 68 → ELEC,v2-tax-2 coverage: TW listed-code prefix and name keywords,False
6859,ELEC,0.55,TW listed-code prefix 68 → ELEC,v2-tax-2 coverage: TW listed-code prefix and name keywords,False
6861,ELEC,0.55,TW listed-code prefix 68 → ELEC,v2-tax-2 coverage: TW listed-code prefix and name keywords,False
6862,ELEC,0.55,TW listed-code prefix 68 → ELEC,v2-tax-2 coverage: TW listed-code prefix and name keywords,False
6863,ELEC,0.55,TW listed-code prefix 68 → ELEC,v2-tax-2 coverage: TW listed-code prefix and name keywords,False
6865,ELEC,0.55,TW listed-code prefix 68 → ELEC,v2-tax-2 coverage: TW listed-code prefix and name keywords,False
6870,ELEC,0.55,TW listed-code prefix 68 → ELEC,v2-tax-2 coverage: TW listed-code prefix and name keywords,False
6872,ELEC,0.55,TW listed-code prefix 68 → ELEC,v2-tax-2 coverage: TW listed-code prefix and name keywords,False
6873,ELEC,0.55,TW listed-code prefix 68 → ELEC,v2-tax-2 coverage: TW listed-code prefix and name keywords,False
6874,ELEC,0.55,TW listed-code prefix 68 → ELEC,v2-tax-2 coverage: TW listed-code prefix and name keywords,False
6875,ELEC,0.55,TW listed-code prefix 68 → ELEC,v2-tax-2 coverage: TW listed-code prefix and name keywords,False
6877,ELEC,0.55,TW listed-code prefix 68 → ELEC,v2-tax-2 coverage: TW listed-code prefix and name keywords,False
6881,ELEC,0.55,TW listed-code prefix 68 → ELEC,v2-tax-2 coverage: TW listed-code prefix and name keywords,False
6884,ELEC,0.55,TW listed-code prefix 68 → ELEC,v2-tax-2 coverage: TW listed-code prefix and name keywords,False
6885,ELEC,0.55,TW listed-code prefix 68 → ELEC,v2-tax-2 coverage: TW listed-code prefix and name keywords,False
6887,ELEC,0.55,TW listed-code prefix 68 → ELEC,v2-tax-2 coverage: TW listed-code prefix and name keywords,False
6890,ELEC,0.55,TW listed-code prefix 68 → ELEC,v2-tax-2 coverage: TW listed-code prefix and name keywords,False
6894,ELEC,0.55,TW listed-code prefix 68 → ELEC,v2-tax-2 coverage: TW listed-code prefix and name keywords,False
6895,ELEC,0.55,TW listed-code prefix 68 → ELEC,v2-tax-2 coverage: TW listed-code prefix and name keywords,False
6899,ELEC,0.55,TW listed-code prefix 68 → ELEC,v2-tax-2 coverage: TW listed-code prefix and name keywords,False
6901,ELEC,0.55,TW listed-code prefix 69 → ELEC,v2-tax-2 coverage: TW listed-code prefix and name keywords,False
6902,ELEC,0.55,TW listed-code prefix 69 → ELEC,v2-tax-2 coverage: TW listed-code prefix and name keywords,False
6903,ELEC,0.55,TW listed-code prefix 69 → ELEC,v2-tax-2 coverage: TW listed-code prefix and name keywords,False
6904,ELEC,0.55,TW listed-code prefix 69 → ELEC,v2-tax-2 coverage: TW listed-code prefix and name keywords,False
6906,ELEC,0.55,TW listed-code prefix 69 → ELEC,v2-tax-2 coverage: TW listed-code prefix and name keywords,False
6907,ELEC,0.55,TW listed-code prefix 69 → ELEC,v2-tax-2 coverage: TW listed-code prefix and name keywords,False
6908,ELEC,0.55,TW listed-code prefix 69 → ELEC,v2-tax-2 coverage: TW listed-code prefix and name keywords,False
6909,ELEC,0.55,TW listed-code prefix 69 → ELEC,v2-tax-2 coverage: TW listed-code prefix and name keywords,False
6910,ELEC,0.55,TW listed-code prefix 69 → ELEC,v2-tax-2 coverage: TW listed-code prefix and name keywords,False
6913,ELEC,0.55,TW listed-code prefix 69 → ELEC,v2-tax-2 coverage: TW listed-code prefix and name keywords,False
6914,ELEC,0.55,TW listed-code prefix 69 → ELEC,v2-tax-2 coverage: TW listed-code prefix and name keywords,False
6916,ELEC,0.55,TW listed-code prefix 69 → ELEC,v2-tax-2 coverage: TW listed-code prefix and name keywords,False
6918,ELEC,0.55,TW listed-code prefix 69 → ELEC,v2-tax-2 coverage: TW listed-code prefix and name keywords,False
6919,ELEC,0.55,TW listed-code prefix 69 → ELEC,v2-tax-2 coverage: TW listed-code prefix and name keywords,False
6921,ELEC,0.55,TW listed-code prefix 69 → ELEC,v2-tax-2 coverage: TW listed-code prefix and name keywords,False
6922,ELEC,0.55,TW listed-code prefix 69 → ELEC,v2-tax-2 coverage: TW listed-code prefix and name keywords,False
6923,ELEC,0.55,TW listed-code prefix 69 → ELEC,v2-tax-2 coverage: TW listed-code prefix and name keywords,False
6924,ELEC,0.55,TW listed-code prefix 69 → ELEC,v2-tax-2 coverage: TW listed-code prefix and name keywords,False
6925,ELEC,0.55,TW listed-code prefix 69 → ELEC,v2-tax-2 coverage: TW listed-code prefix and name keywords,False
6928,ELEC,0.55,TW listed-code prefix 69 → ELEC,v2-tax-2 coverage: TW listed-code prefix and name keywords,False
6929,ELEC,0.55,TW listed-code prefix 69 → ELEC,v2-tax-2 coverage: TW listed-code prefix and name keywords,False
6931,ELEC,0.55,TW listed-code prefix 69 → ELEC,v2-tax-2 coverage: TW listed-code prefix and name keywords,False
6933,ELEC,0.55,TW listed-code prefix 69 → ELEC,v2-tax-2 coverage: TW listed-code prefix and name keywords,False
6934,ELEC,0.55,TW listed-code prefix 69 → ELEC,v2-tax-2 coverage: TW listed-code prefix and name keywords,False
6936,ELEC,0.55,TW listed-code prefix 69 → ELEC,v2-tax-2 coverage: TW listed-code prefix and name keywords,False
6937,ELEC,0.55,TW listed-code prefix 69 → ELEC,v2-tax-2 coverage: TW listed-code prefix and name keywords,False
6944,ELEC,0.55,TW listed-code prefix 69 → ELEC,v2-tax-2 coverage: TW listed-code prefix and name keywords,False
6945,ELEC,0.55,TW listed-code prefix 69 → ELEC,v2-tax-2 coverage: TW listed-code prefix and name keywords,False
6947,ELEC,0.55,TW listed-code prefix 69 → ELEC,v2-tax-2 coverage: TW listed-code prefix and name keywords,False
6951,ELEC,0.55,TW listed-code prefix 69 → ELEC,v2-tax-2 coverage: TW listed-code prefix and name keywords,False
6952,ELEC,0.55,TW listed-code prefix 69 → ELEC,v2-tax-2 coverage: TW listed-code prefix and name keywords,False
6953,ELEC,0.55,TW listed-code prefix 69 → ELEC,v2-tax-2 coverage: TW listed-code prefix and name keywords,False
6955,ELEC,0.55,TW listed-code prefix 69 → ELEC,v2-tax-2 coverage: TW listed-code prefix and name keywords,False
6957,ELEC,0.55,TW listed-code prefix 69 → ELEC,v2-tax-2 coverage: TW listed-code prefix and name keywords,False
6958,ELEC,0.55,TW listed-code prefix 69 → ELEC,v2-tax-2 coverage: TW listed-code prefix and name keywords,False
6961,ELEC,0.55,TW listed-code prefix 69 → ELEC,v2-tax-2 coverage: TW listed-code prefix and name keywords,False
6962,ELEC,0.55,TW listed-code prefix 69 → ELEC,v2-tax-2 coverage: TW listed-code prefix and name keywords,False
6965,ELEC,0.55,TW listed-code prefix 69 → ELEC,v2-tax-2 coverage: TW listed-code prefix and name keywords,False
6967,ELEC,0.55,TW listed-code prefix 69 → ELEC,v2-tax-2 coverage: TW listed-code prefix and name keywords,False
6968,ELEC,0.55,TW listed-code prefix 69 → ELEC,v2-tax-2 coverage: TW listed-code prefix and name keywords,False
6969,ELEC,0.55,TW listed-code prefix 69 → ELEC,v2-tax-2 coverage: TW listed-code prefix and name keywords,False
6971,ELEC,0.55,TW listed-code prefix 69 → ELEC,v2-tax-2 coverage: TW listed-code prefix and name keywords,False
6982,ELEC,0.55,TW listed-code prefix 69 → ELEC,v2-tax-2 coverage: TW listed-code prefix and name keywords,False
6983,ELEC,0.55,TW listed-code prefix 69 → ELEC,v2-tax-2 coverage: TW listed-code prefix and name keywords,False
6986,ELEC,0.55,TW listed-code prefix 69 → ELEC,v2-tax-2 coverage: TW listed-code prefix and name keywords,False
6988,ELEC,0.55,TW listed-code prefix 69 → ELEC,v2-tax-2 coverage: TW listed-code prefix and name keywords,False
6994,ELEC,0.55,TW listed-code prefix 69 → ELEC,v2-tax-2 coverage: TW listed-code prefix and name keywords,False
6996,ELEC,0.55,TW listed-code prefix 69 → ELEC,v2-tax-2 coverage: TW listed-code prefix and name keywords,False
6997,ELEC,0.55,TW listed-code prefix 69 → ELEC,v2-tax-2 coverage: TW listed-code prefix and name keywords,False
7703,ELEC,0.55,TW listed-code prefix 77 → ELEC,v2-tax-2 coverage: TW listed-code prefix and name keywords,False
7704,ELEC,0.55,TW listed-code prefix 77 → ELEC,v2-tax-2 coverage: TW listed-code prefix and name keywords,False
7705,ELEC,0.55,TW listed-code prefix 77 → ELEC,v2-tax-2 coverage: TW listed-code prefix and name keywords,False
7708,ELEC,0.55,TW listed-code prefix 77 → ELEC,v2-tax-2 coverage: TW listed-code prefix and name keywords,False
7709,ELEC,0.55,TW listed-code prefix 77 → ELEC,v2-tax-2 coverage: TW listed-code prefix and name keywords,False
7711,ELEC,0.55,TW listed-code prefix 77 → ELEC,v2-tax-2 coverage: TW listed-code prefix and name keywords,False
7712,ELEC,0.55,TW listed-code prefix 77 → ELEC,v2-tax-2 coverage: TW listed-code prefix and name keywords,False
7713,ELEC,0.55,TW listed-code prefix 77 → ELEC,v2-tax-2 coverage: TW listed-code prefix and name keywords,False
7714,ELEC,0.55,TW listed-code prefix 77 → ELEC,v2-tax-2 coverage: TW listed-code prefix and name keywords,False
7715,ELEC,0.55,TW listed-code prefix 77 → ELEC,v2-tax-2 coverage: TW listed-code prefix and name keywords,False
7716,ELEC,0.55,TW listed-code prefix 77 → ELEC,v2-tax-2 coverage: TW listed-code prefix and name keywords,False
7717,ELEC,0.55,TW listed-code prefix 77 → ELEC,v2-tax-2 coverage: TW listed-code prefix and name keywords,False
7718,ELEC,0.55,TW listed-code prefix 77 → ELEC,v2-tax-2 coverage: TW listed-code prefix and name keywords,False
7721,ELEC,0.55,TW listed-code prefix 77 → ELEC,v2-tax-2 coverage: TW listed-code prefix and name keywords,False
7722,ELEC,0.55,TW listed-code prefix 77 → ELEC,v2-tax-2 coverage: TW listed-code prefix and name keywords,False
7723,ELEC,0.55,TW listed-code prefix 77 → ELEC,v2-tax-2 coverage: TW listed-code prefix and name keywords,False
7728,ELEC,0.55,TW listed-code prefix 77 → ELEC,v2-tax-2 coverage: TW listed-code prefix and name keywords,False
7730,ELEC,0.55,TW listed-code prefix 77 → ELEC,v2-tax-2 coverage: TW listed-code prefix and name keywords,False
7732,ELEC,0.55,TW listed-code prefix 77 → ELEC,v2-tax-2 coverage: TW listed-code prefix and name keywords,False
7734,ELEC,0.55,TW listed-code prefix 77 → ELEC,v2-tax-2 coverage: TW listed-code prefix and name keywords,False
7736,ELEC,0.55,TW listed-code prefix 77 → ELEC,v2-tax-2 coverage: TW listed-code prefix and name keywords,False
7738,ELEC,0.55,TW listed-code prefix 77 → ELEC,v2-tax-2 coverage: TW listed-code prefix and name keywords,False
7740,ELEC,0.55,TW listed-code prefix 77 → ELEC,v2-tax-2 coverage: TW listed-code prefix and name keywords,False
7743,ELEC,0.55,TW listed-code prefix 77 → ELEC,v2-tax-2 coverage: TW listed-code prefix and name keywords,False
7744,ELEC,0.55,TW listed-code prefix 77 → ELEC,v2-tax-2 coverage: TW listed-code prefix and name keywords,False
7747,ELEC,0.55,TW listed-code prefix 77 → ELEC,v2-tax-2 coverage: TW listed-code prefix and name keywords,False
7749,ELEC,0.55,TW listed-code prefix 77 → ELEC,v2-tax-2 coverage: TW listed-code prefix and name keywords,False
7750,ELEC,0.55,TW listed-code prefix 77 → ELEC,v2-tax-2 coverage: TW listed-code prefix and name keywords,False
7751,ELEC,0.55,TW listed-code prefix 77 → ELEC,v2-tax-2 coverage: TW listed-code prefix and name keywords,False
7753,ELEC,0.55,TW listed-code prefix 77 → ELEC,v2-tax-2 coverage: TW listed-code prefix and name keywords,False
7757,ELEC,0.55,TW listed-code prefix 77 → ELEC,v2-tax-2 coverage: TW listed-code prefix and name keywords,False
7760,ELEC,0.55,TW listed-code prefix 77 → ELEC,v2-tax-2 coverage: TW listed-code prefix and name keywords,False
7765,ELEC,0.55,TW listed-code prefix 77 → ELEC,v2-tax-2 coverage: TW listed-code prefix and name keywords,False
7767,ELEC,0.55,TW listed-code prefix 77 → ELEC,v2-tax-2 coverage: TW listed-code prefix and name keywords,False
7768,ELEC,0.55,TW listed-code prefix 77 → ELEC,v2-tax-2 coverage: TW listed-code prefix and name keywords,False
7769,ELEC,0.55,TW listed-code prefix 77 → ELEC,v2-tax-2 coverage: TW listed-code prefix and name keywords,False
7770,ELEC,0.55,TW listed-code prefix 77 → ELEC,v2-tax-2 coverage: TW listed-code prefix and name keywords,False
7772,ELEC,0.55,TW listed-code prefix 77 → ELEC,v2-tax-2 coverage: TW listed-code prefix and name keywords,False
7777,ELEC,0.55,TW listed-code prefix 77 → ELEC,v2-tax-2 coverage: TW listed-code prefix and name keywords,False
7780,ELEC,0.55,TW listed-code prefix 77 → ELEC,v2-tax-2 coverage: TW listed-code prefix and name keywords,False
7782,ELEC,0.55,TW listed-code prefix 77 → ELEC,v2-tax-2 coverage: TW listed-code prefix and name keywords,False
7786,ELEC,0.55,TW listed-code prefix 77 → ELEC,v2-tax-2 coverage: TW listed-code prefix and name keywords,False
7788,ELEC,0.55,TW listed-code prefix 77 → ELEC,v2-tax-2 coverage: TW listed-code prefix and name keywords,False
7791,ELEC,0.55,TW listed-code prefix 77 → ELEC,v2-tax-2 coverage: TW listed-code prefix and name keywords,False
7792,ELEC,0.55,TW listed-code prefix 77 → ELEC,v2-tax-2 coverage: TW listed-code prefix and name keywords,False
7794,ELEC,0.55,TW listed-code prefix 77 → ELEC,v2-tax-2 coverage: TW listed-code prefix and name keywords,False
7795,ELEC,0.55,TW listed-code prefix 77 → ELEC,v2-tax-2 coverage: TW listed-code prefix and name keywords,False
7799,ELEC,0.55,TW listed-code prefix 77 → ELEC,v2-tax-2 coverage: TW listed-code prefix and name keywords,False
7803,ELEC,0.55,TW listed-code prefix 78 → ELEC,v2-tax-2 coverage: TW listed-code prefix and name keywords,False
7805,ELEC,0.55,TW listed-code prefix 78 → ELEC,v2-tax-2 coverage: TW listed-code prefix and name keywords,False
7810,ELEC,0.55,TW listed-code prefix 78 → ELEC,v2-tax-2 coverage: TW listed-code prefix and name keywords,False
7811,ELEC,0.55,TW listed-code prefix 78 → ELEC,v2-tax-2 coverage: TW listed-code prefix and name keywords,False
7814,ELEC,0.55,TW listed-code prefix 78 → ELEC,v2-tax-2 coverage: TW listed-code prefix and name keywords,False
7818,ELEC,0.55,TW listed-code prefix 78 → ELEC,v2-tax-2 coverage: TW listed-code prefix and name keywords,False
7819,ELEC,0.55,TW listed-code prefix 78 → ELEC,v2-tax-2 coverage: TW listed-code prefix and name keywords,False
7820,ELEC,0.55,TW listed-code prefix 78 → ELEC,v2-tax-2 coverage: TW listed-code prefix and name keywords,False
7821,ELEC,0.55,TW listed-code prefix 78 → ELEC,v2-tax-2 coverage: TW listed-code prefix and name keywords,False
7822,ELEC,0.55,TW listed-code prefix 78 → ELEC,v2-tax-2 coverage: TW listed-code prefix and name keywords,False
7823,ELEC,0.55,TW listed-code prefix 78 → ELEC,v2-tax-2 coverage: TW listed-code prefix and name keywords,False
7827,ELEC,0.55,TW listed-code prefix 78 → ELEC,v2-tax-2 coverage: TW listed-code prefix and name keywords,False
7828,ELEC,0.55,TW listed-code prefix 78 → ELEC,v2-tax-2 coverage: TW listed-code prefix and name keywords,False
7835,ELEC,0.55,TW listed-code prefix 78 → ELEC,v2-tax-2 coverage: TW listed-code prefix and name keywords,False
7839,ELEC,0.55,TW listed-code prefix 78 → ELEC,v2-tax-2 coverage: TW listed-code prefix and name keywords,False
7842,ELEC,0.55,TW listed-code prefix 78 → ELEC,v2-tax-2 coverage: TW listed-code prefix and name keywords,False
8011,ELEC,0.55,TW listed-code prefix 80 → ELEC,v2-tax-2 coverage: TW listed-code prefix and name keywords,False
8021,ELEC,0.55,TW listed-code prefix 80 → ELEC,v2-tax-2 coverage: TW listed-code prefix and name keywords,False
8024,ELEC,0.55,TW listed-code prefix 80 → ELEC,v2-tax-2 coverage: TW listed-code prefix and name keywords,False
8027,ELEC,0.55,TW listed-code prefix 80 → ELEC,v2-tax-2 coverage: TW listed-code prefix and name keywords,False
8033,ELEC,0.55,TW listed-code prefix 80 → ELEC,v2-tax-2 coverage: TW listed-code prefix and name keywords,False
8034,ELEC,0.55,TW listed-code prefix 80 → ELEC,v2-tax-2 coverage: TW listed-code prefix and name keywords,False
8038,ELEC,0.55,TW listed-code prefix 80 → ELEC,v2-tax-2 coverage: TW listed-code prefix and name keywords,False
8039,ELEC,0.55,TW listed-code prefix 80 → ELEC,v2-tax-2 coverage: TW listed-code prefix and name keywords,False
8040,ELEC,0.55,TW listed-code prefix 80 → ELEC,v2-tax-2 coverage: TW listed-code prefix and name keywords,False
8042,ELEC,0.55,TW listed-code prefix 80 → ELEC,v2-tax-2 coverage: TW listed-code prefix and name keywords,False
8043,ELEC,0.55,TW listed-code prefix 80 → ELEC,v2-tax-2 coverage: TW listed-code prefix and name keywords,False
8044,ELEC,0.55,TW listed-code prefix 80 → ELEC,v2-tax-2 coverage: TW listed-code prefix and name keywords,False
8045,ELEC,0.55,TW listed-code prefix 80 → ELEC,v2-tax-2 coverage: TW listed-code prefix and name keywords,False
8047,ELEC,0.55,TW listed-code prefix 80 → ELEC,v2-tax-2 coverage: TW listed-code prefix and name keywords,False
8048,ELEC,0.55,TW listed-code prefix 80 → ELEC,v2-tax-2 coverage: TW listed-code prefix and name keywords,False
8049,ELEC,0.55,TW listed-code prefix 80 → ELEC,v2-tax-2 coverage: TW listed-code prefix and name keywords,False
8054,ELEC,0.55,TW listed-code prefix 80 → ELEC,v2-tax-2 coverage: TW listed-code prefix and name keywords,False
8059,ELEC,0.55,TW listed-code prefix 80 → ELEC,v2-tax-2 coverage: TW listed-code prefix and name keywords,False
8064,ELEC,0.55,TW listed-code prefix 80 → ELEC,v2-tax-2 coverage: TW listed-code prefix and name keywords,False
8066,ELEC,0.55,TW listed-code prefix 80 → ELEC,v2-tax-2 coverage: TW listed-code prefix and name keywords,False
8067,ELEC,0.55,TW listed-code prefix 80 → ELEC,v2-tax-2 coverage: TW listed-code prefix and name keywords,False
8068,ELEC,0.55,TW listed-code prefix 80 → ELEC,v2-tax-2 coverage: TW listed-code prefix and name keywords,False
8069,ELEC,0.55,TW listed-code prefix 80 → ELEC,v2-tax-2 coverage: TW listed-code prefix and name keywords,False
8070,ELEC,0.55,TW listed-code prefix 80 → ELEC,v2-tax-2 coverage: TW listed-code prefix and name keywords,False
8071,ELEC,0.55,TW listed-code prefix 80 → ELEC,v2-tax-2 coverage: TW listed-code prefix and name keywords,False
8072,ELEC,0.55,TW listed-code prefix 80 → ELEC,v2-tax-2 coverage: TW listed-code prefix and name keywords,False
8074,ELEC,0.55,TW listed-code prefix 80 → ELEC,v2-tax-2 coverage: TW listed-code prefix and name keywords,False
8076,ELEC,0.55,TW listed-code prefix 80 → ELEC,v2-tax-2 coverage: TW listed-code prefix and name keywords,False
8077,ELEC,0.55,TW listed-code prefix 80 → ELEC,v2-tax-2 coverage: TW listed-code prefix and name keywords,False
8080,ELEC,0.55,TW listed-code prefix 80 → ELEC,v2-tax-2 coverage: TW listed-code prefix and name keywords,False
8083,ELEC,0.55,TW listed-code prefix 80 → ELEC,v2-tax-2 coverage: TW listed-code prefix and name keywords,False
8084,ELEC,0.55,TW listed-code prefix 80 → ELEC,v2-tax-2 coverage: TW listed-code prefix and name keywords,False
8085,ELEC,0.55,TW listed-code prefix 80 → ELEC,v2-tax-2 coverage: TW listed-code prefix and name keywords,False
8087,ELEC,0.55,TW listed-code prefix 80 → ELEC,v2-tax-2 coverage: TW listed-code prefix and name keywords,False
8088,ELEC,0.55,TW listed-code prefix 80 → ELEC,v2-tax-2 coverage: TW listed-code prefix and name keywords,False
8089,ELEC,0.55,TW listed-code prefix 80 → ELEC,v2-tax-2 coverage: TW listed-code prefix and name keywords,False
8091,ELEC,0.55,TW listed-code prefix 80 → ELEC,v2-tax-2 coverage: TW listed-code prefix and name keywords,False
8092,ELEC,0.55,TW listed-code prefix 80 → ELEC,v2-tax-2 coverage: TW listed-code prefix and name keywords,False
8093,ELEC,0.55,TW listed-code prefix 80 → ELEC,v2-tax-2 coverage: TW listed-code prefix and name keywords,False
8096,ELEC,0.55,TW listed-code prefix 80 → ELEC,v2-tax-2 coverage: TW listed-code prefix and name keywords,False
8097,ELEC,0.55,TW listed-code prefix 80 → ELEC,v2-tax-2 coverage: TW listed-code prefix and name keywords,False
8099,ELEC,0.55,TW listed-code prefix 80 → ELEC,v2-tax-2 coverage: TW listed-code prefix and name keywords,False
8101,ELEC,0.55,TW listed-code prefix 81 → ELEC,v2-tax-2 coverage: TW listed-code prefix and name keywords,False
8102,ELEC,0.55,TW listed-code prefix 81 → ELEC,v2-tax-2 coverage: TW listed-code prefix and name keywords,False
8103,ELEC,0.55,TW listed-code prefix 81 → ELEC,v2-tax-2 coverage: TW listed-code prefix and name keywords,False
8104,ELEC,0.55,TW listed-code prefix 81 → ELEC,v2-tax-2 coverage: TW listed-code prefix and name keywords,False
8105,ELEC,0.55,TW listed-code prefix 81 → ELEC,v2-tax-2 coverage: TW listed-code prefix and name keywords,False
8107,ELEC,0.55,TW listed-code prefix 81 → ELEC,v2-tax-2 coverage: TW listed-code prefix and name keywords,False
8109,ELEC,0.55,TW listed-code prefix 81 → ELEC,v2-tax-2 coverage: TW listed-code prefix and name keywords,False
8110,ELEC,0.55,TW listed-code prefix 81 → ELEC,v2-tax-2 coverage: TW listed-code prefix and name keywords,False
8111,ELEC,0.55,TW listed-code prefix 81 → ELEC,v2-tax-2 coverage: TW listed-code prefix and name keywords,False
8114,ELEC,0.55,TW listed-code prefix 81 → ELEC,v2-tax-2 coverage: TW listed-code prefix and name keywords,False
8121,ELEC,0.55,TW listed-code prefix 81 → ELEC,v2-tax-2 coverage: TW listed-code prefix and name keywords,False
8131,ELEC,0.55,TW listed-code prefix 81 → ELEC,v2-tax-2 coverage: TW listed-code prefix and name keywords,False
8147,ELEC,0.55,TW listed-code prefix 81 → ELEC,v2-tax-2 coverage: TW listed-code prefix and name keywords,False
8150,ELEC,0.55,TW listed-code prefix 81 → ELEC,v2-tax-2 coverage: TW listed-code prefix and name keywords,False
8155,ELEC,0.55,TW listed-code prefix 81 → ELEC,v2-tax-2 coverage: TW listed-code prefix and name keywords,False
8162,ELEC,0.55,TW listed-code prefix 81 → ELEC,v2-tax-2 coverage: TW listed-code prefix and name keywords,False
8163,ELEC,0.55,TW listed-code prefix 81 → ELEC,v2-tax-2 coverage: TW listed-code prefix and name keywords,False
8171,ELEC,0.55,TW listed-code prefix 81 → ELEC,v2-tax-2 coverage: TW listed-code prefix and name keywords,False
8176,ELEC,0.55,TW listed-code prefix 81 → ELEC,v2-tax-2 coverage: TW listed-code prefix and name keywords,False
8182,ELEC,0.55,TW listed-code prefix 81 → ELEC,v2-tax-2 coverage: TW listed-code prefix and name keywords,False
8183,ELEC,0.55,TW listed-code prefix 81 → ELEC,v2-tax-2 coverage: TW listed-code prefix and name keywords,False
8201,ELEC,0.55,TW listed-code prefix 82 → ELEC,v2-tax-2 coverage: TW listed-code prefix and name keywords,False
8215,ELEC,0.55,TW listed-code prefix 82 → ELEC,v2-tax-2 coverage: TW listed-code prefix and name keywords,False
8222,ELEC,0.55,TW listed-code prefix 82 → ELEC,v2-tax-2 coverage: TW listed-code prefix and name keywords,False
8227,ELEC,0.55,TW listed-code prefix 82 → ELEC,v2-tax-2 coverage: TW listed-code prefix and name keywords,False
8234,ELEC,0.55,TW listed-code prefix 82 → ELEC,v2-tax-2 coverage: TW listed-code prefix and name keywords,False
8240,ELEC,0.55,TW listed-code prefix 82 → ELEC,v2-tax-2 coverage: TW listed-code prefix and name keywords,False
8249,ELEC,0.55,TW listed-code prefix 82 → ELEC,v2-tax-2 coverage: TW listed-code prefix and name keywords,False
8255,ELEC,0.55,TW listed-code prefix 82 → ELEC,v2-tax-2 coverage: TW listed-code prefix and name keywords,False
8261,ELEC,0.55,TW listed-code prefix 82 → ELEC,v2-tax-2 coverage: TW listed-code prefix and name keywords,False
8272,ELEC,0.55,TW listed-code prefix 82 → ELEC,v2-tax-2 coverage: TW listed-code prefix and name keywords,False
8277,ELEC,0.55,TW listed-code prefix 82 → ELEC,v2-tax-2 coverage: TW listed-code prefix and name keywords,False
8279,ELEC,0.55,TW listed-code prefix 82 → ELEC,v2-tax-2 coverage: TW listed-code prefix and name keywords,False
8284,ELEC,0.55,TW listed-code prefix 82 → ELEC,v2-tax-2 coverage: TW listed-code prefix and name keywords,False
8289,ELEC,0.55,TW listed-code prefix 82 → ELEC,v2-tax-2 coverage: TW listed-code prefix and name keywords,False
8291,ELEC,0.55,TW listed-code prefix 82 → ELEC,v2-tax-2 coverage: TW listed-code prefix and name keywords,False
8341,ELEC,0.55,TW listed-code prefix 83 → ELEC,v2-tax-2 coverage: TW listed-code prefix and name keywords,False
8342,ELEC,0.55,TW listed-code prefix 83 → ELEC,v2-tax-2 coverage: TW listed-code prefix and name keywords,False
8349,ELEC,0.55,TW listed-code prefix 83 → ELEC,v2-tax-2 coverage: TW listed-code prefix and name keywords,False
8354,ELEC,0.55,TW listed-code prefix 83 → ELEC,v2-tax-2 coverage: TW listed-code prefix and name keywords,False
8367,ELEC,0.55,TW listed-code prefix 83 → ELEC,v2-tax-2 coverage: TW listed-code prefix and name keywords,False
8374,ELEC,0.55,TW listed-code prefix 83 → ELEC,v2-tax-2 coverage: TW listed-code prefix and name keywords,False
8383,ELEC,0.55,TW listed-code prefix 83 → ELEC,v2-tax-2 coverage: TW listed-code prefix and name keywords,False
8390,ELEC,0.55,TW listed-code prefix 83 → ELEC,v2-tax-2 coverage: TW listed-code prefix and name keywords,False
2501,PROPERTY,0.55,TW listed-code prefix 25 → PROPERTY,v2-tax-2 coverage: TW listed-code prefix and name keywords,False
2505,PROPERTY,0.55,TW listed-code prefix 25 → PROPERTY,v2-tax-2 coverage: TW listed-code prefix and name keywords,False
2506,PROPERTY,0.55,TW listed-code prefix 25 → PROPERTY,v2-tax-2 coverage: TW listed-code prefix and name keywords,False
2509,PROPERTY,0.55,TW listed-code prefix 25 → PROPERTY,v2-tax-2 coverage: TW listed-code prefix and name keywords,False
2514,PROPERTY,0.55,TW listed-code prefix 25 → PROPERTY,v2-tax-2 coverage: TW listed-code prefix and name keywords,False
2516,PROPERTY,0.55,TW listed-code prefix 25 → PROPERTY,v2-tax-2 coverage: TW listed-code prefix and name keywords,False
2524,PROPERTY,0.55,TW listed-code prefix 25 → PROPERTY,v2-tax-2 coverage: TW listed-code prefix and name keywords,False
2527,PROPERTY,0.55,TW listed-code prefix 25 → PROPERTY,v2-tax-2 coverage: TW listed-code prefix and name keywords,False
2528,PROPERTY,0.55,TW listed-code prefix 25 → PROPERTY,v2-tax-2 coverage: TW listed-code prefix and name keywords,False
2530,PROPERTY,0.55,TW listed-code prefix 25 → PROPERTY,v2-tax-2 coverage: TW listed-code prefix and name keywords,False
2534,PROPERTY,0.55,TW listed-code prefix 25 → PROPERTY,v2-tax-2 coverage: TW listed-code prefix and name keywords,False
2536,PROPERTY,0.55,TW listed-code prefix 25 → PROPERTY,v2-tax-2 coverage: TW listed-code prefix and name keywords,False
2537,PROPERTY,0.55,TW listed-code prefix 25 → PROPERTY,v2-tax-2 coverage: TW listed-code prefix and name keywords,False
2538,PROPERTY,0.55,TW listed-code prefix 25 → PROPERTY,v2-tax-2 coverage: TW listed-code prefix and name keywords,False
2539,PROPERTY,0.55,TW listed-code prefix 25 → PROPERTY,v2-tax-2 coverage: TW listed-code prefix and name keywords,False
2540,PROPERTY,0.55,TW listed-code prefix 25 → PROPERTY,v2-tax-2 coverage: TW listed-code prefix and name keywords,False
2543,PROPERTY,0.55,TW listed-code prefix 25 → PROPERTY,v2-tax-2 coverage: TW listed-code prefix and name keywords,False
2545,PROPERTY,0.55,TW listed-code prefix 25 → PROPERTY,v2-tax-2 coverage: TW listed-code prefix and name keywords,False
2546,PROPERTY,0.55,TW listed-code prefix 25 → PROPERTY,v2-tax-2 coverage: TW listed-code prefix and name keywords,False
2596,PROPERTY,0.55,TW listed-code prefix 25 → PROPERTY,v2-tax-2 coverage: TW listed-code prefix and name keywords,False
5508,PROPERTY,0.55,TW listed-code prefix 55 → PROPERTY,v2-tax-2 coverage: TW listed-code prefix and name keywords,False
5511,PROPERTY,0.55,TW listed-code prefix 55 → PROPERTY,v2-tax-2 coverage: TW listed-code prefix and name keywords,False
5512,PROPERTY,0.55,TW listed-code prefix 55 → PROPERTY,v2-tax-2 coverage: TW listed-code prefix and name keywords,False
5514,PROPERTY,0.55,TW listed-code prefix 55 → PROPERTY,v2-tax-2 coverage: TW listed-code prefix and name keywords,False
5516,PROPERTY,0.55,TW listed-code prefix 55 → PROPERTY,v2-tax-2 coverage: TW listed-code prefix and name keywords,False
5519,PROPERTY,0.55,TW listed-code prefix 55 → PROPERTY,v2-tax-2 coverage: TW listed-code prefix and name keywords,False
5520,PROPERTY,0.55,TW listed-code prefix 55 → PROPERTY,v2-tax-2 coverage: TW listed-code prefix and name keywords,False
5521,PROPERTY,0.55,TW listed-code prefix 55 → PROPERTY,v2-tax-2 coverage: TW listed-code prefix and name keywords,False
5523,PROPERTY,0.55,TW listed-code prefix 55 → PROPERTY,v2-tax-2 coverage: TW listed-code prefix and name keywords,False
5525,PROPERTY,0.55,TW listed-code prefix 55 → PROPERTY,v2-tax-2 coverage: TW listed-code prefix and name keywords,False
5529,PROPERTY,0.55,TW listed-code prefix 55 → PROPERTY,v2-tax-2 coverage: TW listed-code prefix and name keywords,False
5530,PROPERTY,0.55,TW listed-code prefix 55 → PROPERTY,v2-tax-2 coverage: TW listed-code prefix and name keywords,False
5531,PROPERTY,0.55,TW listed-code prefix 55 → PROPERTY,v2-tax-2 coverage: TW listed-code prefix and name keywords,False
5533,PROPERTY,0.55,TW listed-code prefix 55 → PROPERTY,v2-tax-2 coverage: TW listed-code prefix and name keywords,False
5534,PROPERTY,0.55,TW listed-code prefix 55 → PROPERTY,v2-tax-2 coverage: TW listed-code prefix and name keywords,False
5536,PROPERTY,0.55,TW listed-code prefix 55 → PROPERTY,v2-tax-2 coverage: TW listed-code prefix and name keywords,False
5538,PROPERTY,0.55,TW listed-code prefix 55 → PROPERTY,v2-tax-2 coverage: TW listed-code prefix and name keywords,False
5543,PROPERTY,0.55,TW listed-code prefix 55 → PROPERTY,v2-tax-2 coverage: TW listed-code prefix and name keywords,False
5546,PROPERTY,0.55,TW listed-code prefix 55 → PROPERTY,v2-tax-2 coverage: TW listed-code prefix and name keywords,False
5547,PROPERTY,0.55,TW listed-code prefix 55 → PROPERTY,v2-tax-2 coverage: TW listed-code prefix and name keywords,False
5548,PROPERTY,0.55,TW listed-code prefix 55 → PROPERTY,v2-tax-2 coverage: TW listed-code prefix and name keywords,False
2601,SHIPPING,0.55,TW listed-code prefix 26 → SHIPPING,v2-tax-2 coverage: TW listed-code prefix and name keywords,False
2601,TRANSPORT,0.55,inherited from SHIPPING,v2-tax-2 coverage: TW listed-code prefix and name keywords,True
2607,SHIPPING,0.55,TW listed-code prefix 26 → SHIPPING,v2-tax-2 coverage: TW listed-code prefix and name keywords,False
2607,TRANSPORT,0.55,inherited from SHIPPING,v2-tax-2 coverage: TW listed-code prefix and name keywords,True
2608,SHIPPING,0.55,TW listed-code prefix 26 → SHIPPING,v2-tax-2 coverage: TW listed-code prefix and name keywords,False
2608,TRANSPORT,0.55,inherited from SHIPPING,v2-tax-2 coverage: TW listed-code prefix and name keywords,True
2611,SHIPPING,0.55,TW listed-code prefix 26 → SHIPPING,v2-tax-2 coverage: TW listed-code prefix and name keywords,False
2611,TRANSPORT,0.55,inherited from SHIPPING,v2-tax-2 coverage: TW listed-code prefix and name keywords,True
2613,SHIPPING,0.55,TW listed-code prefix 26 → SHIPPING,v2-tax-2 coverage: TW listed-code prefix and name keywords,False
2613,TRANSPORT,0.55,inherited from SHIPPING,v2-tax-2 coverage: TW listed-code prefix and name keywords,True
2614,SHIPPING,0.55,TW listed-code prefix 26 → SHIPPING,v2-tax-2 coverage: TW listed-code prefix and name keywords,False
2614,TRANSPORT,0.55,inherited from SHIPPING,v2-tax-2 coverage: TW listed-code prefix and name keywords,True
2616,SHIPPING,0.55,TW listed-code prefix 26 → SHIPPING,v2-tax-2 coverage: TW listed-code prefix and name keywords,False
2616,TRANSPORT,0.55,inherited from SHIPPING,v2-tax-2 coverage: TW listed-code prefix and name keywords,True
2630,SHIPPING,0.55,TW listed-code prefix 26 → SHIPPING,v2-tax-2 coverage: TW listed-code prefix and name keywords,False
2630,TRANSPORT,0.55,inherited from SHIPPING,v2-tax-2 coverage: TW listed-code prefix and name keywords,True
2633,SHIPPING,0.55,TW listed-code prefix 26 → SHIPPING,v2-tax-2 coverage: TW listed-code prefix and name keywords,False
2633,TRANSPORT,0.55,inherited from SHIPPING,v2-tax-2 coverage: TW listed-code prefix and name keywords,True
2636,SHIPPING,0.55,TW listed-code prefix 26 → SHIPPING,v2-tax-2 coverage: TW listed-code prefix and name keywords,False
2636,TRANSPORT,0.55,inherited from SHIPPING,v2-tax-2 coverage: TW listed-code prefix and name keywords,True
2640,SHIPPING,0.55,TW listed-code prefix 26 → SHIPPING,v2-tax-2 coverage: TW listed-code prefix and name keywords,False
2640,TRANSPORT,0.55,inherited from SHIPPING,v2-tax-2 coverage: TW listed-code prefix and name keywords,True
2641,SHIPPING,0.55,TW listed-code prefix 26 → SHIPPING,v2-tax-2 coverage: TW listed-code prefix and name keywords,False
2641,TRANSPORT,0.55,inherited from SHIPPING,v2-tax-2 coverage: TW listed-code prefix and name keywords,True
2642,SHIPPING,0.55,TW listed-code prefix 26 → SHIPPING,v2-tax-2 coverage: TW listed-code prefix and name keywords,False
2642,TRANSPORT,0.55,inherited from SHIPPING,v2-tax-2 coverage: TW listed-code prefix and name keywords,True
2643,SHIPPING,0.55,TW listed-code prefix 26 → SHIPPING,v2-tax-2 coverage: TW listed-code prefix and name keywords,False
2643,TRANSPORT,0.55,inherited from SHIPPING,v2-tax-2 coverage: TW listed-code prefix and name keywords,True
2645,SHIPPING,0.55,TW listed-code prefix 26 → SHIPPING,v2-tax-2 coverage: TW listed-code prefix and name keywords,False
2645,TRANSPORT,0.55,inherited from SHIPPING,v2-tax-2 coverage: TW listed-code prefix and name keywords,True
2701,TOURISM,0.55,TW listed-code prefix 27 → TOURISM,v2-tax-2 coverage: TW listed-code prefix and name keywords,False
2701,CONSUMER,0.55,inherited from TOURISM,v2-tax-2 coverage: TW listed-code prefix and name keywords,True
2702,TOURISM,0.55,TW listed-code prefix 27 → TOURISM,v2-tax-2 coverage: TW listed-code prefix and name keywords,False
2702,CONSUMER,0.55,inherited from TOURISM,v2-tax-2 coverage: TW listed-code prefix and name keywords,True
2704,TOURISM,0.55,TW listed-code prefix 27 → TOURISM,v2-tax-2 coverage: TW listed-code prefix and name keywords,False
2704,CONSUMER,0.55,inherited from TOURISM,v2-tax-2 coverage: TW listed-code prefix and name keywords,True
2705,TOURISM,0.55,TW listed-code prefix 27 → TOURISM,v2-tax-2 coverage: TW listed-code prefix and name keywords,False
2705,CONSUMER,0.55,inherited from TOURISM,v2-tax-2 coverage: TW listed-code prefix and name keywords,True
2706,TOURISM,0.55,TW listed-code prefix 27 → TOURISM,v2-tax-2 coverage: TW listed-code prefix and name keywords,False
2706,CONSUMER,0.55,inherited from TOURISM,v2-tax-2 coverage: TW listed-code prefix and name keywords,True
2712,TOURISM,0.55,TW listed-code prefix 27 → TOURISM,v2-tax-2 coverage: TW listed-code prefix and name keywords,False
2712,CONSUMER,0.55,inherited from TOURISM,v2-tax-2 coverage: TW listed-code prefix and name keywords,True
2718,TOURISM,0.55,TW listed-code prefix 27 → TOURISM,v2-tax-2 coverage: TW listed-code prefix and name keywords,False
2718,CONSUMER,0.55,inherited from TOURISM,v2-tax-2 coverage: TW listed-code prefix and name keywords,True
2719,TOURISM,0.55,TW listed-code prefix 27 → TOURISM,v2-tax-2 coverage: TW listed-code prefix and name keywords,False
2719,CONSUMER,0.55,inherited from TOURISM,v2-tax-2 coverage: TW listed-code prefix and name keywords,True
2723,TOURISM,0.55,TW listed-code prefix 27 → TOURISM,v2-tax-2 coverage: TW listed-code prefix and name keywords,False
2723,CONSUMER,0.55,inherited from TOURISM,v2-tax-2 coverage: TW listed-code prefix and name keywords,True
2724,TOURISM,0.55,TW listed-code prefix 27 → TOURISM,v2-tax-2 coverage: TW listed-code prefix and name keywords,False
2724,CONSUMER,0.55,inherited from TOURISM,v2-tax-2 coverage: TW listed-code prefix and name keywords,True
2726,TOURISM,0.55,TW listed-code prefix 27 → TOURISM,v2-tax-2 coverage: TW listed-code prefix and name keywords,False
2726,CONSUMER,0.55,inherited from TOURISM,v2-tax-2 coverage: TW listed-code prefix and name keywords,True
2732,TOURISM,0.55,TW listed-code prefix 27 → TOURISM,v2-tax-2 coverage: TW listed-code prefix and name keywords,False
2732,CONSUMER,0.55,inherited from TOURISM,v2-tax-2 coverage: TW listed-code prefix and name keywords,True
2734,TOURISM,0.55,TW listed-code prefix 27 → TOURISM,v2-tax-2 coverage: TW listed-code prefix and name keywords,False
2734,CONSUMER,0.55,inherited from TOURISM,v2-tax-2 coverage: TW listed-code prefix and name keywords,True
2736,TOURISM,0.55,TW listed-code prefix 27 → TOURISM,v2-tax-2 coverage: TW listed-code prefix and name keywords,False
2736,CONSUMER,0.55,inherited from TOURISM,v2-tax-2 coverage: TW listed-code prefix and name keywords,True
2739,TOURISM,0.55,TW listed-code prefix 27 → TOURISM,v2-tax-2 coverage: TW listed-code prefix and name keywords,False
2739,CONSUMER,0.55,inherited from TOURISM,v2-tax-2 coverage: TW listed-code prefix and name keywords,True
2740,TOURISM,0.55,TW listed-code prefix 27 → TOURISM,v2-tax-2 coverage: TW listed-code prefix and name keywords,False
2740,CONSUMER,0.55,inherited from TOURISM,v2-tax-2 coverage: TW listed-code prefix and name keywords,True
2743,TOURISM,0.55,TW listed-code prefix 27 → TOURISM,v2-tax-2 coverage: TW listed-code prefix and name keywords,False
2743,CONSUMER,0.55,inherited from TOURISM,v2-tax-2 coverage: TW listed-code prefix and name keywords,True
2745,TOURISM,0.55,TW listed-code prefix 27 → TOURISM,v2-tax-2 coverage: TW listed-code prefix and name keywords,False
2745,CONSUMER,0.55,inherited from TOURISM,v2-tax-2 coverage: TW listed-code prefix and name keywords,True
2748,TOURISM,0.55,TW listed-code prefix 27 → TOURISM,v2-tax-2 coverage: TW listed-code prefix and name keywords,False
2748,CONSUMER,0.55,inherited from TOURISM,v2-tax-2 coverage: TW listed-code prefix and name keywords,True
2751,TOURISM,0.55,TW listed-code prefix 27 → TOURISM,v2-tax-2 coverage: TW listed-code prefix and name keywords,False
2751,CONSUMER,0.55,inherited from TOURISM,v2-tax-2 coverage: TW listed-code prefix and name keywords,True
2752,TOURISM,0.55,TW listed-code prefix 27 → TOURISM,v2-tax-2 coverage: TW listed-code prefix and name keywords,False
2752,CONSUMER,0.55,inherited from TOURISM,v2-tax-2 coverage: TW listed-code prefix and name keywords,True
2753,TOURISM,0.55,TW listed-code prefix 27 → TOURISM,v2-tax-2 coverage: TW listed-code prefix and name keywords,False
2753,CONSUMER,0.55,inherited from TOURISM,v2-tax-2 coverage: TW listed-code prefix and name keywords,True
2754,TOURISM,0.55,TW listed-code prefix 27 → TOURISM,v2-tax-2 coverage: TW listed-code prefix and name keywords,False
2754,CONSUMER,0.55,inherited from TOURISM,v2-tax-2 coverage: TW listed-code prefix and name keywords,True
2755,TOURISM,0.55,TW listed-code prefix 27 → TOURISM,v2-tax-2 coverage: TW listed-code prefix and name keywords,False
2755,CONSUMER,0.55,inherited from TOURISM,v2-tax-2 coverage: TW listed-code prefix and name keywords,True
2756,TOURISM,0.55,TW listed-code prefix 27 → TOURISM,v2-tax-2 coverage: TW listed-code prefix and name keywords,False
2756,CONSUMER,0.55,inherited from TOURISM,v2-tax-2 coverage: TW listed-code prefix and name keywords,True
2762,TOURISM,0.55,TW listed-code prefix 27 → TOURISM,v2-tax-2 coverage: TW listed-code prefix and name keywords,False
2762,CONSUMER,0.55,inherited from TOURISM,v2-tax-2 coverage: TW listed-code prefix and name keywords,True
5701,TOURISM,0.55,TW listed-code prefix 57 → TOURISM,v2-tax-2 coverage: TW listed-code prefix and name keywords,False
5701,CONSUMER,0.55,inherited from TOURISM,v2-tax-2 coverage: TW listed-code prefix and name keywords,True
5703,TOURISM,0.55,TW listed-code prefix 57 → TOURISM,v2-tax-2 coverage: TW listed-code prefix and name keywords,False
5703,CONSUMER,0.55,inherited from TOURISM,v2-tax-2 coverage: TW listed-code prefix and name keywords,True
5704,TOURISM,0.55,TW listed-code prefix 57 → TOURISM,v2-tax-2 coverage: TW listed-code prefix and name keywords,False
5704,CONSUMER,0.55,inherited from TOURISM,v2-tax-2 coverage: TW listed-code prefix and name keywords,True
2820,FINANCIAL,0.55,TW listed-code prefix 28 → FINANCIAL,v2-tax-2 coverage: TW listed-code prefix and name keywords,False
5864,FINANCIAL,0.55,TW listed-code prefix 58 → FINANCIAL,v2-tax-2 coverage: TW listed-code prefix and name keywords,False
5878,FINANCIAL,0.55,TW listed-code prefix 58 → FINANCIAL,v2-tax-2 coverage: TW listed-code prefix and name keywords,False
2901,RETAIL,0.55,TW listed-code prefix 29 → RETAIL,v2-tax-2 coverage: TW listed-code prefix and name keywords,False
2901,CONSUMER,0.55,inherited from RETAIL,v2-tax-2 coverage: TW listed-code prefix and name keywords,True
2903,RETAIL,0.55,TW listed-code prefix 29 → RETAIL,v2-tax-2 coverage: TW listed-code prefix and name keywords,False
2903,CONSUMER,0.55,inherited from RETAIL,v2-tax-2 coverage: TW listed-code prefix and name keywords,True
2904,RETAIL,0.55,TW listed-code prefix 29 → RETAIL,v2-tax-2 coverage: TW listed-code prefix and name keywords,False
2904,CONSUMER,0.55,inherited from RETAIL,v2-tax-2 coverage: TW listed-code prefix and name keywords,True
2905,RETAIL,0.55,TW listed-code prefix 29 → RETAIL,v2-tax-2 coverage: TW listed-code prefix and name keywords,False
2905,CONSUMER,0.55,inherited from RETAIL,v2-tax-2 coverage: TW listed-code prefix and name keywords,True
2906,RETAIL,0.55,TW listed-code prefix 29 → RETAIL,v2-tax-2 coverage: TW listed-code prefix and name keywords,False
2906,CONSUMER,0.55,inherited from RETAIL,v2-tax-2 coverage: TW listed-code prefix and name keywords,True
2908,RETAIL,0.55,TW listed-code prefix 29 → RETAIL,v2-tax-2 coverage: TW listed-code prefix and name keywords,False
2908,CONSUMER,0.55,inherited from RETAIL,v2-tax-2 coverage: TW listed-code prefix and name keywords,True
2911,RETAIL,0.55,TW listed-code prefix 29 → RETAIL,v2-tax-2 coverage: TW listed-code prefix and name keywords,False
2911,CONSUMER,0.55,inherited from RETAIL,v2-tax-2 coverage: TW listed-code prefix and name keywords,True
2913,RETAIL,0.55,TW listed-code prefix 29 → RETAIL,v2-tax-2 coverage: TW listed-code prefix and name keywords,False
2913,CONSUMER,0.55,inherited from RETAIL,v2-tax-2 coverage: TW listed-code prefix and name keywords,True
2915,RETAIL,0.55,TW listed-code prefix 29 → RETAIL,v2-tax-2 coverage: TW listed-code prefix and name keywords,False
2915,CONSUMER,0.55,inherited from RETAIL,v2-tax-2 coverage: TW listed-code prefix and name keywords,True
2916,RETAIL,0.55,TW listed-code prefix 29 → RETAIL,v2-tax-2 coverage: TW listed-code prefix and name keywords,False
2916,CONSUMER,0.55,inherited from RETAIL,v2-tax-2 coverage: TW listed-code prefix and name keywords,True
2923,RETAIL,0.55,TW listed-code prefix 29 → RETAIL,v2-tax-2 coverage: TW listed-code prefix and name keywords,False
2923,CONSUMER,0.55,inherited from RETAIL,v2-tax-2 coverage: TW listed-code prefix and name keywords,True
2924,RETAIL,0.55,TW listed-code prefix 29 → RETAIL,v2-tax-2 coverage: TW listed-code prefix and name keywords,False
2924,CONSUMER,0.55,inherited from RETAIL,v2-tax-2 coverage: TW listed-code prefix and name keywords,True
2929,RETAIL,0.55,TW listed-code prefix 29 → RETAIL,v2-tax-2 coverage: TW listed-code prefix and name keywords,False
2929,CONSUMER,0.55,inherited from RETAIL,v2-tax-2 coverage: TW listed-code prefix and name keywords,True
2937,RETAIL,0.55,TW listed-code prefix 29 → RETAIL,v2-tax-2 coverage: TW listed-code prefix and name keywords,False
2937,CONSUMER,0.55,inherited from RETAIL,v2-tax-2 coverage: TW listed-code prefix and name keywords,True
2939,RETAIL,0.55,TW listed-code prefix 29 → RETAIL,v2-tax-2 coverage: TW listed-code prefix and name keywords,False
2939,CONSUMER,0.55,inherited from RETAIL,v2-tax-2 coverage: TW listed-code prefix and name keywords,True
2941,RETAIL,0.55,TW listed-code prefix 29 → RETAIL,v2-tax-2 coverage: TW listed-code prefix and name keywords,False
2941,CONSUMER,0.55,inherited from RETAIL,v2-tax-2 coverage: TW listed-code prefix and name keywords,True
2945,RETAIL,0.55,TW listed-code prefix 29 → RETAIL,v2-tax-2 coverage: TW listed-code prefix and name keywords,False
2945,CONSUMER,0.55,inherited from RETAIL,v2-tax-2 coverage: TW listed-code prefix and name keywords,True
2947,RETAIL,0.55,TW listed-code prefix 29 → RETAIL,v2-tax-2 coverage: TW listed-code prefix and name keywords,False
2947,CONSUMER,0.55,inherited from RETAIL,v2-tax-2 coverage: TW listed-code prefix and name keywords,True
2948,RETAIL,0.55,TW listed-code prefix 29 → RETAIL,v2-tax-2 coverage: TW listed-code prefix and name keywords,False
2948,CONSUMER,0.55,inherited from RETAIL,v2-tax-2 coverage: TW listed-code prefix and name keywords,True
2949,RETAIL,0.55,TW listed-code prefix 29 → RETAIL,v2-tax-2 coverage: TW listed-code prefix and name keywords,False
2949,CONSUMER,0.55,inherited from RETAIL,v2-tax-2 coverage: TW listed-code prefix and name keywords,True
5902,RETAIL,0.55,TW listed-code prefix 59 → RETAIL,v2-tax-2 coverage: TW listed-code prefix and name keywords,False
5902,CONSUMER,0.55,inherited from RETAIL,v2-tax-2 coverage: TW listed-code prefix and name keywords,True
5905,RETAIL,0.55,TW listed-code prefix 59 → RETAIL,v2-tax-2 coverage: TW listed-code prefix and name keywords,False
5905,CONSUMER,0.55,inherited from RETAIL,v2-tax-2 coverage: TW listed-code prefix and name keywords,True
5906,RETAIL,0.55,TW listed-code prefix 59 → RETAIL,v2-tax-2 coverage: TW listed-code prefix and name keywords,False
5906,CONSUMER,0.55,inherited from RETAIL,v2-tax-2 coverage: TW listed-code prefix and name keywords,True
5907,RETAIL,0.55,TW listed-code prefix 59 → RETAIL,v2-tax-2 coverage: TW listed-code prefix and name keywords,False
5907,CONSUMER,0.55,inherited from RETAIL,v2-tax-2 coverage: TW listed-code prefix and name keywords,True
3521,DEVELOPER,0.62,name keyword 建設 → DEVELOPER,v2-tax-2 coverage: TW listed-code prefix and name keywords,False
3521,PROPERTY,0.62,inherited from DEVELOPER,v2-tax-2 coverage: TW listed-code prefix and name keywords,True
5601,LOGISTICS,0.55,TW listed-code prefix 56 → LOGISTICS,v2-tax-2 coverage: TW listed-code prefix and name keywords,False
5601,TRANSPORT,0.55,inherited from LOGISTICS,v2-tax-2 coverage: TW listed-code prefix and name keywords,True
5603,LOGISTICS,0.55,TW listed-code prefix 56 → LOGISTICS,v2-tax-2 coverage: TW listed-code prefix and name keywords,False
5603,TRANSPORT,0.55,inherited from LOGISTICS,v2-tax-2 coverage: TW listed-code prefix and name keywords,True
5604,LOGISTICS,0.55,TW listed-code prefix 56 → LOGISTICS,v2-tax-2 coverage: TW listed-code prefix and name keywords,False
5604,TRANSPORT,0.55,inherited from LOGISTICS,v2-tax-2 coverage: TW listed-code prefix and name keywords,True
5609,LOGISTICS,0.55,TW listed-code prefix 56 → LOGISTICS,v2-tax-2 coverage: TW listed-code prefix and name keywords,False
5609,TRANSPORT,0.55,inherited from LOGISTICS,v2-tax-2 coverage: TW listed-code prefix and name keywords,True
6020,SECURITIES,0.55,TW listed-code prefix 60 → SECURITIES,v2-tax-2 coverage: TW listed-code prefix and name keywords,False
6020,FINANCIAL,0.55,inherited from SECURITIES,v2-tax-2 coverage: TW listed-code prefix and name keywords,True
6021,SECURITIES,0.55,TW listed-code prefix 60 → SECURITIES,v2-tax-2 coverage: TW listed-code prefix and name keywords,False
6021,FINANCIAL,0.55,inherited from SECURITIES,v2-tax-2 coverage: TW listed-code prefix and name keywords,True
6023,SECURITIES,0.55,TW listed-code prefix 60 → SECURITIES,v2-tax-2 coverage: TW listed-code prefix and name keywords,False
6023,FINANCIAL,0.55,inherited from SECURITIES,v2-tax-2 coverage: TW listed-code prefix and name keywords,True
6026,SECURITIES,0.55,TW listed-code prefix 60 → SECURITIES,v2-tax-2 coverage: TW listed-code prefix and name keywords,False
6026,FINANCIAL,0.55,inherited from SECURITIES,v2-tax-2 coverage: TW listed-code prefix and name keywords,True
6028,SECURITIES,0.55,TW listed-code prefix 60 → SECURITIES,v2-tax-2 coverage: TW listed-code prefix and name keywords,False
6028,FINANCIAL,0.55,inherited from SECURITIES,v2-tax-2 coverage: TW listed-code prefix and name keywords,True
6612,DEVICE,0.62,name keyword 醫材 → DEVICE,v2-tax-2 coverage: TW listed-code prefix and name keywords,False
6612,HEALTH,0.62,inherited from DEVICE,v2-tax-2 coverage: TW listed-code prefix and name keywords,True
7712,SEMI,0.62,name keyword 半導體 → SEMI,v2-tax-2 coverage: TW listed-code prefix and name keywords,False
9902,CONSUMER,0.55,TW listed-code prefix 99 → CONSUMER,v2-tax-2 coverage: TW listed-code prefix and name keywords,False
9905,CONSUMER,0.55,TW listed-code prefix 99 → CONSUMER,v2-tax-2 coverage: TW listed-code prefix and name keywords,False
9906,CONSUMER,0.55,TW listed-code prefix 99 → CONSUMER,v2-tax-2 coverage: TW listed-code prefix and name keywords,False
9908,CONSUMER,0.55,TW listed-code prefix 99 → CONSUMER,v2-tax-2 coverage: TW listed-code prefix and name keywords,False
9911,CONSUMER,0.55,TW listed-code prefix 99 → CONSUMER,v2-tax-2 coverage: TW listed-code prefix and name keywords,False
9912,CONSUMER,0.55,TW listed-code prefix 99 → CONSUMER,v2-tax-2 coverage: TW listed-code prefix and name keywords,False
9918,CONSUMER,0.55,TW listed-code prefix 99 → CONSUMER,v2-tax-2 coverage: TW listed-code prefix and name keywords,False
9919,CONSUMER,0.55,TW listed-code prefix 99 → CONSUMER,v2-tax-2 coverage: TW listed-code prefix and name keywords,False
9924,CONSUMER,0.55,TW listed-code prefix 99 → CONSUMER,v2-tax-2 coverage: TW listed-code prefix and name keywords,False
9925,CONSUMER,0.55,TW listed-code prefix 99 → CONSUMER,v2-tax-2 coverage: TW listed-code prefix and name keywords,False
9926,CONSUMER,0.55,TW listed-code prefix 99 → CONSUMER,v2-tax-2 coverage: TW listed-code prefix and name keywords,False
9927,CONSUMER,0.55,TW listed-code prefix 99 → CONSUMER,v2-tax-2 coverage: TW listed-code prefix and name keywords,False
9928,CONSUMER,0.55,TW listed-code prefix 99 → CONSUMER,v2-tax-2 coverage: TW listed-code prefix and name keywords,False
9929,CONSUMER,0.55,TW listed-code prefix 99 → CONSUMER,v2-tax-2 coverage: TW listed-code prefix and name keywords,False
9930,CONSUMER,0.55,TW listed-code prefix 99 → CONSUMER,v2-tax-2 coverage: TW listed-code prefix and name keywords,False
9931,CONSUMER,0.55,TW listed-code prefix 99 → CONSUMER,v2-tax-2 coverage: TW listed-code prefix and name keywords,False
9934,CONSUMER,0.55,TW listed-code prefix 99 → CONSUMER,v2-tax-2 coverage: TW listed-code prefix and name keywords,False
9935,CONSUMER,0.55,TW listed-code prefix 99 → CONSUMER,v2-tax-2 coverage: TW listed-code prefix and name keywords,False
9937,CONSUMER,0.55,TW listed-code prefix 99 → CONSUMER,v2-tax-2 coverage: TW listed-code prefix and name keywords,False
9938,CONSUMER,0.55,TW listed-code prefix 99 → CONSUMER,v2-tax-2 coverage: TW listed-code prefix and name keywords,False
9939,CONSUMER,0.55,TW listed-code prefix 99 → CONSUMER,v2-tax-2 coverage: TW listed-code prefix and name keywords,False
9940,CONSUMER,0.55,TW listed-code prefix 99 → CONSUMER,v2-tax-2 coverage: TW listed-code prefix and name keywords,False
9942,CONSUMER,0.55,TW listed-code prefix 99 → CONSUMER,v2-tax-2 coverage: TW listed-code prefix and name keywords,False
9943,CONSUMER,0.55,TW listed-code prefix 99 → CONSUMER,v2-tax-2 coverage: TW listed-code prefix and name keywords,False
9944,CONSUMER,0.55,TW listed-code prefix 99 → CONSUMER,v2-tax-2 coverage: TW listed-code prefix and name keywords,False
9945,CONSUMER,0.55,TW listed-code prefix 99 → CONSUMER,v2-tax-2 coverage: TW listed-code prefix and name keywords,False
9946,CONSUMER,0.55,TW listed-code prefix 99 → CONSUMER,v2-tax-2 coverage: TW listed-code prefix and name keywords,False
9949,CONSUMER,0.55,TW listed-code prefix 99 → CONSUMER,v2-tax-2 coverage: TW listed-code prefix and name keywords,False
9950,CONSUMER,0.55,TW listed-code prefix 99 → CONSUMER,v2-tax-2 coverage: TW listed-code prefix and name keywords,False
9951,CONSUMER,0.55,TW listed-code prefix 99 → CONSUMER,v2-tax-2 coverage: TW listed-code prefix and name keywords,False
9955,CONSUMER,0.55,TW listed-code prefix 99 → CONSUMER,v2-tax-2 coverage: TW listed-code prefix and name keywords,False
9958,CONSUMER,0.55,TW listed-code prefix 99 → CONSUMER,v2-tax-2 coverage: TW listed-code prefix and name keywords,False
9960,CONSUMER,0.55,TW listed-code prefix 99 → CONSUMER,v2-tax-2 coverage: TW listed-code prefix and name keywords,False
9962,CONSUMER,0.55,TW listed-code prefix 99 → CONSUMER,v2-tax-2 coverage: TW listed-code prefix and name keywords,False
